protocol,age_group,interval_ms,metric,n,mean,sd,sem,median,q1,q3,n_synapses
temporal,P10,2.0,soma_epsp_mV,12,1.7447855744486134,0.43275768924992186,0.12492638419116141,1.5750093425713345,1.545317775219523,2.020718925985374,
temporal,P10,2.0,temporal_linearity_ratio,12,0.9736024452728707,0.0013481950756623203,0.0003891903949268843,0.9738121619957165,0.9726125908137717,0.9746601796734975,
temporal,P10,2.0,temporal_gain_over_single,12,1.9472048905457413,0.0026963901513246407,0.0007783807898537686,1.947624323991433,1.9452251816275434,1.949320359346995,
temporal,P10,5.0,soma_epsp_mV,12,1.6920672948982407,0.4185698310713843,0.12083070232185995,1.5272367494028956,1.5006961114064088,1.9601859505884534,
temporal,P10,5.0,temporal_linearity_ratio,12,0.944306667820291,0.0012531025325928278,0.00036173954225733547,0.944825999773907,0.9433170325567457,0.9450415182618453,
temporal,P10,5.0,temporal_gain_over_single,12,1.888613335640582,0.0025062050651856555,0.0007234790845146709,1.889651999547814,1.8866340651134914,1.8900830365236907,
temporal,P10,10.0,soma_epsp_mV,12,1.5448864549514145,0.3817153227791621,0.11019172218017707,1.3944324254258618,1.3709590193552401,1.7899047337830967,
temporal,P10,10.0,temporal_linearity_ratio,12,0.8622207987691536,0.0013149556364753607,0.0003795949953457326,0.8625632441383703,0.8613850925322458,0.8628796919127699,
temporal,P10,10.0,temporal_gain_over_single,12,1.7244415975383072,0.0026299112729507215,0.0007591899906914652,1.7251264882767405,1.7227701850644916,1.7257593838255398,
temporal,P10,20.0,soma_epsp_mV,12,1.2895294245114417,0.3190461207558299,0.09210068185114212,1.163567872120531,1.1444016417813003,1.4943137351009703,
temporal,P10,20.0,temporal_linearity_ratio,12,0.7196516125530737,0.0008563769975952183,0.0002472147450447014,0.719869397068361,0.7191321504177016,0.7200733388421515,
temporal,P10,20.0,temporal_gain_over_single,12,1.4393032251061475,0.0017127539951904366,0.0004944294900894028,1.439738794136722,1.4382643008354032,1.440146677684303,
temporal,P10,50.0,soma_epsp_mV,12,0.9821362172650367,0.2438739032855396,0.07040033185511553,0.8857411098575909,0.8712364278949032,1.1384851002789382,
temporal,P10,50.0,temporal_linearity_ratio,12,0.547999442941015,0.0001870266237675688,5.3989935788916355e-05,0.5480610798010046,0.5478846925898251,0.5480859463678893,
temporal,P10,50.0,temporal_gain_over_single,12,1.09599888588203,0.0003740532475351376,0.00010797987157783271,1.0961221596020092,1.0957693851796502,1.0961718927357786,
temporal,P20,2.0,soma_epsp_mV,12,1.1319239786785846,0.2775797829489179,0.08013038120357782,1.062751759225236,0.9419257998084981,1.2273767169653809,
temporal,P20,2.0,temporal_linearity_ratio,12,0.9737433145535704,0.002184461367806963,0.0006305996793688441,0.9740290458449323,0.9732330507099324,0.9752244991844486,
temporal,P20,2.0,temporal_gain_over_single,12,1.9474866291071409,0.004368922735613926,0.0012611993587376882,1.9480580916898647,1.9464661014198648,1.9504489983688973,
temporal,P20,5.0,soma_epsp_mV,12,1.0996751646802931,0.2699145421403153,0.07791761678145281,1.0322966873445978,0.9136334066472749,1.192344684941684,
temporal,P20,5.0,temporal_linearity_ratio,12,0.94594210563815,0.0013261551426556844,0.000382828014299733,0.946182000603919,0.94570767714067,0.9467437512695351,
temporal,P20,5.0,temporal_gain_over_single,12,1.8918842112763,0.002652310285311369,0.000765656028599466,1.892364001207838,1.89141535428134,1.8934875025390703,
temporal,P20,10.0,soma_epsp_mV,12,1.005268122049389,0.24720591957485163,0.07136220210590478,0.9440742232089789,0.8339263170254227,1.0899745846677753,
temporal,P20,10.0,temporal_linearity_ratio,12,0.8646396133963855,0.0013063494656793192,0.0003771106078328394,0.8645607455859723,0.8639490820941007,0.8654596541877525,
temporal,P20,10.0,temporal_gain_over_single,12,1.729279226792771,0.0026126989313586383,0.0007542212156656788,1.7291214911719446,1.7278981641882014,1.730919308375505,
temporal,P20,20.0,soma_epsp_mV,12,0.8386036323481143,0.20626508284138945,0.059543600551448334,0.7874513813448374,0.6956751271877906,0.9092769648759926,
temporal,P20,20.0,temporal_linearity_ratio,12,0.7212775781813855,0.0008448880266205676,0.00024389816480223822,0.7211985049226883,0.7207965460960238,0.721722102255004,
temporal,P20,20.0,temporal_gain_over_single,12,1.442555156362771,0.0016897760532411353,0.00048779632960447645,1.4423970098453767,1.4415930921920477,1.443444204510008,
temporal,P20,50.0,soma_epsp_mV,12,0.6375476604217146,0.15689541796873602,0.045291805899434295,0.5982174923819201,0.5291112814936589,0.6913554713083307,
temporal,P20,50.0,temporal_linearity_ratio,12,0.5483343472782438,0.00015271445259402929,4.4084865157154576e-05,0.5483377281723163,0.5482524540648023,0.548385051754537,
temporal,P20,50.0,temporal_gain_over_single,12,1.0966686945564876,0.00030542890518805857,8.816973031430915e-05,1.0966754563446326,1.0965049081296045,1.096770103509074,
temporal,P50,2.0,soma_epsp_mV,11,1.2690543860225836,0.3704810053248466,0.11170422605601611,1.2630083785206525,1.0492403001071509,1.421012440030907,
temporal,P50,2.0,temporal_linearity_ratio,11,0.9737316885871139,0.002272811270629191,0.0006852783821789028,0.9732561588967439,0.9723803247694967,0.975259532712189,
temporal,P50,2.0,temporal_gain_over_single,11,1.9474633771742278,0.004545622541258382,0.0013705567643578056,1.9465123177934878,1.9447606495389933,1.950519065424378,
temporal,P50,5.0,soma_epsp_mV,11,1.2320765341913125,0.35911408892200275,0.10827697180769162,1.225742855973266,1.0188284881756005,1.3788117527363113,
temporal,P50,5.0,temporal_linearity_ratio,11,0.9454664522897737,0.0018374436020386882,0.0005540100910364941,0.9450271087679083,0.9443451880995324,0.9466002105892848,
temporal,P50,5.0,temporal_gain_over_single,11,1.8909329045795473,0.0036748872040773765,0.0011080201820729881,1.8900542175358166,1.8886903761990648,1.8932004211785696,
temporal,P50,10.0,soma_epsp_mV,11,1.1257277997247428,0.3275711051574356,0.09876640436084241,1.119629108870129,0.9310827924229486,1.2593147795512394,
temporal,P50,10.0,temporal_linearity_ratio,11,0.8639839855175591,0.002169330648299459,0.0006540778006025215,0.8638288346199657,0.8627597220086175,0.8645214972757626,
temporal,P50,10.0,temporal_gain_over_single,11,1.7279679710351181,0.004338661296598918,0.001308155601205043,1.7276576692399315,1.725519444017235,1.729042994551525,
temporal,P50,20.0,soma_epsp_mV,11,0.9393396973570186,0.2737457263642791,0.08253744202851034,0.934524232233116,0.7766860223072385,1.0508039186250642,
temporal,P50,20.0,temporal_linearity_ratio,11,0.7208458808889188,0.0013907774177717178,0.00041933516924074073,0.7206133463921027,0.7200874322881939,0.7211609033091044,
temporal,P50,20.0,temporal_gain_over_single,11,1.4416917617778375,0.0027815548355434355,0.0008386703384814815,1.4412266927842055,1.4401748645763879,1.4423218066182089,
temporal,P50,50.0,soma_epsp_mV,11,0.7146498705320606,0.20907382396420512,0.06303812977946215,0.7113296950612522,0.5904974870803272,0.7996106801614005,
temporal,P50,50.0,temporal_linearity_ratio,11,0.5482467955894407,0.00026561165650119457,8.008492768720227e-05,0.5481979643059404,0.5481121195952916,0.5483071727863551,
temporal,P50,50.0,temporal_gain_over_single,11,1.0964935911788813,0.0005312233130023891,0.00016016985537440454,1.0963959286118807,1.0962242391905832,1.0966143455727102,
spatial,P10,,soma_epsp_mV,12,0.9437681373711525,0.22101508006477544,0.0638015579851824,0.8621542964642401,0.8316616495919789,1.07897466972695,1.0
spatial,P10,,spatial_linearity_ratio,12,1.0,0.0,0.0,1.0,1.0,1.0,1.0
spatial,P10,,epsp_per_synapse_mV,12,0.9437681373711525,0.22101508006477544,0.0638015579851824,0.8621542964642401,0.8316616495919789,1.07897466972695,1.0
spatial,P10,,soma_epsp_mV,12,1.8650343957836977,0.43475241388183383,0.12550221159275818,1.708510958613374,1.6415344277876294,2.12996956951498,2.0
spatial,P10,,spatial_linearity_ratio,12,0.9919289767397276,0.001713109237386662,0.0004945320396782119,0.9924437712009844,0.9909541553010544,0.9928822274059116,2.0
spatial,P10,,epsp_per_synapse_mV,12,0.9325171978918488,0.21737620694091692,0.06275110579637909,0.854255479306687,0.8207672138938147,1.06498478475749,2.0
spatial,P10,,soma_epsp_mV,12,3.6413739856631318,0.846756636638905,0.24443758605078697,3.350188373120126,3.209433695481053,4.170037929849311,4.0
spatial,P10,,spatial_linearity_ratio,12,0.9773001636412652,0.004741959922225452,0.0013688859187916409,0.9790749944527204,0.9739635924596025,0.9799264027169604,4.0
spatial,P10,,epsp_per_synapse_mV,12,0.9103434964157829,0.21168915915972625,0.06110939651269674,0.8375470932800315,0.8023584238702632,1.0425094824623278,4.0
spatial,P10,,soma_epsp_mV,12,6.9929537414157155,1.5955423262992794,0.4605933957961654,6.482392237430446,6.13565106736872,8.001695305207498,8.0
spatial,P10,,spatial_linearity_ratio,12,0.9497174210984345,0.01080121223705375,0.0031180413963186313,0.9541182060181446,0.9437673276944434,0.9555552120977651,8.0
spatial,P10,,epsp_per_synapse_mV,12,0.8741192176769644,0.19944279078740992,0.05757417447452067,0.8102990296788057,0.76695638342109,1.0002119131509373,8.0
spatial,P20,,soma_epsp_mV,12,0.6556397337952546,0.18312245048941145,0.05286289804236281,0.6381100380347178,0.50045848812724,0.7225237308615,1.0
spatial,P20,,spatial_linearity_ratio,12,1.0,0.0,0.0,1.0,1.0,1.0,1.0
spatial,P20,,epsp_per_synapse_mV,12,0.6556397337952546,0.18312245048941145,0.05286289804236281,0.6381100380347178,0.50045848812724,0.7225237308615,1.0
spatial,P20,,soma_epsp_mV,12,1.2861773570971309,0.3521083361242463,0.10164492132262243,1.2543138182545093,0.9932875842313926,1.3996380214453978,2.0
spatial,P20,,spatial_linearity_ratio,12,0.9934880572820943,0.002914307949101712,0.0008412882394576698,0.9939476544035041,0.9930898747199843,0.9956415601358906,2.0
spatial,P20,,epsp_per_synapse_mV,12,0.6430886785485654,0.17605416806212315,0.050822460661311214,0.6271569091272546,0.4966437921156963,0.6998190107226989,2.0
spatial,P20,,soma_epsp_mV,12,2.5231018561853156,0.6868919126205337,0.19828861532782102,2.462853308677765,1.9617987534716084,2.7292748945038094,4.0
spatial,P20,,spatial_linearity_ratio,12,0.9828114478447113,0.005078271681271456,0.0014659707611000643,0.9834895300091244,0.9788175745708594,0.9872675009264815,4.0
spatial,P20,,epsp_per_synapse_mV,12,0.6307754640463289,0.17172297815513343,0.049572153831955255,0.6157133271694413,0.4904496883679021,0.6823187236259524,4.0
spatial,P20,,soma_epsp_mV,12,4.848795775834824,1.3026635340775614,0.37604657103159467,4.668844476714057,3.8264589086639096,5.268468726742103,8.0
spatial,P20,,spatial_linearity_ratio,12,0.9625362169219177,0.010737816567485256,0.003099740642873218,0.9644221603635261,0.9565928143541969,0.9717698917389471,8.0
spatial,P20,,epsp_per_synapse_mV,12,0.606099471979353,0.16283294175969518,0.04700582137894933,0.5836055595892571,0.4783073635829887,0.6585585908427629,8.0
spatial,P50,,soma_epsp_mV,11,0.7190126137581504,0.1752792710646091,0.05284868869530059,0.7179381925362378,0.6284062163897417,0.787477011535195,1.0
spatial,P50,,spatial_linearity_ratio,11,1.0,0.0,0.0,1.0,1.0,1.0,1.0
spatial,P50,,epsp_per_synapse_mV,11,0.7190126137581504,0.1752792710646091,0.05284868869530059,0.7179381925362378,0.6284062163897417,0.787477011535195,1.0
spatial,P50,,soma_epsp_mV,11,1.4211018543653557,0.34644579845141826,0.10445733851440402,1.420724969889335,1.2352747708623326,1.5593052434962615,2.0
spatial,P50,,spatial_linearity_ratio,11,0.9934802764957662,0.0012985323755968896,0.00039152224254397573,0.993264768858042,0.9928503481817933,0.9942778203632578,2.0
spatial,P50,,epsp_per_synapse_mV,11,0.7105509271826779,0.17322289922570913,0.05222866925720201,0.7103624849446675,0.6176373854311663,0.7796526217481308,2.0
spatial,P50,,soma_epsp_mV,11,2.771877225196802,0.6733356931790674,0.2030183502026211,2.755654464138914,2.414021988635554,3.0500342032002123,4.0
spatial,P50,,spatial_linearity_ratio,11,0.9812585543410516,0.004016713183995054,0.0012110845928895789,0.9805485936770564,0.9784373213014388,0.9844307238736727,4.0
spatial,P50,,epsp_per_synapse_mV,11,0.6929693062992005,0.16833392329476685,0.050754587550655275,0.6889136160347284,0.6035054971588885,0.7625085508000531,4.0
spatial,P50,,soma_epsp_mV,11,5.308832141847369,1.2969262853668126,0.39103798811919205,5.276010786545896,4.630184388482384,5.861650196328689,8.0
spatial,P50,,spatial_linearity_ratio,11,0.9587527199407547,0.009118004470257606,0.0027491817876934303,0.9591766962855792,0.9524463946332102,0.9666108664744251,8.0
spatial,P50,,epsp_per_synapse_mV,11,0.6636040177309211,0.16211578567085158,0.048879748514899006,0.659501348318237,0.578773048560298,0.7327062745410862,8.0
