protocol,site_class,class_name,segment_id,location,path_distance_um,radial_distance_um,branch_order,tree,terminal_type,n_synapses,n_events,interval_ms,soma_epsp_mV,normalised_to_proximal,summation_ratio,peak_time_ms,cell_id,age_group,linear_prediction_mV,component_segment_ids,component_single_epsps_mV,distal_single_epsp_mV,temporal_linearity_ratio,temporal_gain_over_single,protocol_type,spatial_linearity_ratio,epsp_per_synapse_mV
temporal,distal,distal,632.0,0.5,51.14999999999999,28.75020009503114,12.0,24.0,High,1,2,2.0,1.1646318032960323,1.7885175570154126,0.9682565703097332,29.024999999998887,NX15_26_P20,P20,,,,0.6014066100906916,0.9682565703097333,1.9365131406194667,temporal,,
temporal,distal,distal,632.0,0.5,51.14999999999999,28.75020009503114,12.0,24.0,High,1,2,5.0,1.1340095336202864,1.7414911347627045,0.9427976967606648,31.39999999999875,NX15_26_P20,P20,,,,0.6014066100906916,0.9427976967606647,1.8855953935213294,temporal,,
temporal,distal,distal,632.0,0.5,51.14999999999999,28.75020009503114,12.0,24.0,High,1,2,10.0,1.037724986256208,1.5936275757026024,0.8627482379182032,36.274999999999686,NX15_26_P20,P20,,,,0.6014066100906916,0.862748237918203,1.725496475836406,temporal,,
temporal,distal,distal,632.0,0.5,51.14999999999999,28.75020009503114,12.0,24.0,High,1,2,20.0,0.8664574873157704,1.3306131809950326,0.7203591320563548,46.72500000000206,NX15_26_P20,P20,,,,0.6014066100906916,0.7203591320563548,1.4407182641127096,temporal,,
temporal,distal,distal,632.0,0.5,51.14999999999999,28.75020009503114,12.0,24.0,High,1,2,50.0,0.6593590774815965,1.0125734872737,0.5481807702297832,77.55000000000906,NX15_26_P20,P20,,,,0.6014066100906916,0.5481807702297832,1.0963615404595664,temporal,,
temporal,distal,distal,375.0,0.5,38.65,28.96188270041524,14.0,12.0,Branch,1,2,2.0,1.1717580323769852,1.799100205212492,0.9739573528175594,29.29999999999887,NX16_1_P20,P20,,,,0.6015448361199844,0.9739573528175594,1.9479147056351187,temporal,,
temporal,distal,distal,375.0,0.5,38.65,28.96188270041524,14.0,12.0,Branch,1,2,5.0,1.1375907717302738,1.746640291183697,0.9455577568147966,31.674999999998736,NX16_1_P20,P20,,,,0.6015448361199844,0.9455577568147966,1.8911155136295932,temporal,,
temporal,distal,distal,375.0,0.5,38.65,28.96188270041524,14.0,12.0,Branch,1,2,10.0,1.0394649660542683,1.5959793592759173,0.8639962506859057,36.52499999999974,NX16_1_P20,P20,,,,0.6015448361199844,0.8639962506859057,1.7279925013718114,temporal,,
temporal,distal,distal,375.0,0.5,38.65,28.96188270041524,14.0,12.0,Branch,1,2,20.0,0.8672369604988859,1.3315429896702695,0.720841497113198,46.97500000000212,NX16_1_P20,P20,,,,0.6015448361199844,0.720841497113198,1.441682994226396,temporal,,
temporal,distal,distal,375.0,0.5,38.65,28.96188270041524,14.0,12.0,Branch,1,2,50.0,0.659598000215496,1.0127371562695304,0.5482533974274963,77.82500000000913,NX16_1_P20,P20,,,,0.6015448361199844,0.5482533974274963,1.0965067948549927,temporal,,
temporal,distal,distal,565.0,0.5,39.85,,11.0,13.0,High,1,2,2.0,1.0440588628156888,1.7444058514451282,0.974315165984244,29.57499999999885,NX16_2_P20,P20,,,,0.5357911378506515,0.974315165984244,1.948630331968488,temporal,,
temporal,distal,distal,565.0,0.5,39.85,,11.0,13.0,High,1,2,5.0,1.0144772257429082,1.6949810702925407,0.9467095982704437,31.899999999998723,NX16_2_P20,P20,,,,0.5357911378506515,0.9467095982704435,1.893419196540887,temporal,,
temporal,distal,distal,565.0,0.5,39.85,,11.0,13.0,High,1,2,10.0,0.9271657366471402,1.5491016779503368,0.8652305638784026,36.749999999999794,NX16_2_P20,P20,,,,0.5357911378506515,0.8652305638784026,1.7304611277568052,temporal,,
temporal,distal,distal,565.0,0.5,39.85,,11.0,13.0,High,1,2,20.0,0.773203529581906,1.2918627573575876,0.7215531155327095,47.225000000002176,NX16_2_P20,P20,,,,0.5357911378506515,0.7215531155327095,1.443106231065419,temporal,,
temporal,distal,distal,565.0,0.5,39.85,,11.0,13.0,High,1,2,50.0,0.5876353162896066,0.9818167545524282,0.5483809592735429,78.10000000000919,NX16_2_P20,P20,,,,0.5357911378506515,0.5483809592735429,1.0967619185470858,temporal,,
temporal,distal,distal,528.0,0.5,28.75,23.649126032217804,14.0,21.0,High,1,2,2.0,1.202983226502809,1.883492436407857,0.9763716335541496,28.92499999999889,NX18_15_P50,P50,,,,0.6160478168152821,0.9763716335541497,1.9527432671082994,temporal,,
temporal,distal,distal,528.0,0.5,28.75,23.649126032217804,14.0,21.0,High,1,2,5.0,1.1661952148079138,1.825894009221759,0.9465135521757638,31.27499999999876,NX18_15_P50,P50,,,,0.6160478168152821,0.9465135521757638,1.8930271043515277,temporal,,
temporal,distal,distal,528.0,0.5,28.75,23.649126032217804,14.0,21.0,High,1,2,10.0,1.0643197353394385,1.6663891293473188,0.8638288346199657,36.14999999999966,NX18_15_P50,P50,,,,0.6160478168152821,0.8638288346199657,1.7276576692399315,temporal,,
temporal,distal,distal,528.0,0.5,28.75,23.649126032217804,14.0,21.0,High,1,2,20.0,0.887864557625619,1.390115956731967,0.7206133463921027,46.600000000002034,NX18_15_P50,P50,,,,0.6160478168152821,0.7206133463921027,1.4412266927842055,temporal,,
temporal,distal,distal,528.0,0.5,28.75,23.649126032217804,14.0,21.0,High,1,2,50.0,0.6754539297973139,1.0575478858617595,0.5482155048362458,77.42500000000904,NX18_15_P50,P50,,,,0.6160478168152821,0.5482155048362458,1.0964310096724916,temporal,,
temporal,distal,distal,111.0,0.5,24.9,21.19818440968746,15.0,3.0,High,1,2,2.0,2.5539650699543017,1.8896979061219417,0.972756421609039,28.674999999998903,NX22_1_P10,P10,,,,1.3127464456774192,0.972756421609039,1.945512843218078,temporal,,
temporal,distal,distal,111.0,0.5,24.9,21.19818440968746,15.0,3.0,High,1,2,5.0,2.473889326911064,1.83044926339768,0.9422571034402828,31.04999999999877,NX22_1_P10,P10,,,,1.3127464456774192,0.9422571034402831,1.8845142068805663,temporal,,
temporal,distal,distal,111.0,0.5,24.9,21.19818440968746,15.0,3.0,High,1,2,10.0,2.257635328153583,1.670441308140164,0.859890093622981,35.924999999999606,NX22_1_P10,P10,,,,1.3127464456774192,0.859890093622981,1.719780187245962,temporal,,
temporal,distal,distal,111.0,0.5,24.9,21.19818440968746,15.0,3.0,High,1,2,20.0,1.885363192152852,1.3949943632370716,0.7180987609453949,46.37500000000198,NX22_1_P10,P10,,,,1.3127464456774192,0.718098760945395,1.43619752189079,temporal,,
temporal,distal,distal,111.0,0.5,24.9,21.19818440968746,15.0,3.0,High,1,2,50.0,1.4378611734415756,1.0638842640064772,0.5476538055677589,77.20000000000898,NX22_1_P10,P10,,,,1.3127464456774192,0.5476538055677589,1.0953076111355178,temporal,,
temporal,distal,distal,26.0,0.5,30.4,,13.0,1.0,High,1,2,2.0,1.6109432946243911,1.8488778584895864,0.9746501978963246,28.94999999999889,NX22_4_P10,P10,,,,0.8264212627778846,0.9746501978963243,1.9493003957926487,temporal,,
temporal,distal,distal,26.0,0.5,30.4,,13.0,1.0,High,1,2,5.0,1.561845556717742,1.792528438357642,0.944945167230962,31.32499999999876,NX22_4_P10,P10,,,,0.8264212627778846,0.944945167230962,1.889890334461924,temporal,,
temporal,distal,distal,26.0,0.5,30.4,,13.0,1.0,High,1,2,10.0,1.4256859915250857,1.6362582542075734,0.8625661365081939,36.19999999999967,NX22_4_P10,P10,,,,0.8264212627778846,0.8625661365081939,1.7251322730163878,temporal,,
temporal,distal,distal,26.0,0.5,30.4,,13.0,1.0,High,1,2,20.0,1.1897771142201066,1.365505893571559,0.7198369450350651,46.650000000002045,NX22_4_P10,P10,,,,0.8264212627778846,0.7198369450350651,1.4396738900701302,temporal,,
temporal,distal,distal,26.0,0.5,30.4,,13.0,1.0,High,1,2,50.0,0.9058278797723034,1.0396176675505318,0.5480424576247627,77.47500000000905,NX22_4_P10,P10,,,,0.8264212627778846,0.5480424576247627,1.0960849152495253,temporal,,
temporal,distal,distal,194.0,0.5,46.14999999999999,43.24332370380544,15.0,11.0,Branch,1,2,2.0,0.6984214786239704,1.639976426526007,0.9750713448906224,30.29999999999881,NX30_15_P50,P50,,,,0.3581386543065292,0.9750713448906226,1.9501426897812453,temporal,,
temporal,distal,distal,194.0,0.5,46.14999999999999,43.24332370380544,15.0,11.0,Branch,1,2,5.0,0.6794198050447164,1.5953582443991994,0.9485429691473684,32.59999999999885,NX30_15_P50,P50,,,,0.3581386543065292,0.9485429691473686,1.8970859382947372,temporal,,
temporal,distal,distal,194.0,0.5,46.14999999999999,43.24332370380544,15.0,11.0,Branch,1,2,10.0,0.6224262329232317,1.4615305807269774,0.8689738254146954,37.374999999999936,NX30_15_P50,P50,,,,0.3581386543065292,0.8689738254146955,1.737947650829391,temporal,,
temporal,distal,distal,194.0,0.5,46.14999999999999,43.24332370380544,15.0,11.0,Branch,1,2,20.0,0.5187297317169737,1.2180389031420602,0.724202380110854,47.87500000000232,NX30_15_P50,P50,,,,0.3581386543065292,0.7242023801108541,1.4484047602217083,temporal,,
temporal,distal,distal,194.0,0.5,46.14999999999999,43.24332370380544,15.0,11.0,Branch,1,2,50.0,0.3931520350615898,0.9231675847255434,0.5488824374778222,78.82500000000935,NX30_15_P50,P50,,,,0.3581386543065292,0.5488824374778223,1.0977648749556446,temporal,,
temporal,distal,distal,176.0,0.5,38.5,32.48774583470251,17.0,7.0,High,1,2,2.0,0.9375358775144916,1.8298756208535671,0.975410652401632,29.724999999998847,NX30_16_P50,P50,,,,0.4805852156761432,0.9754106524016319,1.9508213048032639,temporal,,
temporal,distal,distal,176.0,0.5,38.5,32.48774583470251,17.0,7.0,High,1,2,5.0,0.9099274262349724,1.7759896489803093,0.946686869002806,32.07499999999873,NX30_16_P50,P50,,,,0.4805852156761432,0.9466868690028059,1.8933737380056117,temporal,,
temporal,distal,distal,176.0,0.5,38.5,32.48774583470251,17.0,7.0,High,1,2,10.0,0.8312166154890122,1.6223624682653768,0.8647962820907421,36.92499999999984,NX30_16_P50,P50,,,,0.4805852156761432,0.8647962820907421,1.7295925641814842,temporal,,
temporal,distal,distal,176.0,0.5,38.5,32.48774583470251,17.0,7.0,High,1,2,20.0,0.6932988579236934,1.353175604803004,0.721306893459342,47.400000000002215,NX30_16_P50,P50,,,,0.4805852156761432,0.721306893459342,1.442613786918684,temporal,,
temporal,distal,distal,176.0,0.5,38.5,32.48774583470251,17.0,7.0,High,1,2,50.0,0.5270596701302566,1.0287111824065331,0.5483519394044692,78.25000000000922,NX30_16_P50,P50,,,,0.4805852156761432,0.5483519394044692,1.0967038788089385,temporal,,
temporal,distal,distal,40.0,0.5,42.75,39.02112263163118,14.0,1.0,High,1,2,2.0,1.5259644765796168,1.8723186496946909,0.969215425717917,28.374999999998924,NX34_1_P50,P50,,,,0.7872163587621941,0.969215425717917,1.938430851435834,temporal,,
temporal,distal,distal,40.0,0.5,42.75,39.02112263163118,14.0,1.0,High,1,2,5.0,1.4844280672097767,1.821354557739666,0.9428336001197096,30.74999999999879,NX34_1_P50,P50,,,,0.7872163587621941,0.9428336001197096,1.8856672002394192,temporal,,
temporal,distal,distal,40.0,0.5,42.75,39.02112263163118,14.0,1.0,High,1,2,10.0,1.3573811756355951,1.665471332323266,0.8621398428317208,35.62499999999954,NX34_1_P50,P50,,,,0.7872163587621941,0.8621398428317208,1.7242796856634417,temporal,,
temporal,distal,distal,40.0,0.5,42.75,39.02112263163118,14.0,1.0,High,1,2,20.0,1.1333781597974024,1.3906254688849626,0.7198644611371564,46.07500000000192,NX34_1_P50,P50,,,,0.7872163587621941,0.7198644611371564,1.4397289222743128,temporal,,
temporal,distal,distal,40.0,0.5,42.75,39.02112263163118,14.0,1.0,High,1,2,50.0,0.8628938242399755,1.0587482373457366,0.5480664969899606,76.90000000000892,NX34_1_P50,P50,,,,0.7872163587621941,0.5480664969899606,1.0961329939799211,temporal,,
temporal,distal,distal,25.0,0.5,31.550000000000008,12.505093207119284,17.0,1.0,High,1,2,2.0,1.5043537523677344,1.91505433853111,0.973256158896744,28.27499999999893,NX34_2_P50,P50,,,,0.772845739847682,0.9732561588967439,1.9465123177934878,temporal,,
temporal,distal,distal,25.0,0.5,31.550000000000008,12.505093207119284,17.0,1.0,High,1,2,5.0,1.4602039422908035,1.858851277781551,0.9446930137562712,30.649999999998798,NX34_2_P50,P50,,,,0.772845739847682,0.9446930137562711,1.8893860275125423,temporal,,
temporal,distal,distal,25.0,0.5,31.550000000000008,12.505093207119284,17.0,1.0,High,1,2,10.0,1.3335838931188562,1.6976629441664628,0.862774952593831,35.49999999999951,NX34_2_P50,P50,,,,0.772845739847682,0.862774952593831,1.725549905187662,temporal,,
temporal,distal,distal,25.0,0.5,31.550000000000008,12.505093207119284,17.0,1.0,High,1,2,20.0,1.112998794360763,1.4168563521483792,0.7200652969764192,45.950000000001886,NX34_2_P50,P50,,,,0.772845739847682,0.7200652969764192,1.4401305939528384,temporal,,
temporal,distal,distal,25.0,0.5,31.550000000000008,12.505093207119284,17.0,1.0,High,1,2,50.0,0.8471936069783936,1.0784842262441454,0.5481000691970979,76.77500000000889,NX34_2_P50,P50,,,,0.772845739847682,0.5481000691970979,1.0962001383941957,temporal,,
temporal,distal,distal,470.0,0.5,36.85,33.41512693913613,16.0,16.0,Branch,1,2,2.0,1.3376711276940796,1.760286060900837,0.975108413022746,29.699999999998848,NX44_28_P50,P50,,,,0.6859089255252258,0.9751084130227461,1.9502168260454922,temporal,,
temporal,distal,distal,470.0,0.5,36.85,33.41512693913613,16.0,16.0,Branch,1,2,5.0,1.297419563181819,1.707317684389247,0.9457666425526808,32.07499999999873,NX44_28_P50,P50,,,,0.6859089255252258,0.9457666425526808,1.8915332851053617,temporal,,
temporal,distal,distal,470.0,0.5,36.85,33.41512693913613,16.0,16.0,Branch,1,2,10.0,1.1850456659836226,1.5594411243351474,0.8638505943600234,36.92499999999984,NX44_28_P50,P50,,,,0.6859089255252258,0.8638505943600234,1.7277011887200469,temporal,,
temporal,distal,distal,470.0,0.5,36.85,33.41512693913613,16.0,16.0,Branch,1,2,20.0,0.9886090428893652,1.3009436189884278,0.7206562023758116,47.37500000000221,NX44_28_P50,P50,,,,0.6859089255252258,0.7206562023758116,1.4413124047516233,temporal,,
temporal,distal,distal,470.0,0.5,36.85,33.41512693913613,16.0,16.0,Branch,1,2,50.0,0.7520277533444073,0.9896184078553854,0.5481979643059404,78.25000000000922,NX44_28_P50,P50,,,,0.6859089255252258,0.5481979643059404,1.0963959286118807,temporal,,
temporal,distal,distal,33.0,0.5,26.3,,4.0,4.0,High,1,2,2.0,2.1108396281225765,1.915881550222705,0.9728370466585216,28.39999999999892,NX45_low_P50,P50,,,,1.084888592273927,0.9728370466585217,1.9456740933170433,temporal,,
temporal,distal,distal,33.0,0.5,26.3,,4.0,4.0,High,1,2,5.0,2.0467917913080527,1.8577491998300983,0.9433188835629546,30.774999999998787,NX45_low_P50,P50,,,,1.084888592273927,0.9433188835629546,1.8866377671259091,temporal,,
temporal,distal,distal,33.0,0.5,26.3,,4.0,4.0,High,1,2,10.0,1.86860827157858,1.6960227884745052,0.861198230346388,35.649999999999544,NX45_low_P50,P50,,,,1.084888592273927,0.8611982303463879,1.7223964606927757,temporal,,
temporal,distal,distal,33.0,0.5,26.3,,4.0,4.0,High,1,2,20.0,1.5600370582884864,1.4159513483726636,0.7189849120906727,46.10000000000192,NX45_low_P50,P50,,,,1.084888592273927,0.7189849120906727,1.4379698241813454,temporal,,
temporal,distal,distal,33.0,0.5,26.3,,4.0,4.0,High,1,2,50.0,1.188717219205941,1.0789267731979733,0.5478522069784092,76.92500000000892,NX45_low_P50,P50,,,,1.084888592273927,0.5478522069784092,1.0957044139568184,temporal,,
temporal,distal,distal,428.0,0.5,38.85000000000001,37.63280165100167,15.0,7.0,High,1,2,2.0,1.2630083785206525,1.801069502468826,0.9732272165466648,29.09999999999888,NX45_up_P50,P50,,,,0.6488764170623114,0.9732272165466651,1.9464544330933302,temporal,,
temporal,distal,distal,428.0,0.5,38.85000000000001,37.63280165100167,15.0,7.0,High,1,2,5.0,1.225742855973266,1.7479282903477504,0.9445117928022636,31.474999999998747,NX45_up_P50,P50,,,,0.6488764170623114,0.9445117928022635,1.889023585604527,temporal,,
temporal,distal,distal,428.0,0.5,38.85000000000001,37.63280165100167,15.0,7.0,High,1,2,10.0,1.119629108870129,1.5966084440582071,0.8627444914234039,36.3499999999997,NX45_up_P50,P50,,,,0.6488764170623114,0.862744491423404,1.725488982846808,temporal,,
temporal,distal,distal,428.0,0.5,38.85000000000001,37.63280165100167,15.0,7.0,High,1,2,20.0,0.934524232233116,1.3326460240624902,0.7201095675999687,46.80000000000208,NX45_up_P50,P50,,,,0.6488764170623114,0.7201095675999687,1.4402191351999374,temporal,,
temporal,distal,distal,428.0,0.5,38.85000000000001,37.63280165100167,15.0,7.0,High,1,2,50.0,0.7113296950612522,1.0143671584157448,0.5481241699934855,77.62500000000908,NX45_up_P50,P50,,,,0.6488764170623114,0.5481241699934855,1.096248339986971,temporal,,
temporal,distal,distal,317.0,0.5,46.4,33.26324284444391,13.0,15.0,High,1,2,2.0,1.2803397001081862,1.6758856225746557,0.9718080937087136,29.749999999998845,NX48_8_P50,P50,,,,0.658741015019757,0.9718080937087136,1.9436161874174271,temporal,,
temporal,distal,distal,317.0,0.5,46.4,33.26324284444391,13.0,15.0,High,1,2,5.0,1.2450562337019164,1.6297017433589545,0.9450271087679084,32.09999999999874,NX48_8_P50,P50,,,,0.658741015019757,0.9450271087679083,1.8900542175358166,temporal,,
temporal,distal,distal,317.0,0.5,46.4,33.26324284444391,13.0,15.0,High,1,2,10.0,1.1386295131878086,1.4903957367168943,0.864246712460783,36.92499999999984,NX48_8_P50,P50,,,,0.658741015019757,0.864246712460783,1.728493424921566,temporal,,
temporal,distal,distal,317.0,0.5,46.4,33.26324284444391,13.0,15.0,High,1,2,20.0,0.949924191477308,1.243392120777132,0.721014913158867,47.400000000002215,NX48_8_P50,P50,,,,0.658741015019757,0.721014913158867,1.442029826317734,temporal,,
temporal,distal,distal,317.0,0.5,46.4,33.26324284444391,13.0,15.0,High,1,2,50.0,0.7223258678728826,0.9454799665117284,0.5482624061682408,78.27500000000923,NX48_8_P50,P50,,,,0.658741015019757,0.5482624061682408,1.0965248123364817,temporal,,
temporal,distal,distal,398.0,0.5,32.3,,10.0,12.0,Branch,1,2,2.0,1.0782325574025862,1.8867240563798064,0.975062279553744,28.649999999998908,NX57_11_P20,P20,,,,0.5529044554446614,0.9750622795537441,1.9501245591074883,temporal,,
temporal,distal,distal,398.0,0.5,32.3,,10.0,12.0,Branch,1,2,5.0,1.0462051033360211,1.830681445129453,0.9460993604171932,31.024999999998773,NX57_11_P20,P20,,,,0.5529044554446614,0.9460993604171931,1.8921987208343862,temporal,,
temporal,distal,distal,398.0,0.5,32.3,,10.0,12.0,Branch,1,2,10.0,0.9552061151869112,1.6714486535870234,0.8638075763186854,35.8999999999996,NX57_11_P20,P20,,,,0.5529044554446614,0.8638075763186855,1.727615152637371,temporal,,
temporal,distal,distal,398.0,0.5,32.3,,10.0,12.0,Branch,1,2,20.0,0.796961308721805,1.3945470880526731,0.7207043648082617,46.35000000000198,NX57_11_P20,P20,,,,0.5529044554446614,0.7207043648082617,1.4414087296165234,temporal,,
temporal,distal,distal,398.0,0.5,32.3,,10.0,12.0,Branch,1,2,50.0,0.6062593195851775,1.0608509591115265,0.5482496239767201,77.17500000000898,NX57_11_P20,P20,,,,0.5529044554446614,0.5482496239767201,1.0964992479534401,temporal,,
temporal,distal,distal,569.0,0.5,35.050000000000004,22.37680804543608,11.0,13.0,Branch,1,2,2.0,1.1192149411711512,1.7710874806716008,0.9758523718794864,29.59999999999885,NX5_22_P10,P10,,,,0.5734550498737576,0.9758523718794865,1.951704743758973,temporal,,
temporal,distal,distal,569.0,0.5,35.050000000000004,22.37680804543608,11.0,13.0,Branch,1,2,5.0,1.0855636117349263,1.7178363614450396,0.9465115112107794,31.94999999999872,NX5_22_P10,P10,,,,0.5734550498737576,0.9465115112107794,1.8930230224215587,temporal,,
temporal,distal,distal,569.0,0.5,35.050000000000004,22.37680804543608,11.0,13.0,Branch,1,2,10.0,0.9915626853209574,1.569085788325364,0.8645513589419462,36.799999999999805,NX5_22_P10,P10,,,,0.5734550498737576,0.8645513589419462,1.7291027178838925,temporal,,
temporal,distal,distal,569.0,0.5,35.050000000000004,22.37680804543608,11.0,13.0,Branch,1,2,20.0,0.8270404684972164,1.3087396941211875,0.7211031350053364,47.27500000000219,NX5_22_P10,P10,,,,0.5734550498737576,0.7211031350053364,1.4422062700106728,temporal,,
temporal,distal,distal,569.0,0.5,35.050000000000004,22.37680804543608,11.0,13.0,Branch,1,2,50.0,0.6288480411541144,0.9951126025600447,0.5482975878340868,78.1250000000092,NX5_22_P10,P10,,,,0.5734550498737576,0.5482975878340868,1.0965951756681735,temporal,,
temporal,distal,distal,300.0,0.5,27.25,20.51104140289854,9.0,13.0,High,1,2,2.0,2.2076447466641014,1.8725015738609097,0.9735001071155708,28.749999999998906,NX5_9_P10,P10,,,,1.1338698016198665,0.9735001071155704,1.947000214231141,temporal,,
temporal,distal,distal,300.0,0.5,27.25,20.51104140289854,9.0,13.0,High,1,2,5.0,2.1390821453878743,1.8143474804580968,0.9432662120165578,31.124999999998767,NX5_9_P10,P10,,,,1.1338698016198665,0.9432662120165577,1.8865324240331154,temporal,,
temporal,distal,distal,300.0,0.5,27.25,20.51104140289854,9.0,13.0,High,1,2,10.0,1.9522530046493076,1.6558809243671877,0.8608805886973463,35.99999999999962,NX5_9_P10,P10,,,,1.1338698016198665,0.8608805886973462,1.7217611773946924,temporal,,
temporal,distal,distal,300.0,0.5,27.25,20.51104140289854,9.0,13.0,High,1,2,20.0,1.6299131886967189,1.3824756069576225,0.7187391296461888,46.450000000002,NX5_9_P10,P10,,,,1.1338698016198665,0.7187391296461887,1.4374782592923774,temporal,,
temporal,distal,distal,300.0,0.5,27.25,20.51104140289854,9.0,13.0,High,1,2,50.0,1.2422602201082924,1.0536723450693422,0.5477966775081132,77.275000000009,NX5_9_P10,P10,,,,1.1338698016198665,0.5477966775081131,1.0955933550162262,temporal,,
temporal,distal,distal,194.0,0.5,25.95,20.102396000194865,16.0,8.0,High,1,2,2.0,2.367623478208259,1.9014123363646012,0.972606013230586,28.524999999998915,NX64_1_P10,P10,,,,1.2171544520601998,0.972606013230586,1.945212026461172,temporal,,
temporal,distal,distal,194.0,0.5,25.95,20.102396000194865,16.0,8.0,High,1,2,5.0,2.294690134799069,1.8428403716215012,0.9426454181369476,30.89999999999878,NX64_1_P10,P10,,,,1.2171544520601998,0.9426454181369477,1.8852908362738954,temporal,,
temporal,distal,distal,194.0,0.5,25.95,20.102396000194865,16.0,8.0,High,1,2,10.0,2.0945956704338613,1.6821467112975237,0.860447770982751,35.74999999999957,NX64_1_P10,P10,,,,1.2171544520601998,0.860447770982751,1.720895541965502,temporal,,
temporal,distal,distal,194.0,0.5,25.95,20.102396000194865,16.0,8.0,High,1,2,20.0,1.7490147378376406,1.404614470846815,0.7184851252350081,46.22500000000195,NX64_1_P10,P10,,,,1.2171544520601998,0.7184851252350081,1.4369702504700161,temporal,,
temporal,distal,distal,194.0,0.5,25.95,20.102396000194865,16.0,8.0,High,1,2,50.0,1.333368999692425,1.0708139568120547,0.5477402631340321,77.05000000000895,NX64_1_P10,P10,,,,1.2171544520601998,0.5477402631340321,1.0954805262680642,temporal,,
temporal,distal,distal,342.0,0.5,38.74999999999999,32.87341772740593,19.0,7.0,High,1,2,2.0,1.5554569063630057,1.7266212561742562,0.9741242168758624,29.724999999998847,NX64_2_P10,P10,,,,0.7983873511283548,0.9741242168758625,1.948248433751725,temporal,,
temporal,distal,distal,342.0,0.5,38.74999999999999,32.87341772740593,19.0,7.0,High,1,2,5.0,1.5092038545060549,1.6752784628300967,0.945157668375575,32.07499999999873,NX64_2_P10,P10,,,,0.7983873511283548,0.9451576683755751,1.8903153367511503,temporal,,
temporal,distal,distal,342.0,0.5,38.74999999999999,32.87341772740593,19.0,7.0,High,1,2,10.0,1.3785660980632883,1.5302651704590415,0.8633441500012314,36.92499999999984,NX64_2_P10,P10,,,,0.7983873511283548,0.8633441500012314,1.7266883000024629,temporal,,
temporal,distal,distal,342.0,0.5,38.74999999999999,32.87341772740593,19.0,7.0,High,1,2,20.0,1.1501714653540205,1.2767377175166057,0.720309173065237,47.400000000002215,NX64_2_P10,P10,,,,0.7983873511283548,0.720309173065237,1.440618346130474,temporal,,
temporal,distal,distal,342.0,0.5,38.74999999999999,32.87341772740593,19.0,7.0,High,1,2,50.0,0.875213325222532,0.971522852760736,0.548113220973253,78.25000000000922,NX64_2_P10,P10,,,,0.7983873511283548,0.548113220973253,1.096226441946506,temporal,,
temporal,distal,distal,180.0,0.5,35.60000000000001,29.89489005917364,11.0,5.0,High,1,2,2.0,1.5488830291503035,1.9238001778495597,0.971274229912836,27.949999999998948,NX65_16_P10,P10,,,,0.7973458892702752,0.9712742299128359,1.9425484598256717,temporal,,
temporal,distal,distal,180.0,0.5,35.60000000000001,29.89489005917364,11.0,5.0,High,1,2,5.0,1.5048710863218415,1.8691348597800928,0.9436752020500716,30.324999999998813,NX65_16_P10,P10,,,,0.7973458892702752,0.9436752020500714,1.8873504041001428,temporal,,
temporal,distal,distal,180.0,0.5,35.60000000000001,29.89489005917364,11.0,5.0,High,1,2,10.0,1.3751227245619333,1.70798006840354,0.8623125440707012,35.19999999999944,NX65_16_P10,P10,,,,0.7973458892702752,0.8623125440707012,1.7246250881414025,temporal,,
temporal,distal,distal,180.0,0.5,35.60000000000001,29.89489005917364,11.0,5.0,High,1,2,20.0,1.1480016853974888,1.425882913670279,0.7198893860531037,45.62500000000181,NX65_16_P10,P10,,,,0.7973458892702752,0.7198893860531037,1.4397787721062074,temporal,,
temporal,distal,distal,180.0,0.5,35.60000000000001,29.89489005917364,11.0,5.0,High,1,2,50.0,0.8740072276704325,1.0855663264362707,0.54807282475007,76.45000000000881,NX65_16_P10,P10,,,,0.7973458892702752,0.54807282475007,1.09614564950014,temporal,,
temporal,distal,distal,138.0,0.5,34.95,29.955289883126767,8.0,9.0,High,1,2,2.0,1.3306444095855312,1.876769403895903,0.9726147833415002,28.299999999998928,NX65_5_P10,P10,,,,0.6840552047820978,0.9726147833415002,1.9452295666830004,temporal,,
temporal,distal,distal,138.0,0.5,34.95,29.955289883126767,8.0,9.0,High,1,2,5.0,1.292463251279102,1.8229178796279493,0.944706832316852,30.674999999998796,NX65_5_P10,P10,,,,0.6840552047820978,0.9447068323168519,1.8894136646337039,temporal,,
temporal,distal,distal,138.0,0.5,34.95,29.955289883126767,8.0,9.0,High,1,2,10.0,1.1807753525942672,1.6653908727678572,0.8630702203124067,35.54999999999952,NX65_5_P10,P10,,,,0.6840552047820978,0.8630702203124067,1.7261404406248133,temporal,,
temporal,distal,distal,138.0,0.5,34.95,29.955289883126767,8.0,9.0,High,1,2,20.0,0.9854775176785466,1.3899386192758036,0.7203201662594362,45.97500000000189,NX65_5_P10,P10,,,,0.6840552047820978,0.7203201662594362,1.4406403325188724,temporal,,
temporal,distal,distal,138.0,0.5,34.95,29.955289883126767,8.0,9.0,High,1,2,50.0,0.7499480981661151,1.0577428763154595,0.5481634325149292,76.8000000000089,NX65_5_P10,P10,,,,0.6840552047820978,0.5481634325149292,1.0963268650298583,temporal,,
temporal,distal,distal,550.0,0.5,50.900000000000006,22.58372836754665,18.0,16.0,Branch,1,2,2.0,1.047270961047886,1.5741214364354423,0.9736477864703524,30.424999999998807,NX6_29_P20,P20,,,,0.5378079093901249,0.9736477864703525,1.947295572940705,temporal,,
temporal,distal,distal,550.0,0.5,50.900000000000006,22.58372836754665,18.0,16.0,Branch,1,2,5.0,1.0183882713531744,1.530708735538182,0.9467955505786708,32.72499999999888,NX6_29_P20,P20,,,,0.5378079093901249,0.9467955505786708,1.8935911011573416,temporal,,
temporal,distal,distal,550.0,0.5,50.900000000000006,22.58372836754665,18.0,16.0,Branch,1,2,10.0,0.9329423312310468,1.40227751667956,0.867356462169741,37.52499999999997,NX6_29_P20,P20,,,,0.5378079093901249,0.867356462169741,1.734712924339482,temporal,,
temporal,distal,distal,550.0,0.5,50.900000000000006,22.58372836754665,18.0,16.0,Branch,1,2,20.0,0.7779414539678697,1.1693003668862223,0.7232521504286323,48.02500000000236,NX6_29_P20,P20,,,,0.5378079093901249,0.7232521504286323,1.4465043008572647,temporal,,
temporal,distal,distal,550.0,0.5,50.900000000000006,22.58372836754665,18.0,16.0,Branch,1,2,50.0,0.5901756651786627,0.8870752654983631,0.5486863012557057,78.95000000000938,NX6_29_P20,P20,,,,0.5378079093901249,0.5486863012557057,1.0973726025114114,temporal,,
temporal,distal,distal,1100.0,0.5,34.79999999999999,17.76191475349537,11.0,19.0,Branch,1,2,2.0,0.7357929119848592,1.816348053582699,0.9757111580765622,28.87499999999889,NX6_4_P20,P20,,,,0.3770546774494931,0.9757111580765623,1.9514223161531246,temporal,,
temporal,distal,distal,1100.0,0.5,34.79999999999999,17.76191475349537,11.0,19.0,Branch,1,2,5.0,0.7146540140886799,1.764165441568901,0.9476795499830504,31.22499999999876,NX6_4_P20,P20,,,,0.3770546774494931,0.9476795499830506,1.8953590999661012,temporal,,
temporal,distal,distal,1100.0,0.5,34.79999999999999,17.76191475349537,11.0,19.0,Branch,1,2,10.0,0.6527964988379154,1.6114665291505923,0.8656523017478785,36.07499999999964,NX6_4_P20,P20,,,,0.3770546774494931,0.8656523017478787,1.7313046034957573,temporal,,
temporal,distal,distal,1100.0,0.5,34.79999999999999,17.76191475349537,11.0,19.0,Branch,1,2,20.0,0.544342187524407,1.3437406866638184,0.7218345509018678,46.52500000000202,NX6_4_P20,P20,,,,0.3770546774494931,0.7218345509018679,1.4436691018037358,temporal,,
temporal,distal,distal,1100.0,0.5,34.79999999999999,17.76191475349537,11.0,19.0,Branch,1,2,50.0,0.4136067229037365,1.0210125075387784,0.5484704840442399,77.37500000000902,NX6_4_P20,P20,,,,0.3770546774494931,0.5484704840442399,1.0969409680884799,temporal,,
temporal,distal,distal,420.0,0.5,27.85,,9.0,28.0,High,1,2,2.0,1.5936325670793536,1.890754873060144,0.9746901250050168,28.524999999998915,NX72_1_P10,P10,,,,0.8175072908793197,0.9746901250050168,1.9493802500100337,temporal,,
temporal,distal,distal,420.0,0.5,27.85,,9.0,28.0,High,1,2,5.0,1.5450933603489003,1.8331658506242663,0.9450028015572688,30.89999999999878,NX72_1_P10,P10,,,,0.8175072908793197,0.9450028015572688,1.8900056031145376,temporal,,
temporal,distal,distal,420.0,0.5,27.85,,9.0,28.0,High,1,2,10.0,1.4102987527884352,1.673239675436803,0.8625603517685466,35.77499999999957,NX72_1_P10,P10,,,,0.8175072908793197,0.8625603517685466,1.7251207035370932,temporal,,
temporal,distal,distal,420.0,0.5,27.85,,9.0,28.0,High,1,2,20.0,1.1769642788870414,1.3964015242244872,0.7198494080836183,46.22500000000195,NX72_1_P10,P10,,,,0.8175072908793197,0.7198494080836183,1.4396988161672366,temporal,,
temporal,distal,distal,420.0,0.5,27.85,,9.0,28.0,High,1,2,50.0,0.8960729710927069,1.063139880365317,0.5480519752483681,77.05000000000895,NX72_1_P10,P10,,,,0.8175072908793197,0.5480519752483681,1.0961039504967363,temporal,,
temporal,distal,distal,354.0,0.5,30.500000000000004,22.91764506088029,17.0,13.0,Branch,1,2,2.0,1.5346220134271815,1.8599601400545231,0.974698558193774,28.899999999998894,NX72_2_P10,P10,,,,0.7872290363653605,0.9746985581937738,1.9493971163875476,temporal,,
temporal,distal,distal,354.0,0.5,30.500000000000004,22.91764506088029,17.0,13.0,Branch,1,2,5.0,1.4881711866601108,1.803661790686795,0.9451958184437677,31.27499999999876,NX72_2_P10,P10,,,,0.7872290363653605,0.9451958184437677,1.8903916368875353,temporal,,
temporal,distal,distal,354.0,0.5,30.500000000000004,22.91764506088029,17.0,13.0,Branch,1,2,10.0,1.3584679037351606,1.6464615588617164,0.8628161824462244,36.12499999999965,NX72_2_P10,P10,,,,0.7872290363653605,0.8628161824462244,1.7256323648924488,temporal,,
temporal,distal,distal,354.0,0.5,30.500000000000004,22.91764506088029,17.0,13.0,Branch,1,2,20.0,1.1336015109327349,1.3739237457774909,0.7199947274344564,46.600000000002034,NX72_2_P10,P10,,,,0.7872290363653605,0.7199947274344564,1.4399894548689127,temporal,,
temporal,distal,distal,354.0,0.5,30.500000000000004,22.91764506088029,17.0,13.0,Branch,1,2,50.0,0.8629240285683153,1.0458629440926464,0.5480768548327681,77.42500000000904,NX72_2_P10,P10,,,,0.7872290363653605,0.5480768548327681,1.0961537096655363,temporal,,
temporal,distal,distal,179.0,0.5,30.800000000000004,15.202787254725829,4.0,6.0,High,1,2,2.0,1.958410319092465,1.886204205485228,0.9720508323926096,28.47499999999892,NX73_19_P10,P10,,,,1.0073600339768376,0.9720508323926097,1.9441016647852194,temporal,,
temporal,distal,distal,179.0,0.5,30.800000000000004,15.202787254725829,4.0,6.0,High,1,2,5.0,1.900553885655313,1.8304809247203968,0.9433339727368084,30.824999999998784,NX73_19_P10,P10,,,,1.0073600339768376,0.9433339727368084,1.8866679454736168,temporal,,
temporal,distal,distal,179.0,0.5,30.800000000000004,15.202787254725829,4.0,6.0,High,1,2,10.0,1.7357886434943597,1.671790537087125,0.8615532604772123,35.699999999999555,NX73_19_P10,P10,,,,1.0073600339768376,0.8615532604772124,1.7231065209544247,temporal,,
temporal,distal,distal,179.0,0.5,30.800000000000004,15.202787254725829,4.0,6.0,High,1,2,20.0,1.4491139172357208,1.395685438475336,0.7192631573415392,46.15000000000193,NX73_19_P10,P10,,,,1.0073600339768376,0.7192631573415392,1.4385263146830785,temporal,,
temporal,distal,distal,179.0,0.5,30.800000000000004,15.202787254725829,4.0,6.0,High,1,2,50.0,1.1038933936691535,1.0631931119067033,0.5479140309503958,77.00000000000894,NX73_19_P10,P10,,,,1.0073600339768376,0.5479140309503958,1.0958280619007916,temporal,,
temporal,distal,distal,459.0,0.5,28.8,19.839885349068776,7.0,23.0,High,1,2,2.0,1.5563861180633154,1.933706446250291,0.9744114858218432,28.47499999999892,NX73_21_P10,P10,,,,0.798628782967711,0.9744114858218433,1.9488229716436867,temporal,,
temporal,distal,distal,459.0,0.5,28.8,19.839885349068776,7.0,23.0,High,1,2,5.0,1.5093801384568906,1.875304636620712,0.9449823063276168,30.87499999999878,NX73_21_P10,P10,,,,0.798628782967711,0.9449823063276168,1.8899646126552336,temporal,,
temporal,distal,distal,459.0,0.5,28.8,19.839885349068776,7.0,23.0,High,1,2,10.0,1.3778853040967365,1.7119310329244468,0.8626569274003019,35.72499999999956,NX73_21_P10,P10,,,,0.798628782967711,0.8626569274003021,1.7253138548006042,temporal,,
temporal,distal,distal,459.0,0.5,28.8,19.839885349068776,7.0,23.0,High,1,2,20.0,1.1499140172472124,1.428691840654187,0.7199302365324993,46.17500000000194,NX73_21_P10,P10,,,,0.798628782967711,0.7199302365324993,1.4398604730649986,temporal,,
temporal,distal,distal,459.0,0.5,28.8,19.839885349068776,7.0,23.0,High,1,2,50.0,0.8754092486224749,1.0876378859474891,0.5480701843536412,77.00000000000894,NX73_21_P10,P10,,,,0.798628782967711,0.5480701843536412,1.0961403687072824,temporal,,
temporal,distal,distal,218.0,0.5,28.950000000000003,20.78569446592843,4.0,17.0,High,1,2,2.0,0.955977278335368,1.912462465701537,0.9761784697618632,28.349999999998925,NX74_20_P20,P20,,,,0.4896529210322455,0.9761784697618635,1.952356939523727,temporal,,
temporal,distal,distal,218.0,0.5,28.950000000000003,20.78569446592843,4.0,17.0,High,1,2,5.0,0.92713477743429,1.8547621399298573,0.9467264848331564,30.74999999999879,NX74_20_P20,P20,,,,0.4896529210322455,0.9467264848331566,1.8934529696663132,temporal,,
temporal,distal,distal,218.0,0.5,28.950000000000003,20.78569446592843,4.0,17.0,High,1,2,10.0,0.8461754324614787,1.6928004364279807,0.8640563510553987,35.62499999999954,NX74_20_P20,P20,,,,0.4896529210322455,0.8640563510553988,1.7281127021107976,temporal,,
temporal,distal,distal,218.0,0.5,28.950000000000003,20.78569446592843,4.0,17.0,High,1,2,20.0,0.7059103597562881,1.4121957684334885,0.7208272731919444,46.05000000000191,NX74_20_P20,P20,,,,0.4896529210322455,0.7208272731919445,1.441654546383889,temporal,,
temporal,distal,distal,218.0,0.5,28.950000000000003,20.78569446592843,4.0,17.0,High,1,2,50.0,0.5369371464416304,1.0741595666359227,0.5482834099199329,76.87500000000891,NX74_20_P20,P20,,,,0.4896529210322455,0.5482834099199329,1.0965668198398657,temporal,,
temporal,distal,distal,204.0,0.5,37.8,33.82872029409337,8.0,15.0,High,1,2,2.0,0.8772503172740613,1.8352706039181892,0.9740088031437092,28.999999999998888,NX74_26_P20,P20,,,,0.4503297682950347,0.9740088031437093,1.9480176062874186,temporal,,
temporal,distal,distal,204.0,0.5,37.8,33.82872029409337,8.0,15.0,High,1,2,5.0,0.8522622728660707,1.7829938221965358,0.9462646407906448,31.374999999998757,NX74_26_P20,P20,,,,0.4503297682950347,0.9462646407906449,1.8925292815812897,temporal,,
temporal,distal,distal,204.0,0.5,37.8,33.82872029409337,8.0,15.0,High,1,2,10.0,0.7787204715491072,1.6291390974292497,0.8646113652417116,36.22499999999968,NX74_26_P20,P20,,,,0.4503297682950347,0.8646113652417116,1.7292227304834231,temporal,,
temporal,distal,distal,204.0,0.5,37.8,33.82872029409337,8.0,15.0,High,1,2,20.0,0.6496124699483516,1.3590358949536163,0.7212630783967587,46.700000000002056,NX74_26_P20,P20,,,,0.4503297682950347,0.7212630783967587,1.4425261567935175,temporal,,
temporal,distal,distal,204.0,0.5,37.8,33.82872029409337,8.0,15.0,High,1,2,50.0,0.493885401045091,1.0332436938398155,0.5483597086141558,77.52500000000906,NX74_26_P20,P20,,,,0.4503297682950347,0.5483597086141557,1.0967194172283115,temporal,,
temporal,distal,distal,140.0,0.5,47.150000000000006,35.57777510800629,16.0,13.0,Branch,1,2,2.0,1.394232770730568,1.8451638827919823,0.971988843428672,29.67499999999885,NX7_19_P20,P20,,,,0.7172061593898746,0.9719888434286719,1.9439776868573437,temporal,,
temporal,distal,distal,140.0,0.5,47.150000000000006,35.57777510800629,16.0,13.0,Branch,1,2,5.0,1.356606424575915,1.7953681984389205,0.9457576505826278,31.97499999999872,NX7_19_P20,P20,,,,0.7172061593898746,0.9457576505826278,1.8915153011652557,temporal,,
temporal,distal,distal,140.0,0.5,47.150000000000006,35.57777510800629,16.0,13.0,Branch,1,2,10.0,1.2415034405082963,1.643037917970858,0.8655136492165935,36.799999999999805,NX7_19_P20,P20,,,,0.7172061593898746,0.8655136492165935,1.731027298433187,temporal,,
temporal,distal,distal,140.0,0.5,47.150000000000006,35.57777510800629,16.0,13.0,Branch,1,2,20.0,1.035396978007313,1.3702712691009136,0.7218266076298915,47.27500000000219,NX7_19_P20,P20,,,,0.7172061593898746,0.7218266076298915,1.443653215259783,temporal,,
temporal,distal,distal,140.0,0.5,47.150000000000006,35.57777510800629,16.0,13.0,Branch,1,2,50.0,0.7866278845868351,1.0410437857346695,0.5483973291975193,78.1750000000092,NX7_19_P20,P20,,,,0.7172061593898746,0.5483973291975193,1.0967946583950385,temporal,,
temporal,distal,distal,285.0,0.5,39.0,34.69897416080711,9.0,15.0,High,1,2,2.0,1.5972099066685246,1.7975314223660055,0.9719764008917012,29.09999999999888,NX83_11_P20,P20,,,,0.8216299825814843,0.9719764008917012,1.9439528017834025,temporal,,
temporal,distal,distal,285.0,0.5,39.0,34.69897416080711,9.0,15.0,High,1,2,5.0,1.5514323467143782,1.7460124566287747,0.9441186297997082,31.44999999999875,NX83_11_P20,P20,,,,0.8216299825814843,0.9441186297997082,1.8882372595994164,temporal,,
temporal,distal,distal,285.0,0.5,39.0,34.69897416080711,9.0,15.0,High,1,2,10.0,1.417723883648435,1.595534324234385,0.8627508207490673,36.3249999999997,NX83_11_P20,P20,,,,0.8216299825814843,0.8627508207490673,1.7255016414981346,temporal,,
temporal,distal,distal,285.0,0.5,39.0,34.69897416080711,9.0,15.0,High,1,2,20.0,1.18322600133925,1.3316257983924369,0.7200479695383467,46.77500000000207,NX83_11_P20,P20,,,,0.8216299825814843,0.7200479695383467,1.4400959390766934,temporal,,
temporal,distal,distal,285.0,0.5,39.0,34.69897416080711,9.0,15.0,High,1,2,50.0,0.9006292568874272,1.0135858677047855,0.5480747270551974,77.62500000000908,NX83_11_P20,P20,,,,0.8216299825814843,0.5480747270551974,1.0961494541103949,temporal,,
temporal,distal,distal,158.0,0.5,42.35,16.578715395536975,11.0,4.0,High,1,2,2.0,1.0736360345024425,1.8255212031962045,0.9719236028804712,28.899999999998894,NX90_20_P50,P50,,,,0.5523253223404225,0.9719236028804715,1.943847205760943,temporal,,
temporal,distal,distal,158.0,0.5,42.35,16.578715395536975,11.0,4.0,High,1,2,5.0,1.0429874808431236,1.7734089577476695,0.9441785833968014,31.27499999999876,NX90_20_P50,P50,,,,0.5523253223404225,0.9441785833968014,1.8883571667936028,temporal,,
temporal,distal,distal,158.0,0.5,42.35,16.578715395536975,11.0,4.0,High,1,2,10.0,0.9531461257794688,1.6206502077411211,0.8628484764564196,36.17499999999966,NX90_20_P50,P50,,,,0.5523253223404225,0.8628484764564195,1.725696952912839,temporal,,
temporal,distal,distal,158.0,0.5,42.35,16.578715395536975,11.0,4.0,High,1,2,20.0,0.795659079026251,1.352872363259601,0.7202811883173547,46.600000000002034,NX90_20_P50,P50,,,,0.5523253223404225,0.7202811883173547,1.4405623766347093,temporal,,
temporal,distal,distal,158.0,0.5,42.35,16.578715395536975,11.0,4.0,High,1,2,50.0,0.6055429711691573,1.0296147835872678,0.5481759994302184,77.40000000000903,NX90_20_P50,P50,,,,0.5523253223404225,0.5481759994302184,1.0963519988604369,temporal,,
temporal,distal,distal,204.0,0.5,39.14999999999999,32.63595577346442,15.0,5.0,Branch,1,2,2.0,1.0248445657118594,1.827666712125496,0.9768189861800716,30.474999999998804,NX90_22_P50,P50,,,,0.5245826402901912,0.9768189861800716,1.9536379723601431,temporal,,
temporal,distal,distal,204.0,0.5,39.14999999999999,32.63595577346442,15.0,5.0,Branch,1,2,5.0,0.9946694955080772,1.7738537016528344,0.9480579599029824,32.77499999999889,NX90_22_P50,P50,,,,0.5245826402901912,0.9480579599029821,1.8961159198059643,temporal,,
temporal,distal,distal,204.0,0.5,39.14999999999999,32.63595577346442,15.0,5.0,Branch,1,2,10.0,0.9090194590664282,1.621108860401708,0.8664215980951756,37.59999999999999,NX90_22_P50,P50,,,,0.5245826402901912,0.8664215980951756,1.7328431961903512,temporal,,
temporal,distal,distal,204.0,0.5,39.14999999999999,32.63595577346442,15.0,5.0,Branch,1,2,20.0,0.757712965588226,1.3512749258611467,0.7222055281595581,48.100000000002375,NX90_22_P50,P50,,,,0.5245826402901912,0.7222055281595581,1.4444110563191161,temporal,,
temporal,distal,distal,204.0,0.5,39.14999999999999,32.63595577346442,15.0,5.0,Branch,1,2,50.0,0.5754520029914971,1.0262380320697349,0.5484855567019581,79.0000000000094,NX90_22_P50,P50,,,,0.5245826402901912,0.5484855567019581,1.0969711134039162,temporal,,
temporal,distal,distal,309.0,0.5,46.24999999999999,12.990810822347097,16.0,9.0,High,1,2,2.0,1.6169009779825672,1.6494479682351422,0.9740492885461552,30.499999999998803,NX93_low_P20,P20,,,,0.8299893018739937,0.9740492885461552,1.9480985770923105,temporal,,
temporal,distal,distal,309.0,0.5,46.24999999999999,12.990810822347097,16.0,9.0,High,1,2,5.0,1.570211940415291,1.6018191157556998,0.9459229997723968,32.799999999998896,NX93_low_P20,P20,,,,0.8299893018739937,0.9459229997723968,1.8918459995447936,temporal,,
temporal,distal,distal,309.0,0.5,46.24999999999999,12.990810822347097,16.0,9.0,High,1,2,10.0,1.4366146314946064,1.4655325943412252,0.8654416558448055,37.59999999999999,NX93_low_P20,P20,,,,0.8299893018739937,0.8654416558448055,1.730883311689611,temporal,,
temporal,distal,distal,309.0,0.5,46.24999999999999,12.990810822347097,16.0,9.0,High,1,2,20.0,1.197985422033227,1.222099959895831,0.7216872671300415,48.12500000000238,NX93_low_P20,P20,,,,0.8299893018739937,0.7216872671300415,1.443374534260083,temporal,,
temporal,distal,distal,309.0,0.5,46.24999999999999,12.990810822347097,16.0,9.0,High,1,2,50.0,0.9102244477955708,0.928546575516108,0.5483350482593077,79.0500000000094,NX93_low_P20,P20,,,,0.8299893018739937,0.5483350482593077,1.0966700965186154,temporal,,
temporal,distal,distal,796.0,0.5,31.65,29.25104291768864,11.0,20.0,High,1,2,2.0,0.8997713642278882,1.9407572646412437,0.9757676556585472,28.49999999999892,NX93_up_P20,P20,,,,0.4610582032567123,0.9757676556585471,1.9515353113170941,temporal,,
temporal,distal,distal,796.0,0.5,31.65,29.25104291768864,11.0,20.0,High,1,2,5.0,0.8731292942862297,1.8832917874766928,0.9468753490544451,30.87499999999878,NX93_up_P20,P20,,,,0.4610582032567123,0.9468753490544453,1.8937506981088905,temporal,,
temporal,distal,distal,796.0,0.5,31.65,29.25104291768864,11.0,20.0,High,1,2,10.0,0.7971789707172547,1.719471123607457,0.8645101259302331,35.74999999999957,NX93_up_P20,P20,,,,0.4610582032567123,0.8645101259302331,1.7290202518604663,temporal,,
temporal,distal,distal,796.0,0.5,31.65,29.25104291768864,11.0,20.0,High,1,2,20.0,0.6649694294822979,1.434302426527604,0.7211339314486179,46.17500000000194,NX93_up_P20,P20,,,,0.4610582032567123,0.7211339314486179,1.4422678628972359,temporal,,
temporal,distal,distal,796.0,0.5,31.65,29.25104291768864,11.0,20.0,High,1,2,50.0,0.5056336866497446,1.0906240069719375,0.5483404080853249,77.00000000000894,NX93_up_P20,P20,,,,0.4610582032567123,0.5483404080853249,1.0966808161706498,temporal,,
spatial,distributed,,,0.5,0.2,,,,mixed,1,1,0.0,0.6571119907122949,1.00912265059926,1.0,26.52499999999903,NX15_26_P20,P20,0.6571119907122949,550,0.657111990712,,,,spatial,1.0,0.6571119907122949
spatial,distributed,,,0.5,1.95,,,,mixed,2,2,0.0,1.3041439168900126,2.0027654110350217,0.9940885814889772,26.52499999999903,NX15_26_P20,P20,1.311899101523352,550;132,0.657111990712;0.654787110811,,,,spatial,0.9940885814889772,0.6520719584450063
spatial,distributed,,,0.5,5.987500000000001,,,,mixed,4,4,0.0,2.5472307554560274,3.911765860256805,0.9838228777720204,26.749999999999016,NX15_26_P20,P20,2.589115188319795,550;132;101;524,0.657111990712;0.654787110811;0.641038745066;0.636177341731,,,,spatial,0.9838228777720204,0.6368076888640068
spatial,distributed,,,0.5,14.68125,,,,mixed,8,8,0.0,4.942809647792927,7.590640931360299,0.9650932350533562,26.82499999999901,NX15_26_P20,P20,5.121587705999886,550;132;101;524;88;436;719;261,0.657111990712;0.654787110811;0.641038745066;0.636177341731;0.635975975293;0.639972177179;0.627658536765;0.628865828443,,,,spatial,0.9650932350533562,0.6178512059741159
spatial,distributed,,,0.5,0.25,,,,mixed,1,1,0.0,0.6694378115963815,1.0278450592541526,1.0,26.29999999999904,NX16_1_P20,P20,0.6694378115963815,39,0.669437811596,,,,spatial,1.0,0.6694378115963815
spatial,distributed,,,0.5,4.15,,,,mixed,2,2,0.0,1.3115729721499605,2.013770026017616,0.993806727318031,26.549999999999027,NX16_1_P20,P20,1.3197465222332312,39;592,0.669437811596;0.650308710637,,,,spatial,0.993806727318031,0.6557864860749802
spatial,distributed,,,0.5,10.287499999999998,,,,mixed,4,4,0.0,2.560051747337837,3.930666141581268,0.9816611272619364,26.724999999999017,NX16_1_P20,P20,2.607877276834188,39;592;511;659,0.669437811596;0.650308710637;0.655417636959;0.632713117642,,,,spatial,0.9816611272619364,0.6400129368344593
spatial,distributed,,,0.5,18.075,,,,mixed,8,8,0.0,4.936554343016397,7.579513590828157,0.963751085673696,26.999999999999,NX16_1_P20,P20,5.122229605132503,39;592;511;659;6;439;423;347,0.669437811596;0.650308710637;0.655417636959;0.632713117642;0.651701996746;0.628263971826;0.625200785447;0.60918557428,,,,spatial,0.963751085673696,0.6170692928770496
spatial,distributed,,,0.5,0.25,,,,mixed,1,1,0.0,0.6191080853571407,1.0344012251008856,1.0,25.94999999999906,NX16_2_P20,P20,0.6191080853571407,105,0.619108085357,,,,spatial,1.0,0.6191080853571407
spatial,distributed,,,0.5,4.2,,,,mixed,2,2,0.0,1.204483719619006,2.012442519579188,0.9936014503367668,26.37499999999904,NX16_2_P20,P20,1.212240299378351,105;197,0.619108085357;0.593132214021,,,,spatial,0.9936014503367668,0.602241859809503
spatial,distributed,,,0.5,8.887500000000001,,,,mixed,4,4,0.0,2.3784758618995028,3.973939936517668,0.9831561822462286,26.32499999999904,NX16_2_P20,P20,2.4192248442819846,105;197;334;70,0.619108085357;0.593132214021;0.597973847608;0.609010697296,,,,spatial,0.9831561822462286,0.5946189654748757
spatial,distributed,,,0.5,16.400000000000002,,,,mixed,8,8,0.0,4.485617593978475,7.494536809140229,0.9631339277007472,27.049999999999,NX16_2_P20,P20,4.657314486560367,105;197;334;70;575;627;24;456,0.619108085357;0.593132214021;0.597973847608;0.609010697296;0.54565400978;0.542040472401;0.600293002542;0.550102157555,,,,spatial,0.9631339277007472,0.5607021992473094
spatial,distributed,,,0.5,0.45,,,,mixed,1,1,0.0,0.6504474791268819,1.0183956685560476,1.0,26.899999999999007,NX18_15_P50,P50,0.6504474791268819,73,0.650447479127,,,,spatial,1.0,0.6504474791268819
spatial,distributed,,,0.5,2.7750000000000004,,,,mixed,2,2,0.0,1.290046221765948,2.019805636339869,0.9944949364692636,26.92499999999901,NX18_15_P50,P50,1.2971873203758832,73;22,0.650447479127;0.646739841249,,,,spatial,0.9944949364692636,0.645023110882974
spatial,distributed,,,0.5,6.5875,,,,mixed,4,4,0.0,2.5413940681608125,3.979021818307544,0.9839079262596166,26.949999999999005,NX18_15_P50,P50,2.58295923869835,73;22;104;41,0.650447479127;0.646739841249;0.645592040545;0.640179877778,,,,spatial,0.9839079262596166,0.6353485170402031
spatial,distributed,,,0.5,11.93125,,,,mixed,8,8,0.0,4.933886535033992,7.724910677139347,0.9667328578061608,27.099999999999,NX18_15_P50,P50,5.103671086788779,73;22;104;41;423;128;323;163,0.650447479127;0.646739841249;0.645592040545;0.640179877778;0.635933829857;0.637708231115;0.624947041347;0.622122745771,,,,spatial,0.9667328578061608,0.616735816879249
spatial,distributed,,,0.5,0.35,,,,mixed,1,1,0.0,1.3575414333457445,1.0044550860333947,1.0,27.049999999999,NX22_1_P10,P10,1.3575414333457445,265,1.35754143335,,,,spatial,1.0,1.3575414333457445
spatial,distributed,,,0.5,1.85,,,,mixed,2,2,0.0,2.6809104409776268,1.9836257380397613,0.988836323378396,27.049999999999,NX22_1_P10,P10,2.7111771458983185,265;56,1.35754143335;1.35363571255,,,,spatial,0.988836323378396,1.3404552204888134
spatial,distributed,,,0.5,4.275,,,,mixed,4,4,0.0,5.227460032869871,3.8678368763387536,0.9682310682307892,27.074999999999,NX22_1_P10,P10,5.398979855523336,265;56;144;359,1.35754143335;1.35363571255;1.33890220725;1.34890050237,,,,spatial,0.9682310682307892,1.3068650082174678
spatial,distributed,,,0.5,8.99375,,,,mixed,8,8,0.0,9.976352147872618,7.381577761714395,0.9281146514247904,27.024999999999,NX22_1_P10,P10,10.74905145884452,265;56;144;359;351;336;27;127,1.35754143335;1.35363571255;1.33890220725;1.34890050237;1.34584028205;1.34267621414;1.34019795587;1.32135715126,,,,spatial,0.9281146514247904,1.2470440184840772
spatial,distributed,,,0.5,0.35,,,,mixed,1,1,0.0,0.8768187840747572,1.006323960125216,1.0,26.84999999999901,NX22_4_P10,P10,0.8768187840747572,522,0.876818784075,,,,spatial,1.0,0.8768187840747572
spatial,distributed,,,0.5,1.95,,,,mixed,2,2,0.0,1.736227579943133,1.9926664958149751,0.9925210721208906,26.87499999999901,NX22_4_P10,P10,1.7493105473650417,522;253,0.876818784075;0.87249176329,,,,spatial,0.9925210721208906,0.8681137899715665
spatial,distributed,,,0.5,5.5,,,,mixed,4,4,0.0,3.399416172132277,3.901506225215849,0.9789267700714672,26.974999999999003,NX22_4_P10,P10,3.472594964262853,522;253;102;167,0.876818784075;0.87249176329;0.855528731186;0.867755685712,,,,spatial,0.9789267700714672,0.8498540430330692
spatial,distributed,,,0.5,11.1625,,,,mixed,8,8,0.0,6.569379511999472,7.539669685631556,0.9537775392350792,27.024999999999,NX22_4_P10,P10,6.887748182105497,522;253;102;167;391;493;222;328,0.876818784075;0.87249176329;0.855528731186;0.867755685712;0.854285978178;0.843104753376;0.858257236003;0.859505250286,,,,spatial,0.9537775392350792,0.821172438999934
spatial,distributed,,,0.5,0.5,,,,mixed,1,1,0.0,0.4335164260454149,1.0179479597721024,1.0,25.924999999999063,NX30_15_P50,P50,0.4335164260454149,541,0.433516426045,,,,spatial,1.0,0.4335164260454149
spatial,distributed,,,0.5,3.95,,,,mixed,2,2,0.0,0.8602385292799255,2.0199420441478693,0.995832777945892,25.94999999999906,NX30_15_P50,P50,0.8638383354425656,541;366,0.433516426045;0.430321909397,,,,spatial,0.995832777945892,0.43011926463996275
spatial,distributed,,,0.5,9.8875,,,,mixed,4,4,0.0,1.6858761899296295,3.958637146975027,0.9881343400440478,26.12499999999905,NX30_15_P50,P50,1.7061204348535028,541;366;520;397,0.433516426045;0.430321909397;0.417640340187;0.424641759224,,,,spatial,0.9881343400440478,0.4214690474824074
spatial,distributed,,,0.5,19.418750000000003,,,,mixed,8,8,0.0,3.214087776974651,7.547059115949273,0.9714113032432226,26.69999999999902,NX30_15_P50,P50,3.3086785857276624,541;366;520;397;717;70;843;38,0.433516426045;0.430321909397;0.417640340187;0.424641759224;0.402099727553;0.409692917913;0.382221463425;0.408544041983,,,,spatial,0.9714113032432226,0.4017609721218314
spatial,distributed,,,0.5,0.55,,,,mixed,1,1,0.0,0.559937611401395,1.092882106036047,1.0,25.849999999999067,NX30_16_P50,P50,0.559937611401395,566,0.559937611401,,,,spatial,1.0,0.559937611401395
spatial,distributed,,,0.5,3.725,,,,mixed,2,2,0.0,1.1092676794627323,2.165060487104705,0.9946261168827616,25.874999999999066,NX30_16_P50,P50,1.1152609615151334,566;33,0.559937611401;0.555323350114,,,,spatial,0.9946261168827616,0.5546338397313662
spatial,distributed,,,0.5,9.0875,,,,mixed,4,4,0.0,2.175015609189984,4.24517944719529,0.984988286021273,26.024999999999057,NX30_16_P50,P50,2.2081639345942534,566;33;425;581,0.559937611401;0.555323350114;0.545103544026;0.547799429053,,,,spatial,0.984988286021273,0.543753902297496
spatial,distributed,,,0.5,17.018749999999997,,,,mixed,8,8,0.0,4.106590254144493,8.015212613319651,0.9664888751426892,26.77499999999901,NX30_16_P50,P50,4.248978296349463,566;33;425;581;205;374;161;811,0.559937611401;0.555323350114;0.545103544026;0.547799429053;0.498842096548;0.538182064719;0.487667290542;0.516122909946,,,,spatial,0.9664888751426892,0.5133237817680616
spatial,distributed,,,0.5,0.35,,,,mixed,1,1,0.0,0.8342115890413879,1.0235558821490964,1.0,26.449999999999037,NX34_1_P50,P50,0.8342115890413879,610,0.834211589041,,,,spatial,1.0,0.8342115890413879
spatial,distributed,,,0.5,4.25,,,,mixed,2,2,0.0,1.6416011051124286,2.0142017796841225,0.9926732883768312,26.574999999999022,NX34_1_P50,P50,1.6537174157236478,610;6,0.834211589041;0.819505826682,,,,spatial,0.9926732883768312,0.8208005525562143
spatial,distributed,,,0.5,9.625,,,,mixed,4,4,0.0,3.2028293350778085,3.929788135892133,0.9802990342927496,26.749999999999016,NX34_1_P50,P50,3.26719625648569,610;6;550;179,0.834211589041;0.819505826682;0.809956935366;0.803521905396,,,,spatial,0.9802990342927496,0.8007073337694521
spatial,distributed,,,0.5,17.525,,,,mixed,8,8,0.0,6.126075998601877,7.51653561905894,0.9503690216396604,26.899999999999007,NX34_1_P50,P50,6.445997143333472,610;6;550;179;72;439;444;452,0.834211589041;0.819505826682;0.809956935366;0.803521905396;0.805747238402;0.793725428944;0.791500376091;0.787827843411,,,,spatial,0.9503690216396604,0.7657594998252346
spatial,distributed,,,0.5,0.1,,,,mixed,1,1,0.0,0.8020870809383496,1.021063258434483,1.0,26.67499999999902,NX34_2_P50,P50,0.8020870809383496,754,0.802087080938,,,,spatial,1.0,0.8020870809383496
spatial,distributed,,,0.5,2.275,,,,mixed,2,2,0.0,1.5869655079194305,2.0202197629759544,0.9930273544001904,26.69999999999902,NX34_2_P50,P50,1.5981085524859395,754;59,0.802087080938;0.796021471548,,,,spatial,0.9930273544001904,0.7934827539597152
spatial,distributed,,,0.5,6.237500000000001,,,,mixed,4,4,0.0,3.111821106350064,3.9613731152455927,0.977664203322844,26.724999999999017,NX34_2_P50,P50,3.182914026895673,754;59;277;269,0.802087080938;0.796021471548;0.793673812072;0.791131662338,,,,spatial,0.977664203322844,0.777955276587516
spatial,distributed,,,0.5,12.35625,,,,mixed,8,8,0.0,6.005948093089032,7.64561987801074,0.9525513186493028,26.799999999999013,NX34_2_P50,P50,6.305117609416925,754;59;277;269;540;254;300;368,0.802087080938;0.796021471548;0.793673812072;0.791131662338;0.769750256249;0.78700767576;0.780525700943;0.784919949569,,,,spatial,0.9525513186493028,0.750743511636129
spatial,distributed,,,0.5,0.3,,,,mixed,1,1,0.0,0.7728669421320404,1.0170413915648318,1.0,26.449999999999037,NX44_28_P50,P50,0.7728669421320404,52,0.772866942132,,,,spatial,1.0,0.7728669421320404
spatial,distributed,,,0.5,2.85,,,,mixed,2,2,0.0,1.5316449790730928,2.015542722790766,0.9929757367502196,26.449999999999037,NX44_28_P50,P50,1.5424797629857636,52;6,0.772866942132;0.769612820854,,,,spatial,0.9929757367502196,0.7658224895365464
spatial,distributed,,,0.5,6.5875,,,,mixed,4,4,0.0,2.988247300050361,3.9323343084117104,0.9805485936770564,26.64999999999902,NX44_28_P50,P50,3.0475259658926603,52;6;343;631,0.772866942132;0.769612820854;0.76300850637;0.742037696537,,,,spatial,0.9805485936770564,0.7470618250125902
spatial,distributed,,,0.5,14.0125,,,,mixed,8,8,0.0,5.717352299568347,7.523654618709202,0.958229469377918,26.999999999999,NX44_28_P50,P50,5.966579490902163,52;6;343;631;629;525;76;719,0.772866942132;0.769612820854;0.76300850637;0.742037696537;0.737837788803;0.711864161866;0.75558836286;0.71376321148,,,,spatial,0.958229469377918,0.7146690374460434
spatial,distributed,,,0.5,0.55,,,,mixed,1,1,0.0,1.1096095454843038,1.0071255190690067,1.0,27.049999999999,NX45_low_P50,P50,1.1096095454843038,72,1.10960954548,,,,spatial,1.0,1.1096095454843038
spatial,distributed,,,0.5,2.2500000000000004,,,,mixed,2,2,0.0,2.1943680623005406,1.9916952614248615,0.990862467679872,27.074999999999,NX45_low_P50,P50,2.2146040786454506,72;68,1.10960954548;1.10499453316,,,,spatial,0.990862467679872,1.0971840311502703
spatial,distributed,,,0.5,5.525,,,,mixed,4,4,0.0,4.288554553620202,3.892461765895646,0.9744166405052336,27.124999999998995,NX45_low_P50,P50,4.401150776116253,72;68;254;165,1.10960954548;1.10499453316;1.10004373516;1.08650296231,,,,spatial,0.9744166405052336,1.0721386384050504
spatial,distributed,,,0.5,11.025,,,,mixed,8,8,0.0,8.228172285051997,7.46821466821045,0.9408393391922208,27.124999999998995,NX45_low_P50,P50,8.745565732951263,72;68;254;165;26;172;154;132,1.10960954548;1.10499453316;1.10004373516;1.08650296231;1.09682603021;1.08182317992;1.07775162898;1.08801411771,,,,spatial,0.9408393391922208,1.0285215356314996
spatial,distributed,,,0.5,0.4,,,,mixed,1,1,0.0,0.7179381925362378,1.0237909781320318,1.0,26.199999999999047,NX45_up_P50,P50,0.7179381925362378,143,0.717938192536,,,,spatial,1.0,0.7179381925362378
spatial,distributed,,,0.5,5.025,,,,mixed,2,2,0.0,1.420724969889335,2.0259758036290663,0.993264768858042,26.199999999999047,NX45_up_P50,P50,1.430358766799657,143;34,0.717938192536;0.712420574263,,,,spatial,0.993264768858042,0.7103624849446675
spatial,distributed,,,0.5,10.2375,,,,mixed,4,4,0.0,2.755654464138914,3.929605930655762,0.9792104392800336,26.47499999999903,NX45_up_P50,P50,2.814159606146575,143;34;302;337,0.717938192536;0.712420574263;0.694253092747;0.6895477466,,,,spatial,0.9792104392800336,0.6889136160347284
spatial,distributed,,,0.5,18.012500000000003,,,,mixed,8,8,0.0,5.276010786545896,7.523673068166425,0.9609172734018018,26.899999999999007,NX45_up_P50,P50,5.490598340342004,143;34;302;337;587;467;288;514,0.717938192536;0.712420574263;0.694253092747;0.6895477466;0.697350980647;0.663616029421;0.656058034745;0.659413689382,,,,spatial,0.9609172734018018,0.659501348318237
spatial,distributed,,,0.5,0.45,,,,mixed,1,1,0.0,0.7717114518541592,1.010122647004789,1.0,25.899999999999064,NX48_8_P50,P50,0.7717114518541592,43,0.771711451854,,,,spatial,1.0,0.7717114518541592
spatial,distributed,,,0.5,4.199999999999999,,,,mixed,2,2,0.0,1.526713801490814,1.9983741107836892,0.992724959613367,25.924999999999063,NX48_8_P50,P50,1.5379021013891077,43;14,0.771711451854;0.766190649535,,,,spatial,0.992724959613367,0.763356900745407
spatial,distributed,,,0.5,9.525,,,,mixed,4,4,0.0,2.91321287337594,3.813215797008873,0.977599900757736,26.574999999999022,NX48_8_P50,P50,2.979964371025318,43;14;111;219,0.771711451854;0.766190649535;0.749227315354;0.692834954282,,,,spatial,0.977599900757736,0.728303218343985
spatial,distributed,,,0.5,18.925,,,,mixed,8,8,0.0,5.528660754346007,7.236675602200192,0.9523414706171176,26.999999999999,NX48_8_P50,P50,5.805334457149527,43;14;111;219;86;374;193;113,0.771711451854;0.766190649535;0.749227315354;0.692834954282;0.741019520358;0.669125466638;0.679164975313;0.736060123816,,,,spatial,0.9523414706171176,0.6910825942932509
spatial,distributed,,,0.5,0.4,,,,mixed,1,1,0.0,0.5849069840822523,1.0234879943441586,1.0,26.64999999999902,NX57_11_P20,P20,0.5849069840822523,211,0.584906984082,,,,spatial,1.0,0.5849069840822523
spatial,distributed,,,0.5,2.875,,,,mixed,2,2,0.0,1.1586425874780415,2.027427967679844,0.9949199600054632,26.69999999999902,NX57_11_P20,P20,1.1645585916998584,211;209,0.584906984082;0.579651607618,,,,spatial,0.9949199600054632,0.5793212937390207
spatial,distributed,,,0.5,7.1,,,,mixed,4,4,0.0,2.2794522502299657,3.9886547353366377,0.9855180467527846,26.799999999999013,NX57_11_P20,P20,2.3129482587767995,211;209;558;59,0.584906984082;0.579651607618;0.579566838823;0.568822828254,,,,spatial,0.9855180467527846,0.5698630625574914
spatial,distributed,,,0.5,13.90625,,,,mixed,8,8,0.0,4.395296841918153,7.691023823797291,0.9675855314900526,27.074999999999,NX57_11_P20,P20,4.542540890570706,211;209;558;59;57;281;199;638,0.584906984082;0.579651607618;0.579566838823;0.568822828254;0.566317527133;0.552101960788;0.568979351898;0.542193791975,,,,spatial,0.9675855314900526,0.5494121052397691
spatial,distributed,,,0.5,0.5,,,,mixed,1,1,0.0,0.635239067873826,1.0052260016896837,1.0,26.64999999999902,NX5_22_P10,P10,0.635239067873826,664,0.635239067874,,,,spatial,1.0,0.635239067873826
spatial,distributed,,,0.5,3.025,,,,mixed,2,2,0.0,1.2526690380603895,1.9822702227439484,0.994590280555126,26.799999999999013,NX5_22_P10,P10,1.2594824849497002,664;483,0.635239067874;0.624243417076,,,,spatial,0.994590280555126,0.6263345190301948
spatial,distributed,,,0.5,6.737500000000001,,,,mixed,4,4,0.0,2.45138426981778,3.879161929384608,0.983823087352348,26.974999999999003,NX5_22_P10,P10,2.4916921561730305,664;483;492;62,0.635239067874;0.624243417076;0.621525466577;0.610684204647,,,,spatial,0.983823087352348,0.612846067454445
spatial,distributed,,,0.5,12.8875,,,,mixed,8,8,0.0,4.743973797722703,7.507041134555358,0.96381565825491,27.124999999998995,NX5_22_P10,P10,4.922075873214354,664;483;492;62;67;352;431;130,0.635239067874;0.624243417076;0.621525466577;0.610684204647;0.605644669461;0.62459770117;0.605487872141;0.594653474269,,,,spatial,0.96381565825491,0.5929967247153378
spatial,distributed,,,0.5,0.4,,,,mixed,1,1,0.0,1.1853612613167428,1.0054112332898233,1.0,26.92499999999901,NX5_9_P10,P10,1.1853612613167428,128,1.18536126132,,,,spatial,1.0,1.1853612613167428
spatial,distributed,,,0.5,2.2,,,,mixed,2,2,0.0,2.3450157290591847,1.989018228601805,0.9898371543726912,26.899999999999007,NX5_9_P10,P10,2.369092449904386,128;129,1.18536126132;1.18373118859,,,,spatial,0.9898371543726912,1.1725078645295923
spatial,distributed,,,0.5,6.362500000000001,,,,mixed,4,4,0.0,4.569558923303404,3.875852891940717,0.9716062330512992,26.974999999999003,NX5_9_P10,P10,4.703097579924787,128;129;263;205,1.18536126132;1.18373118859;1.17703336883;1.1569717612,,,,spatial,0.9716062330512992,1.142389730825851
spatial,distributed,,,0.5,12.03125,,,,mixed,8,8,0.0,8.739385937509624,7.412657288856165,0.9380863313657506,27.049999999999,NX5_9_P10,P10,9.316185137018294,128;129;263;205;44;123;8;215,1.18536126132;1.18373118859;1.17703336883;1.1569717612;1.156046898;1.14613775644;1.16184634068;1.14905656198,,,,spatial,0.9380863313657506,1.092423242188703
spatial,distributed,,,0.5,0.35,,,,mixed,1,1,0.0,1.2559722420285624,1.0086574732448037,1.0,26.949999999999005,NX64_1_P10,P10,1.2559722420285624,1,1.25597224203,,,,spatial,1.0,1.2559722420285624
spatial,distributed,,,0.5,2.45,,,,mixed,2,2,0.0,2.472827875379224,1.9859008289234164,0.9898153146009214,27.024999999999,NX64_1_P10,P10,2.4982719896349863,1;352,1.25597224203;1.24229974761,,,,spatial,0.9898153146009214,1.236413937689612
spatial,distributed,,,0.5,6.3125,,,,mixed,4,4,0.0,4.821852818910742,3.8723768869489374,0.9716500062659652,27.099999999999,NX64_1_P10,P10,4.962540820064461,1;352;245;118,1.25597224203;1.24229974761;1.24199852877;1.22227030166,,,,spatial,0.9716500062659652,1.2054632047276854
spatial,distributed,,,0.5,11.6625,,,,mixed,8,8,0.0,9.230628530677109,7.413016099126841,0.9348058755870688,27.049999999999,NX64_1_P10,P10,9.874380095097465,1;352;245;118;78;17;347;261,1.25597224203;1.24229974761;1.24199852877;1.22227030166;1.22917625529;1.23759461407;1.22397028974;1.22109811593,,,,spatial,0.9348058755870688,1.1538285663346386
spatial,distributed,,,0.5,0.3,,,,mixed,1,1,0.0,0.9141095773367168,1.0146992952652711,1.0,26.199999999999047,NX64_2_P10,P10,0.9141095773367168,159,0.914109577337,,,,spatial,1.0,0.9141095773367168
spatial,distributed,,,0.5,3.0500000000000003,,,,mixed,2,2,0.0,1.8026875593309344,2.001057467711861,0.9915418435746068,26.274999999999043,NX64_2_P10,P10,1.818065037812289,159;152,0.914109577337;0.903955460476,,,,spatial,0.9915418435746068,0.9013437796654672
spatial,distributed,,,0.5,8.175,,,,mixed,4,4,0.0,3.5057551249009578,3.891532637666775,0.9776956183263008,26.47499999999903,NX64_2_P10,P10,3.585732675065472,159;152;222;54,0.914109577337;0.903955460476;0.879119838371;0.888547798882,,,,spatial,0.9776956183263008,0.8764387812252394
spatial,distributed,,,0.5,15.53125,,,,mixed,8,8,0.0,6.667628981007937,7.401342897895155,0.9517511050879984,26.84999999999901,NX64_2_P10,P10,7.005643539958328,159;152;222;54;209;247;314;126,0.914109577337;0.903955460476;0.879119838371;0.888547798882;0.873988624416;0.865969064741;0.814431698125;0.86552147761,,,,spatial,0.9517511050879984,0.8334536226259921
spatial,distributed,,,0.5,0.3,,,,mixed,1,1,0.0,0.8329548179257529,1.034576915563009,1.0,26.22499999999905,NX65_16_P10,P10,0.8329548179257529,19,0.832954817926,,,,spatial,1.0,0.8329548179257529
spatial,distributed,,,0.5,3.65,,,,mixed,2,2,0.0,1.6425317872133718,2.040117223117952,0.9923664702810782,26.32499999999904,NX65_16_P10,P10,1.6551665502645818,19;170,0.832954817926;0.822211732339,,,,spatial,0.9923664702810782,0.8212658936066859
spatial,distributed,,,0.5,9.75,,,,mixed,4,4,0.0,3.1684329206566275,3.9353725888568167,0.9792232188339736,26.749999999999016,NX65_16_P10,P10,3.235659510228416,19;170;440;292,0.832954817926;0.822211732339;0.803764189125;0.776728770838,,,,spatial,0.9792232188339736,0.7921082301641569
spatial,distributed,,,0.5,17.2,,,,mixed,8,8,0.0,6.047581933128882,7.511438229712909,0.9561737991489924,27.099999999999,NX65_16_P10,P10,6.324772691440941,19;170;440;292;48;257;428;316,0.832954817926;0.822211732339;0.803764189125;0.776728770838;0.760501846605;0.767186839878;0.789292938318;0.772131556412,,,,spatial,0.9561737991489924,0.7559477416411102
spatial,distributed,,,0.5,0.4,,,,mixed,1,1,0.0,0.7138854754705477,1.0068793800938325,1.0,26.599999999999024,NX65_5_P10,P10,0.7138854754705477,15,0.713885475471,,,,spatial,1.0,0.7138854754705477
spatial,distributed,,,0.5,2.7,,,,mixed,2,2,0.0,1.4162337457080696,1.9974864385727904,0.9936090706778524,26.599999999999024,NX65_5_P10,P10,1.4253430121585922,15;82,0.713885475471;0.711457536688,,,,spatial,0.9936090706778524,0.7081168728540348
spatial,distributed,,,0.5,7.125,,,,mixed,4,4,0.0,2.7520198534351863,3.881507803764049,0.9825071465712996,26.92499999999901,NX65_5_P10,P10,2.8010176445423696,15;82;270;452,0.713885475471;0.711457536688;0.677278282317;0.698396350067,,,,spatial,0.9825071465712996,0.6880049633587966
spatial,distributed,,,0.5,13.39375,,,,mixed,8,8,0.0,5.367483423640124,7.57041369793446,0.959764613475733,26.82499999999901,NX65_5_P10,P10,5.592499815347523,15;82;270;452;150;431;474;66,0.713885475471;0.711457536688;0.677278282317;0.698396350067;0.69884153217;0.695452937167;0.701929906455;0.695257795013,,,,spatial,0.959764613475733,0.6709354279550155
spatial,distributed,,,0.5,0.3,,,,mixed,1,1,0.0,0.6719291049341507,1.009956398278634,1.0,25.52499999999909,NX6_29_P20,P20,0.6719291049341507,158,0.671929104934,,,,spatial,1.0,0.6719291049341507
spatial,distributed,,,0.5,4.2250000000000005,,,,mixed,2,2,0.0,1.323067166789528,1.9886624059578728,0.9934796844208208,25.67499999999908,NX6_29_P20,P20,1.3317506009806834,158;154,0.671929104934;0.659821496047,,,,spatial,0.9934796844208208,0.661533583394764
spatial,distributed,,,0.5,10.3125,,,,mixed,4,4,0.0,2.558030401146482,3.844898444877357,0.9796611640860148,25.94999999999906,NX6_29_P20,P20,2.6111379065771416,158;154;152;688,0.671929104934;0.659821496047;0.655028954193;0.624358351404,,,,spatial,0.9796611640860148,0.6395076002866205
spatial,distributed,,,0.5,19.5125,,,,mixed,8,8,0.0,4.852071359449639,7.293002309910227,0.9585871624290948,26.47499999999903,NX6_29_P20,P20,5.061690318441478,158;154;152;688;604;57;285;118,0.671929104934;0.659821496047;0.655028954193;0.624358351404;0.57383061595;0.645202733229;0.593304018099;0.638215044587,,,,spatial,0.9585871624290948,0.6065089199312049
spatial,distributed,,,0.5,0.5,,,,mixed,1,1,0.0,0.4177947310665644,1.031350851862347,1.0,26.099999999999053,NX6_4_P20,P20,0.4177947310665644,557,0.417794731067,,,,spatial,1.0,0.4177947310665644
spatial,distributed,,,0.5,4.25,,,,mixed,2,2,0.0,0.8287202249562853,2.04574458797578,0.996137456737141,26.14999999999905,NX6_4_P20,P20,0.8319336044954753,557;793,0.417794731067;0.414138873429,,,,spatial,0.996137456737141,0.41436011247814264
spatial,distributed,,,0.5,8.950000000000001,,,,mixed,4,4,0.0,1.6288750009833564,4.020973686175598,0.9893383506720006,26.29999999999904,NX6_4_P20,P20,1.646428645848971,557;793;53;651,0.417794731067;0.414138873429;0.407465049573;0.40702999178,,,,spatial,0.9893383506720006,0.4072187502458391
spatial,distributed,,,0.5,15.0125,,,,mixed,8,8,0.0,3.115165984323397,7.689970343624712,0.97294774459855,26.799999999999013,NX6_4_P20,P20,3.20178139228716,557;793;53;651;548;1071;1160;97,0.417794731067;0.414138873429;0.407465049573;0.40702999178;0.410370527143;0.366567140038;0.377287050351;0.401128028906,,,,spatial,0.97294774459855,0.38939574804042465
spatial,distributed,,,0.5,0.2,,,,mixed,1,1,0.0,0.847489808853723,1.005498707205572,1.0,26.899999999999007,NX72_1_P10,P10,0.847489808853723,301,0.847489808854,,,,spatial,1.0,0.847489808853723
spatial,distributed,,,0.5,1.65,,,,mixed,2,2,0.0,1.680794337283615,1.9941673817918693,0.9927998253933784,26.899999999999007,NX72_1_P10,P10,1.6929841185433645,301;10,0.847489808854;0.84549430969,,,,spatial,0.9927998253933784,0.8403971686418075
spatial,distributed,,,0.5,4.3375,,,,mixed,4,4,0.0,3.3009605741079757,3.916402952728616,0.9793422743570914,26.949999999999005,NX72_1_P10,P10,3.3705892827662893,301;10;288;326,0.847489808854;0.84549430969;0.841975562495;0.835629601728,,,,spatial,0.9793422743570914,0.8252401435269939
spatial,distributed,,,0.5,9.45625,,,,mixed,8,8,0.0,6.39540496286142,7.587786136226181,0.95445887280121,26.949999999999005,NX72_1_P10,P10,6.70055582813302,301;10;288;326;35;388;262;428,0.847489808854;0.84549430969;0.841975562495;0.835629601728;0.84097957082;0.833520769202;0.831759623054;0.823706582291,,,,spatial,0.95445887280121,0.7994256203576775
spatial,distributed,,,0.5,0.15,,,,mixed,1,1,0.0,0.8345505631064469,1.0114743361275926,1.0,26.82499999999901,NX72_2_P10,P10,0.8345505631064469,505,0.834550563106,,,,spatial,1.0,0.8345505631064469
spatial,distributed,,,0.5,2.2,,,,mixed,2,2,0.0,1.6536847906048422,2.004264090979928,0.992774443534436,26.82499999999901,NX72_2_P10,P10,1.6657205484837618,505;441,0.834550563106;0.831169985377,,,,spatial,0.992774443534436,0.8268423953024211
spatial,distributed,,,0.5,5.7625,,,,mixed,4,4,0.0,3.239682252035621,3.9264912157564633,0.9799219290453374,26.92499999999901,NX72_2_P10,P10,3.306061591245125,505;441;194;76,0.834550563106;0.831169985377;0.824589822666;0.815751220095,,,,spatial,0.9799219290453374,0.8099205630089052
spatial,distributed,,,0.5,11.675,,,,mixed,8,8,0.0,6.25681979734658,7.5832584993222225,0.9548505972483168,26.999999999999,NX72_2_P10,P10,6.552668883883456,505;441;194;76;592;406;88;184,0.834550563106;0.831169985377;0.824589822666;0.815751220095;0.821346816587;0.802452414367;0.81172871435;0.811079347334,,,,spatial,0.9548505972483168,0.7821024746683225
spatial,distributed,,,0.5,0.35,,,,mixed,1,1,0.0,1.0435124725303524,1.0050384206896676,1.0,26.899999999999007,NX73_19_P10,P10,1.0435124725303524,231,1.04351247253,,,,spatial,1.0,1.0435124725303524
spatial,distributed,,,0.5,1.8500000000000003,,,,mixed,2,2,0.0,2.0582875163335785,1.9823989546813852,0.991326488943842,26.974999999999003,NX73_19_P10,P10,2.076296295205907,231;299,1.04351247253;1.03278382268,,,,spatial,0.991326488943842,1.0291437581667893
spatial,distributed,,,0.5,5.0375000000000005,,,,mixed,4,4,0.0,4.036864265364613,3.8880260587231215,0.9747347878574816,26.949999999999005,NX73_19_P10,P10,4.141500145119323,231;299;22;212,1.04351247253;1.03278382268;1.03039861607;1.03480523384,,,,spatial,0.9747347878574816,1.0092160663411534
spatial,distributed,,,0.5,11.40625,,,,mixed,8,8,0.0,7.755798427773456,7.469844020297625,0.945660993137341,27.024999999999,NX73_19_P10,P10,8.201457482181524,231;299;22;212;172;8;295;39,1.04351247253;1.03278382268;1.03039861607;1.03480523384;1.01867507385;1.02937908983;1.00706502766;1.00483814573,,,,spatial,0.945660993137341,0.969474803471682
spatial,distributed,,,0.5,0.35,,,,mixed,1,1,0.0,0.8277821445906568,1.028464370446618,1.0,26.87499999999901,NX73_21_P10,P10,0.8277821445906568,429,0.827782144591,,,,spatial,1.0,0.8277821445906568
spatial,distributed,,,0.5,2.45,,,,mixed,2,2,0.0,1.638542349510402,2.035780110686817,0.9931294334435112,26.899999999999007,NX73_21_P10,P10,1.649877945746738,429;527,0.827782144591;0.822095801156,,,,spatial,0.9931294334435112,0.819271174755201
spatial,distributed,,,0.5,6.2125,,,,mixed,4,4,0.0,3.223100620422528,4.004488586919412,0.9799398237318294,26.899999999999007,NX73_21_P10,P10,3.289080147950557,429;527;221;14,0.827782144591;0.822095801156;0.819124213518;0.820077988686,,,,spatial,0.9799398237318294,0.805775155105632
spatial,distributed,,,0.5,11.90625,,,,mixed,8,8,0.0,6.165007445448666,7.659612547353852,0.9553490164140226,27.22499999999899,NX73_21_P10,P10,6.453146797166866,429;527;221;14;281;373;308;370,0.827782144591;0.822095801156;0.819124213518;0.820077988686;0.817684017194;0.782308744234;0.788116440848;0.77595744694,,,,spatial,0.9553490164140226,0.7706259306810832
spatial,distributed,,,0.5,0.2,,,,mixed,1,1,0.0,0.505024827319005,1.0103179734321772,1.0,26.87499999999901,NX74_20_P20,P20,0.505024827319005,108,0.505024827319,,,,spatial,1.0,0.505024827319005
spatial,distributed,,,0.5,1.7500000000000002,,,,mixed,2,2,0.0,1.0045524139529505,2.0096385448200187,0.995686191534666,26.84999999999901,NX74_20_P20,P20,1.008904635309463,108;58,0.505024827319;0.50387980799,,,,spatial,0.995686191534666,0.5022762069764752
spatial,distributed,,,0.5,4.4375,,,,mixed,4,4,0.0,1.9854180345771224,3.971890918231237,0.9874264710514316,26.87499999999901,NX74_20_P20,P20,2.01069962451281,108;58;173;483,0.505024827319;0.50387980799;0.502570788441;0.499224200762,,,,spatial,0.9874264710514316,0.4963545086442806
spatial,distributed,,,0.5,9.78125,,,,mixed,8,8,0.0,3.881022076278797,7.764106132696611,0.9725284532071334,26.949999999999005,NX74_20_P20,P20,3.990651444161088,108;58;173;483;216;549;113;275,0.505024827319;0.50387980799;0.502570788441;0.499224200762;0.4975355119;0.499155408456;0.491291919673;0.49196897962,,,,spatial,0.9725284532071334,0.4851277595348496
spatial,distributed,,,0.5,0.25,,,,mixed,1,1,0.0,0.4840241636996154,1.0126132777977346,1.0,26.749999999999016,NX74_26_P20,P20,0.4840241636996154,148,0.4840241637,,,,spatial,1.0,0.4840241636996154
spatial,distributed,,,0.5,2.725,,,,mixed,2,2,0.0,0.9594930950667192,2.007328395742602,0.9957981458023228,26.799999999999013,NX74_26_P20,P20,0.9635417570431885,148;613,0.4840241637;0.479517593344,,,,spatial,0.9957981458023228,0.4797465475333596
spatial,distributed,,,0.5,7.65,,,,mixed,4,4,0.0,1.8789187685482744,3.930832870807071,0.9885240902421994,27.024999999999,NX74_26_P20,P20,1.9007313904590009,148;613;220;124,0.4840241637;0.479517593344;0.471272084177;0.465917549239,,,,spatial,0.9885240902421994,0.4697296921370686
spatial,distributed,,,0.5,15.61875,,,,mixed,8,8,0.0,3.662769405819248,7.662776390117722,0.975003230711495,27.149999999998997,NX74_26_P20,P20,3.7566741221425417,148;613;220;124;268;241;174;479,0.4840241637;0.479517593344;0.471272084177;0.465917549239;0.472628017188;0.470583033132;0.458760386434;0.453971294929,,,,spatial,0.975003230711495,0.457846175727406
spatial,distributed,,,0.5,0.2,,,,mixed,1,1,0.0,0.874307608643548,1.1570814112151269,1.0,25.2999999999991,NX7_19_P20,P20,0.874307608643548,36,0.874307608644,,,,spatial,1.0,0.874307608643548
spatial,distributed,,,0.5,4.975,,,,mixed,2,2,0.0,1.6293505854130077,2.156324909100159,0.9856738891157169,26.274999999999043,NX7_19_P20,P20,1.6530321066684197,36;269,0.874307608644;0.778724498025,,,,spatial,0.9856738891157169,0.8146752927065039
spatial,distributed,,,0.5,12.5125,,,,mixed,4,4,0.0,3.236944336001727,4.283856257566528,0.9762868060253932,26.22499999999905,NX7_19_P20,P20,3.31556701987995,36;269;14;372,0.874307608644;0.778724498025;0.853486236488;0.809048676723,,,,spatial,0.9762868060253932,0.8092360840004318
spatial,distributed,,,0.5,22.50625,,,,mixed,8,8,0.0,6.245445963589631,8.265385497936714,0.9506097701295032,26.29999999999904,NX7_19_P20,P20,6.569936644706274,36;269;14;372;51;445;472;342,0.874307608644;0.778724498025;0.853486236488;0.809048676723;0.847126295375;0.805052968059;0.805459670888;0.796730690504,,,,spatial,0.9506097701295032,0.7806807454487039
spatial,distributed,,,0.5,0.3,,,,mixed,1,1,0.0,0.8969651950328199,1.009462260475923,1.0,26.52499999999903,NX83_11_P20,P20,0.8969651950328199,116,0.896965195033,,,,spatial,1.0,0.8969651950328199
spatial,distributed,,,0.5,3.775000000000001,,,,mixed,2,2,0.0,1.7732616423442522,1.995663506018847,0.9919204456174748,26.549999999999027,NX83_11_P20,P20,1.7877055062015472,116;125,0.896965195033;0.890740311169,,,,spatial,0.9919204456174748,0.8866308211721261
spatial,distributed,,,0.5,8.787500000000001,,,,mixed,4,4,0.0,3.467436598096313,3.902321300486107,0.9760202052515872,26.599999999999024,NX83_11_P20,P20,3.5526278856107467,116;125;144;149,0.896965195033;0.890740311169;0.882249968919;0.88267241049,,,,spatial,0.9760202052515872,0.8668591495240783
spatial,distributed,,,0.5,16.95625,,,,mixed,8,8,0.0,6.609649088511489,7.438628997859047,0.9465527532563612,26.82499999999901,NX83_11_P20,P20,6.982863940517589,116;125;144;149;225;140;196;194,0.896965195033;0.890740311169;0.882249968919;0.88267241049;0.859857665995;0.872608840031;0.850142297375;0.847627251507,,,,spatial,0.9465527532563612,0.8262061360639361
spatial,distributed,,,0.5,0.65,,,,mixed,1,1,0.0,0.6074498543339075,1.0328570887422757,1.0,26.14999999999905,NX90_20_P50,P50,0.6074498543339075,538,0.607449854334,,,,spatial,1.0,0.6074498543339075
spatial,distributed,,,0.5,4.574999999999999,,,,mixed,2,2,0.0,1.1865172355557974,2.0174549864737483,0.994060704257252,26.49999999999903,NX90_20_P50,P50,1.1936064170672012,538;214,0.607449854334;0.586156562733,,,,spatial,0.994060704257252,0.5932586177778987
spatial,distributed,,,0.5,10.45,,,,mixed,4,4,0.0,2.3133302340894346,3.93339386590372,0.9849535214877287,26.724999999999017,NX90_20_P50,P50,2.348669438325629,538;214;471;9,0.607449854334;0.586156562733;0.565675855035;0.589387166223,,,,spatial,0.9849535214877287,0.5783325585223587
spatial,distributed,,,0.5,19.11875,,,,mixed,8,8,0.0,4.5028403474536844,7.656254321506164,0.9672222939926282,26.77499999999901,NX90_20_P50,P50,4.655434821364864,538;214;471;9;205;247;78;39,0.607449854334;0.586156562733;0.565675855035;0.589387166223;0.579281447547;0.575585521378;0.576234436218;0.575663977896,,,,spatial,0.9672222939926282,0.5628550434317106
spatial,distributed,,,0.5,0.6,,,,mixed,1,1,0.0,0.6493625784455759,1.1580471892345872,1.0,25.59999999999908,NX90_22_P50,P50,0.6493625784455759,424,0.649362578446,,,,spatial,1.0,0.6493625784455759
spatial,distributed,,,0.5,4.875000000000001,,,,mixed,2,2,0.0,1.284032306168868,2.2898917375324053,0.9937399302197348,25.64999999999908,NX90_22_P50,P50,1.2921210742582758,424;410,0.649362578446;0.642758495813,,,,spatial,0.9937399302197348,0.642016153084434
spatial,distributed,,,0.5,10.3125,,,,mixed,4,4,0.0,2.514713743181673,4.484639673866265,0.982121212103249,25.749999999999076,NX90_22_P50,P50,2.5604922408674184,424;410;513;543,0.649362578446;0.642758495813;0.634825628682;0.633545537928,,,,spatial,0.982121212103249,0.6286784357954183
spatial,distributed,,,0.5,18.5875,,,,mixed,8,8,0.0,4.757528429511083,8.484385470267295,0.9591766962855792,26.32499999999904,NX90_22_P50,P50,4.960012527342101,424;410;513;543;520;475;153;73,0.649362578446;0.642758495813;0.634825628682;0.633545537928;0.631875912691;0.617925186452;0.543665442027;0.606053745304,,,,spatial,0.9591766962855792,0.5946910536888854
spatial,distributed,,,0.5,1.05,,,,mixed,1,1,0.0,1.000306832547338,1.020442250344613,1.0,26.22499999999905,NX93_low_P20,P20,1.000306832547338,480,1.00030683255,,,,spatial,1.0,1.000306832547338
spatial,distributed,,,0.5,4.2,,,,mixed,2,2,0.0,1.9791887964639727,2.0190283657039467,0.9911174720047844,26.199999999999047,NX93_low_P20,P20,1.9969265524706827,480;230,1.00030683255;0.996619719923,,,,spatial,0.9911174720047844,0.9895943982319864
spatial,distributed,,,0.5,7.8625,,,,mixed,4,4,0.0,3.865447609792113,3.9432561381997817,0.9751075418901066,26.29999999999904,NX93_low_P20,P20,3.9641244106260274,480;230;141;206,1.00030683255;0.996619719923;0.976012129605;0.99118572855,,,,spatial,0.9751075418901066,0.9663619024480282
spatial,distributed,,,0.5,13.65625,,,,mixed,8,8,0.0,7.398433453853684,7.547358307500162,0.9431246708968036,26.39999999999904,NX93_low_P20,P20,7.844597519454794,480;230;141;206;454;13;133;107,1.00030683255;0.996619719923;0.976012129605;0.99118572855;0.98282980533;0.977021308568;0.961403906063;0.959218088867,,,,spatial,0.9431246708968036,0.9248041817317105
spatial,distributed,,,0.5,0.25,,,,mixed,1,1,0.0,0.4867594705519451,1.0499133626210293,1.0,26.549999999999027,NX93_up_P20,P20,0.4867594705519451,11,0.486759470552,,,,spatial,1.0,0.4867594705519451
spatial,distributed,,,0.5,3.999999999999999,,,,mixed,2,2,0.0,0.9576511640418346,2.06560080426788,0.9956266830029654,26.749999999999016,NX93_up_P20,P20,0.9618576725499252,11;804,0.486759470552;0.475098201998,,,,spatial,0.9956266830029654,0.4788255820209173
spatial,distributed,,,0.5,8.424999999999999,,,,mixed,4,4,0.0,1.8909409101550665,4.078655372123282,0.9872145108848316,26.77499999999901,NX93_up_P20,P20,1.9154306275950432,11;804;658;427,0.486759470552;0.475098201998;0.476977748019;0.476595207026,,,,spatial,0.9872145108848316,0.4727352275387666
spatial,distributed,,,0.5,14.849999999999998,,,,mixed,8,8,0.0,3.6607135514860554,7.895957463498262,0.9715170379162184,27.024999999999,NX93_up_P20,P20,3.768038447722773,11;804;658;427;37;1085;674;798,0.486759470552;0.475098201998;0.476977748019;0.476595207026;0.478251200688;0.449430014726;0.461553101253;0.463373503461,,,,spatial,0.9715170379162184,0.4575891939357569
