n_synapses,age_group,n,mean,sd,sem,median,q1,q3
1,P10,12,1.0,0.0,0.0,1.0,1.0,1.0
1,P20,12,1.0,0.0,0.0,1.0,1.0,1.0
1,P50,11,1.0,0.0,0.0,1.0,1.0,1.0
2,P10,12,0.9919289767397276,0.001713109237386662,0.0004945320396782119,0.9924437712009844,0.9909541553010544,0.9928822274059116
2,P20,12,0.9934880572820943,0.002914307949101712,0.0008412882394576698,0.9939476544035041,0.9930898747199843,0.9956415601358906
2,P50,11,0.9934802764957662,0.0012985323755968896,0.00039152224254397573,0.993264768858042,0.9928503481817933,0.9942778203632578
4,P10,12,0.9773001636412652,0.004741959922225452,0.0013688859187916409,0.9790749944527204,0.9739635924596025,0.9799264027169604
4,P20,12,0.9828114478447113,0.005078271681271456,0.0014659707611000643,0.9834895300091244,0.9788175745708594,0.9872675009264815
4,P50,11,0.9812585543410516,0.004016713183995054,0.0012110845928895789,0.9805485936770564,0.9784373213014388,0.9844307238736727
8,P10,12,0.9497174210984345,0.01080121223705375,0.0031180413963186313,0.9541182060181446,0.9437673276944434,0.9555552120977651
8,P20,12,0.9625362169219177,0.010737816567485256,0.003099740642873218,0.9644221603635261,0.9565928143541969,0.9717698917389471
8,P50,11,0.9587527199407547,0.009118004470257606,0.0027491817876934303,0.9591766962855792,0.9524463946332102,0.9666108664744251
