cell_id,age_group,status,proximal_epsp_mV,intermediate_epsp_mV,distal_epsp_mV,distal_to_proximal_ratio,max_temporal_summation_ratio,max_spatial_summation_ratio,spatial_8syn_summation_ratio,n_protocol_rows
NX15_26_P20,P20,complete,0.6511715799086204,0.6325451960731527,0.6014066100906916,0.9235762564685143,0.9682565703097332,1.0,0.9650932350533562,12
NX16_1_P20,P20,complete,0.6513022615316686,0.647683206720373,0.6015448361199844,0.9236031742087467,0.9739573528175594,1.0,0.963751085673696,12
NX16_2_P20,P20,complete,0.5985183218405012,0.5677944538181237,0.5357911378506515,0.8951958833992623,0.974315165984244,1.0,0.9631339277007472,12
NX18_15_P50,P50,complete,0.638698198755236,0.6371874490797325,0.6160478168152821,0.9645366434661982,0.9763716335541496,1.0,0.9667328578061608,12
NX22_1_P10,P10,complete,1.3515202941593856,1.341646340020645,1.3127464456774192,0.9713109387631631,0.972756421609039,1.0,0.9281146514247904,12
NX22_4_P10,P10,complete,0.8713086628342381,0.8588631728676717,0.8264212627778846,0.9484827800169673,0.9746501978963246,1.0,0.9537775392350792,12
NX30_15_P50,P50,complete,0.425872876784851,0.4009231046608903,0.3581386543065292,0.8409520160342571,0.9750713448906224,1.0,0.9714113032432226,12
NX30_16_P50,P50,complete,0.512349509895742,0.5395630508938609,0.4805852156761432,0.9380026844837569,0.975410652401632,1.0,0.9664888751426892,12
NX34_1_P50,P50,complete,0.8150132333662583,0.7921137276195083,0.7872163587621941,0.9658939591824117,0.969215425717917,1.0,0.9503690216396604,12
NX34_2_P50,P50,complete,0.7855410272700709,0.770879438433326,0.772845739847682,0.9838387977436293,0.973256158896744,1.0,0.9525513186493028,12
NX44_28_P50,P50,complete,0.759916900670973,0.7559790653363763,0.6859089255252258,0.902610436640636,0.975108413022746,1.0,0.958229469377918,12
NX45_low_P50,P50,complete,1.1017589411397637,1.0850136224205895,1.084888592273927,0.9846878039869735,0.9728370466585216,1.0,0.9408393391922208,12
NX45_up_P50,P50,complete,0.7012546582957384,0.6849504569179032,0.6488764170623114,0.9253078170479151,0.9732272165466648,1.0,0.9609172734018018,12
NX48_8_P50,P50,complete,0.7639779725189157,0.6829228007848087,0.658741015019757,0.8622513196916117,0.9718080937087136,1.0,0.9523414706171176,12
NX57_11_P20,P20,complete,0.5714839717851845,0.5503179600149224,0.5529044554446614,0.9674889983659822,0.975062279553744,1.0,0.9675855314900526,12
NX5_22_P10,P10,complete,0.6319365663105145,0.5992237071416753,0.5734550498737576,0.9074566664527831,0.9758523718794864,1.0,0.96381565825491,12
NX5_9_P10,P10,complete,1.178981517282338,1.1441513962685832,1.1338698016198665,0.9617367066394238,0.9735001071155708,1.0,0.9380863313657506,12
NX64_1_P10,P10,complete,1.2451920253841564,1.2112889984672108,1.2171544520601998,0.9774833336928039,0.972606013230586,1.0,0.9348058755870688,12
NX64_2_P10,P10,complete,0.9008674605393736,0.8694863402974562,0.7983873511283548,0.886242856024946,0.9741242168758624,1.0,0.9517511050879984,12
NX65_16_P10,P10,complete,0.8051163769418395,0.8047461125817108,0.7973458892702752,0.9903486155615419,0.971274229912836,1.0,0.9561737991489924,12
NX65_5_P10,P10,complete,0.7090079403592711,0.6975533283876842,0.6840552047820978,0.9648061267627989,0.9726147833415002,1.0,0.959764613475733,12
NX6_29_P20,P20,complete,0.6653050627525943,0.5820851045670992,0.5378079093901249,0.808362869155136,0.9736477864703524,1.0,0.9585871624290948,12
NX6_4_P20,P20,complete,0.405094668135618,0.4042074113730081,0.3770546774494931,0.9307816347838535,0.9757111580765622,1.0,0.97294774459855,12
NX72_1_P10,P10,complete,0.8428551949201619,0.8251386313697537,0.8175072908793197,0.9699261460407286,0.9746901250050168,1.0,0.95445887280121,12
NX72_2_P10,P10,complete,0.825083280215992,0.8156377254583873,0.7872290363653605,0.9541206993787076,0.974698558193774,1.0,0.9548505972483168,12
NX73_19_P10,P10,complete,1.0382811751756549,1.0044516170923004,1.0073600339768376,0.9702189137797032,0.9720508323926096,1.0,0.945660993137341,12
NX73_21_P10,P10,complete,0.8048719706558103,0.8139506019805793,0.798628782967711,0.9922432536903821,0.9744114858218432,1.0,0.9553490164140226,12
NX74_20_P20,P20,complete,0.4998672107191879,0.4917822368538793,0.4896529210322455,0.9795659937921384,0.9761784697618632,1.0,0.9725284532071334,12
NX74_26_P20,P20,complete,0.4779950789824596,0.4600790123445932,0.4503297682950347,0.9421221851356338,0.9740088031437092,1.0,0.975003230711495,12
NX7_19_P20,P20,complete,0.7556146008130753,0.8424924151757267,0.7172061593898746,0.9491692704430652,0.971988843428672,1.0,0.9506097701295032,12
NX83_11_P20,P20,complete,0.8885574331525135,0.8712038980276162,0.8216299825814843,0.9246785316582439,0.9719764008917012,1.0,0.9465527532563612,12
NX90_20_P50,P50,complete,0.5881257542353779,0.5865044015907444,0.5523253223404225,0.9391279303156864,0.9719236028804712,1.0,0.9672222939926282,12
NX90_22_P50,P50,complete,0.5607393070698379,0.6260501560724663,0.5245826402901912,0.9355196499981702,0.9768189861800716,1.0,0.9591766962855792,12
NX93_low_P20,P20,complete,0.9802679497144736,0.968842104456698,0.8299893018739937,0.8466963569662231,0.9740492885461552,1.0,0.9431246708968036,12
NX93_up_P20,P20,complete,0.4636187021534681,0.4720353206035952,0.4610582032567123,0.9944771449364261,0.9757676556585472,1.0,0.9715170379162184,12
