metric,age_1,age_2,n_1,n_2,U,p_raw,cliffs_delta_age1_minus_age2,p_holm
total_process_length_um,P10,P20,12,12,20.0,0.002945646150532981,-0.7222222222222222,0.008836938451598943
total_process_length_um,P10,P50,12,11,22.0,0.007423145667491824,-0.6666666666666666,0.014846291334983648
total_process_length_um,P20,P50,12,11,85.0,0.2548715759015092,0.2878787878787879,0.2548715759015092
n_nodes_neurolucida,P10,P20,12,12,23.0,0.005098277794071192,-0.6805555555555556,0.015294833382213574
n_nodes_neurolucida,P10,P50,12,11,23.0,0.00890462720971815,-0.6515151515151515,0.0178092544194363
n_nodes_neurolucida,P20,P50,12,11,68.0,0.9264267704631834,0.030303030303030304,0.9264267704631834
n_endings_neurolucida,P10,P20,12,12,23.5,0.005573290356540375,-0.6736111111111112,0.016719871069621126
n_endings_neurolucida,P10,P50,12,11,23.0,0.00890462720971815,-0.6515151515151515,0.0178092544194363
n_endings_neurolucida,P20,P50,12,11,71.0,0.7817088562939289,0.07575757575757576,0.7817088562939289
n_primary_trees,P10,P20,12,12,69.0,0.8849853455425606,-0.041666666666666664,1.0
n_primary_trees,P10,P50,12,11,74.5,0.6217710179057144,0.12878787878787878,1.0
n_primary_trees,P20,P50,12,11,77.5,0.4959455847979871,0.17424242424242425,1.0
complexity_neurolucida,P10,P20,12,12,21.0,0.003549838634913565,-0.7083333333333334,0.010649515904740694
complexity_neurolucida,P10,P50,12,11,24.0,0.010644786560634337,-0.6363636363636364,0.021289573121268675
complexity_neurolucida,P20,P50,12,11,65.0,0.9754506745843579,-0.015151515151515152,0.9754506745843579
soma_area_um2,P10,P20,12,12,61.0,0.5443701458566098,-0.1527777777777778,1.0
soma_area_um2,P10,P50,12,11,60.0,0.7349852214121391,-0.09090909090909091,1.0
soma_area_um2,P20,P50,12,11,71.0,0.7818140034887688,0.07575757575757576,1.0
max_node_path_distance_um,P10,P20,12,12,28.5,0.01298330763078856,-0.6041666666666666,0.03894992289236568
max_node_path_distance_um,P10,P50,12,11,35.0,0.060434655699195455,-0.4696969696969697,0.12086931139839091
max_node_path_distance_um,P20,P50,12,11,74.0,0.6442913333989617,0.12121212121212122,0.6442913333989617
max_radial_extent_um,P10,P20,12,11,42.5,0.15340887044993265,-0.3560606060606061,0.15340887044993265
max_radial_extent_um,P10,P50,12,10,17.0,0.004888196281672748,-0.7166666666666667,0.014664588845018242
max_radial_extent_um,P20,P50,11,10,27.5,0.05468764819466935,-0.5,0.1093752963893387
peak_sholl_intersections,P10,P20,12,11,37.5,0.08468384882033435,-0.4318181818181818,0.25405154646100303
peak_sholl_intersections,P10,P50,12,10,63.0,0.8686980207374567,0.05,0.8686980207374567
peak_sholl_intersections,P20,P50,11,10,79.0,0.09785196143877525,0.43636363636363634,0.25405154646100303
sholl_auc_intersections_um,P10,P20,12,11,21.0,0.0061666559640276035,-0.6818181818181818,0.015218737980714846
sholl_auc_intersections_um,P10,P50,12,10,17.0,0.005072912660238282,-0.7166666666666667,0.015218737980714846
sholl_auc_intersections_um,P20,P50,11,10,62.0,0.6471563379312674,0.12727272727272726,0.6471563379312674
mean_node_tortuosity,P10,P20,12,12,59.0,0.47048642205878966,-0.18055555555555555,0.47048642205878966
mean_node_tortuosity,P10,P50,12,11,88.0,0.18575772936738766,0.3333333333333333,0.3715154587347753
mean_node_tortuosity,P20,P50,12,11,101.0,0.03372635757681134,0.5303030303030303,0.10117907273043403
