cell_id,age,radius_um,intersections,length_um
NX15_26_P20,P20,0.0,0.0,0.0
NX15_26_P20,P20,2.5,0.0,0.0
NX15_26_P20,P20,5.0,11.0,30.2
NX15_26_P20,P20,7.5,20.0,95.3
NX15_26_P20,P20,10.0,24.0,120.6
NX15_26_P20,P20,12.5,26.0,99.8
NX15_26_P20,P20,15.0,30.0,120.1
NX15_26_P20,P20,17.5,43.0,153.9
NX15_26_P20,P20,20.0,41.0,190.6
NX15_26_P20,P20,22.5,31.0,144.5
NX15_26_P20,P20,25.0,31.0,148.8
NX15_26_P20,P20,27.5,25.0,119.5
NX15_26_P20,P20,30.0,28.0,137.3
NX15_26_P20,P20,32.5,22.0,117.3
NX15_26_P20,P20,35.0,20.0,83.4
NX15_26_P20,P20,37.5,11.0,49.4
NX15_26_P20,P20,40.0,11.0,60.1
NX15_26_P20,P20,42.5,8.0,40.0
NX15_26_P20,P20,45.0,6.0,33.3
NX15_26_P20,P20,47.5,7.0,27.8
NX15_26_P20,P20,50.0,2.0,11.0
NX15_26_P20,P20,52.5,0.0,2.4
NX16_1_P20,P20,0.0,0.0,0.0
NX16_1_P20,P20,2.5,0.0,0.0
NX16_1_P20,P20,5.0,15.0,31.7
NX16_1_P20,P20,7.5,26.0,93.6
NX16_1_P20,P20,10.0,40.0,169.5
NX16_1_P20,P20,12.5,54.0,220.6
NX16_1_P20,P20,15.0,39.0,203.0
NX16_1_P20,P20,17.5,37.0,154.7
NX16_1_P20,P20,20.0,72.0,250.8
NX16_1_P20,P20,22.5,49.0,212.0
NX16_1_P20,P20,25.0,40.0,174.1
NX16_1_P20,P20,27.5,23.0,146.4
NX16_1_P20,P20,30.0,18.0,84.3
NX16_1_P20,P20,32.5,9.0,50.2
NX16_1_P20,P20,35.0,6.0,39.6
NX16_1_P20,P20,37.5,2.0,21.8
NX16_1_P20,P20,40.0,2.0,4.8
NX16_1_P20,P20,42.5,0.0,1.7
NX16_2_P20,P20,0.0,0.0,0.0
NX16_2_P20,P20,2.5,0.0,0.0
NX16_2_P20,P20,5.0,11.0,21.3
NX16_2_P20,P20,7.5,31.0,91.2
NX16_2_P20,P20,10.0,48.0,179.4
NX16_2_P20,P20,12.5,60.0,280.1
NX16_2_P20,P20,15.0,62.0,310.7
NX16_2_P20,P20,17.5,46.0,239.2
NX16_2_P20,P20,20.0,59.0,228.1
NX16_2_P20,P20,22.5,36.0,170.1
NX16_2_P20,P20,25.0,30.0,127.0
NX16_2_P20,P20,27.5,31.0,117.7
NX16_2_P20,P20,30.0,29.0,113.7
NX16_2_P20,P20,32.5,16.0,107.1
NX16_2_P20,P20,35.0,3.0,41.5
NX16_2_P20,P20,37.5,1.0,8.8
NX16_2_P20,P20,40.0,0.0,1.1
NX18_15_P50,P50,0.0,0.0,0.0
NX18_15_P50,P50,2.5,1.0,1.8
NX18_15_P50,P50,5.0,15.0,21.6
NX18_15_P50,P50,7.5,28.0,93.6
NX18_15_P50,P50,10.0,31.0,178.2
NX18_15_P50,P50,12.5,43.0,157.4
NX18_15_P50,P50,15.0,39.0,151.9
NX18_15_P50,P50,17.5,48.0,181.3
NX18_15_P50,P50,20.0,48.0,224.4
NX18_15_P50,P50,22.5,53.0,197.4
NX18_15_P50,P50,25.0,40.0,173.8
NX18_15_P50,P50,27.5,23.0,118.6
NX18_15_P50,P50,30.0,14.0,76.2
NX18_15_P50,P50,32.5,12.0,45.7
NX18_15_P50,P50,35.0,9.0,33.8
NX18_15_P50,P50,37.5,8.0,22.0
NX18_15_P50,P50,40.0,4.0,22.2
NX18_15_P50,P50,42.5,3.0,13.7
NX18_15_P50,P50,45.0,4.0,8.9
NX18_15_P50,P50,47.5,1.0,5.5
NX18_15_P50,P50,50.0,0.0,2.6
NX22_1_P10,P10,0.0,0.0,0.0
NX22_1_P10,P10,2.5,1.0,3.0
NX22_1_P10,P10,5.0,6.0,16.8
NX22_1_P10,P10,7.5,21.0,86.6
NX22_1_P10,P10,10.0,33.0,106.4
NX22_1_P10,P10,12.5,35.0,162.2
NX22_1_P10,P10,15.0,30.0,141.4
NX22_1_P10,P10,17.5,27.0,117.4
NX22_1_P10,P10,20.0,9.0,80.8
NX22_1_P10,P10,22.5,10.0,40.3
NX22_1_P10,P10,25.0,7.0,32.5
NX22_1_P10,P10,27.5,2.0,11.3
NX22_1_P10,P10,30.0,0.0,0.3
NX22_4_P10,P10,0.0,0.0,0.0
NX22_4_P10,P10,2.5,0.0,0.0
NX22_4_P10,P10,5.0,17.0,44.1
NX22_4_P10,P10,7.5,29.0,93.0
NX22_4_P10,P10,10.0,33.0,127.5
NX22_4_P10,P10,12.5,31.0,134.3
NX22_4_P10,P10,15.0,49.0,161.7
NX22_4_P10,P10,17.5,39.0,158.0
NX22_4_P10,P10,20.0,28.0,132.7
NX22_4_P10,P10,22.5,19.0,85.4
NX22_4_P10,P10,25.0,14.0,51.6
NX22_4_P10,P10,27.5,17.0,56.8
NX22_4_P10,P10,30.0,12.0,54.8
NX22_4_P10,P10,32.5,15.0,75.7
NX22_4_P10,P10,35.0,13.0,48.6
NX22_4_P10,P10,37.5,11.0,47.9
NX22_4_P10,P10,40.0,3.0,20.3
NX22_4_P10,P10,42.5,1.0,10.8
NX22_4_P10,P10,45.0,1.0,3.3
NX22_4_P10,P10,47.5,0.0,0.7
NX30_15_P50,P50,0.0,0.0,0.0
NX30_15_P50,P50,2.5,1.0,0.3
NX30_15_P50,P50,5.0,12.0,20.1
NX30_15_P50,P50,7.5,17.0,37.4
NX30_15_P50,P50,10.0,26.0,111.7
NX30_15_P50,P50,12.5,46.0,151.5
NX30_15_P50,P50,15.0,70.0,251.6
NX30_15_P50,P50,17.5,74.0,338.5
NX30_15_P50,P50,20.0,61.0,273.4
NX30_15_P50,P50,22.5,56.0,267.4
NX30_15_P50,P50,25.0,53.0,207.7
NX30_15_P50,P50,27.5,55.0,227.4
NX30_15_P50,P50,30.0,43.0,191.6
NX30_15_P50,P50,32.5,43.0,162.4
NX30_15_P50,P50,35.0,38.0,145.3
NX30_15_P50,P50,37.5,37.0,148.6
NX30_15_P50,P50,40.0,33.0,141.7
NX30_15_P50,P50,42.5,24.0,109.3
NX30_15_P50,P50,45.0,13.0,57.2
NX30_15_P50,P50,47.5,7.0,26.5
NX30_15_P50,P50,50.0,7.0,25.5
NX30_15_P50,P50,52.5,8.0,32.7
NX30_15_P50,P50,55.0,3.0,17.4
NX30_15_P50,P50,57.5,0.0,1.9
NX30_16_P50,P50,0.0,0.0,0.0
NX30_16_P50,P50,2.5,1.0,0.1
NX30_16_P50,P50,5.0,13.0,28.6
NX30_16_P50,P50,7.5,17.0,94.3
NX30_16_P50,P50,10.0,39.0,127.5
NX30_16_P50,P50,12.5,50.0,224.3
NX30_16_P50,P50,15.0,44.0,239.9
NX30_16_P50,P50,17.5,47.0,184.7
NX30_16_P50,P50,20.0,54.0,220.0
NX30_16_P50,P50,22.5,54.0,257.4
NX30_16_P50,P50,25.0,37.0,227.8
NX30_16_P50,P50,27.5,34.0,153.5
NX30_16_P50,P50,30.0,27.0,145.4
NX30_16_P50,P50,32.5,24.0,107.0
NX30_16_P50,P50,35.0,17.0,81.4
NX30_16_P50,P50,37.5,10.0,46.3
NX30_16_P50,P50,40.0,8.0,38.5
NX30_16_P50,P50,42.5,4.0,19.8
NX30_16_P50,P50,45.0,4.0,16.1
NX30_16_P50,P50,47.5,4.0,14.3
NX30_16_P50,P50,50.0,3.0,7.1
NX30_16_P50,P50,52.5,3.0,7.5
NX30_16_P50,P50,55.0,0.0,2.4
NX34_1_P50,P50,0.0,0.0,0.0
NX34_1_P50,P50,2.5,1.0,0.1
NX34_1_P50,P50,5.0,5.0,13.4
NX34_1_P50,P50,7.5,12.0,37.8
NX34_1_P50,P50,10.0,16.0,79.6
NX34_1_P50,P50,12.5,23.0,87.3
NX34_1_P50,P50,15.0,25.0,90.9
NX34_1_P50,P50,17.5,25.0,105.7
NX34_1_P50,P50,20.0,28.0,96.7
NX34_1_P50,P50,22.5,25.0,133.2
NX34_1_P50,P50,25.0,20.0,114.8
NX34_1_P50,P50,27.5,19.0,99.5
NX34_1_P50,P50,30.0,27.0,90.3
NX34_1_P50,P50,32.5,19.0,88.4
NX34_1_P50,P50,35.0,18.0,65.3
NX34_1_P50,P50,37.5,14.0,59.2
NX34_1_P50,P50,40.0,24.0,56.4
NX34_1_P50,P50,42.5,10.0,57.2
NX34_1_P50,P50,45.0,12.0,40.3
NX34_1_P50,P50,47.5,7.0,45.7
NX34_1_P50,P50,50.0,4.0,25.2
NX34_1_P50,P50,52.5,4.0,14.5
NX34_1_P50,P50,55.0,2.0,8.8
NX34_1_P50,P50,57.5,0.0,2.8
NX34_2_P50,P50,0.0,0.0,0.0
NX34_2_P50,P50,2.5,0.0,0.0
NX34_2_P50,P50,5.0,19.0,13.5
NX34_2_P50,P50,7.5,33.0,111.5
NX34_2_P50,P50,10.0,44.0,168.1
NX34_2_P50,P50,12.5,42.0,208.8
NX34_2_P50,P50,15.0,39.0,177.9
NX34_2_P50,P50,17.5,36.0,167.2
NX34_2_P50,P50,20.0,28.0,172.0
NX34_2_P50,P50,22.5,31.0,134.0
NX34_2_P50,P50,25.0,29.0,121.4
NX34_2_P50,P50,27.5,16.0,92.9
NX34_2_P50,P50,30.0,6.0,44.3
NX34_2_P50,P50,32.5,6.0,22.3
NX34_2_P50,P50,35.0,3.0,13.2
NX34_2_P50,P50,37.5,2.0,8.7
NX34_2_P50,P50,40.0,0.0,2.9
NX44_28_P50,P50,0.0,0.0,0.0
NX44_28_P50,P50,2.5,1.0,0.2
NX44_28_P50,P50,5.0,12.0,23.8
NX44_28_P50,P50,7.5,32.0,102.4
NX44_28_P50,P50,10.0,34.0,155.6
NX44_28_P50,P50,12.5,38.0,146.7
NX44_28_P50,P50,15.0,31.0,132.4
NX44_28_P50,P50,17.5,33.0,130.7
NX44_28_P50,P50,20.0,29.0,144.9
NX44_28_P50,P50,22.5,25.0,89.9
NX44_28_P50,P50,25.0,34.0,103.4
NX44_28_P50,P50,27.5,40.0,135.2
NX44_28_P50,P50,30.0,28.0,138.1
NX44_28_P50,P50,32.5,18.0,88.0
NX44_28_P50,P50,35.0,10.0,62.6
NX44_28_P50,P50,37.5,9.0,35.7
NX44_28_P50,P50,40.0,9.0,32.3
NX44_28_P50,P50,42.5,5.0,39.4
NX44_28_P50,P50,45.0,0.0,5.2
NX45_low_P50,P50,0.0,0.0,0.0
NX45_low_P50,P50,2.5,0.0,0.0
NX45_low_P50,P50,5.0,10.0,16.0
NX45_low_P50,P50,7.5,14.0,40.8
NX45_low_P50,P50,10.0,17.0,65.5
NX45_low_P50,P50,12.5,25.0,83.8
NX45_low_P50,P50,15.0,18.0,124.3
NX45_low_P50,P50,17.5,17.0,93.6
NX45_low_P50,P50,20.0,19.0,102.7
NX45_low_P50,P50,22.5,28.0,83.1
NX45_low_P50,P50,25.0,32.0,138.2
NX45_low_P50,P50,27.5,23.0,98.7
NX45_low_P50,P50,30.0,15.0,61.1
NX45_low_P50,P50,32.5,9.0,42.8
NX45_low_P50,P50,35.0,10.0,34.0
NX45_low_P50,P50,37.5,4.0,27.5
NX45_low_P50,P50,40.0,4.0,14.3
NX45_low_P50,P50,42.5,7.0,15.7
NX45_low_P50,P50,45.0,5.0,16.8
NX45_low_P50,P50,47.5,6.0,16.6
NX45_low_P50,P50,50.0,1.0,7.6
NX45_low_P50,P50,52.5,0.0,0.1
NX45_up_P50,P50,0.0,0.0,0.0
NX45_up_P50,P50,2.5,0.0,0.0
NX45_up_P50,P50,5.0,2.0,2.1
NX45_up_P50,P50,7.5,14.0,20.4
NX45_up_P50,P50,10.0,31.0,107.9
NX45_up_P50,P50,12.5,37.0,160.8
NX45_up_P50,P50,15.0,42.0,173.5
NX45_up_P50,P50,17.5,37.0,158.5
NX45_up_P50,P50,20.0,40.0,136.1
NX45_up_P50,P50,22.5,44.0,175.6
NX45_up_P50,P50,25.0,47.0,187.3
NX45_up_P50,P50,27.5,35.0,139.9
NX45_up_P50,P50,30.0,32.0,138.5
NX45_up_P50,P50,32.5,20.0,139.5
NX45_up_P50,P50,35.0,12.0,50.3
NX45_up_P50,P50,37.5,12.0,55.4
NX45_up_P50,P50,40.0,6.0,31.6
NX45_up_P50,P50,42.5,5.0,23.0
NX45_up_P50,P50,45.0,5.0,17.2
NX45_up_P50,P50,47.5,2.0,19.2
NX45_up_P50,P50,50.0,0.0,5.2
NX5_22_P10,P10,0.0,0.0,0.0
NX5_22_P10,P10,2.5,0.0,0.0
NX5_22_P10,P10,5.0,13.0,22.3
NX5_22_P10,P10,7.5,33.0,127.8
NX5_22_P10,P10,10.0,81.0,241.6
NX5_22_P10,P10,12.5,70.0,318.3
NX5_22_P10,P10,15.0,52.0,254.8
NX5_22_P10,P10,17.5,61.0,243.5
NX5_22_P10,P10,20.0,36.0,206.1
NX5_22_P10,P10,22.5,36.0,153.5
NX5_22_P10,P10,25.0,34.0,150.9
NX5_22_P10,P10,27.5,8.0,85.1
NX5_22_P10,P10,30.0,4.0,29.5
NX5_22_P10,P10,32.5,3.0,13.1
NX5_22_P10,P10,35.0,2.0,7.7
NX5_22_P10,P10,37.5,2.0,9.0
NX5_22_P10,P10,40.0,1.0,3.2
NX5_22_P10,P10,42.5,1.0,2.6
NX5_22_P10,P10,45.0,0.0,0.5
NX5_9_P10,P10,0.0,0.0,0.0
NX5_9_P10,P10,2.5,0.0,0.0
NX5_9_P10,P10,5.0,9.0,11.7
NX5_9_P10,P10,7.5,21.0,52.8
NX5_9_P10,P10,10.0,34.0,80.9
NX5_9_P10,P10,12.5,29.0,133.1
NX5_9_P10,P10,15.0,32.0,158.6
NX5_9_P10,P10,17.5,25.0,96.2
NX5_9_P10,P10,20.0,23.0,100.8
NX5_9_P10,P10,22.5,21.0,106.7
NX5_9_P10,P10,25.0,15.0,88.8
NX5_9_P10,P10,27.5,7.0,42.1
NX5_9_P10,P10,30.0,6.0,26.8
NX5_9_P10,P10,32.5,6.0,25.0
NX5_9_P10,P10,35.0,1.0,8.7
NX5_9_P10,P10,37.5,0.0,0.9
NX64_1_P10,P10,0.0,0.0,0.0
NX64_1_P10,P10,2.5,0.0,0.0
NX64_1_P10,P10,5.0,12.0,22.5
NX64_1_P10,P10,7.5,21.0,67.5
NX64_1_P10,P10,10.0,22.0,95.4
NX64_1_P10,P10,12.5,33.0,109.8
NX64_1_P10,P10,15.0,37.0,160.5
NX64_1_P10,P10,17.5,39.0,168.4
NX64_1_P10,P10,20.0,17.0,131.4
NX64_1_P10,P10,22.5,12.0,76.1
NX64_1_P10,P10,25.0,10.0,52.0
NX64_1_P10,P10,27.5,2.0,26.2
NX64_1_P10,P10,30.0,0.0,2.0
NX64_2_P10,P10,0.0,0.0,0.0
NX64_2_P10,P10,2.5,0.0,0.0
NX64_2_P10,P10,5.0,2.0,15.0
NX64_2_P10,P10,7.5,11.0,50.3
NX64_2_P10,P10,10.0,23.0,102.5
NX64_2_P10,P10,12.5,23.0,107.6
NX64_2_P10,P10,15.0,23.0,126.4
NX64_2_P10,P10,17.5,25.0,97.6
NX64_2_P10,P10,20.0,20.0,111.1
NX64_2_P10,P10,22.5,23.0,102.8
NX64_2_P10,P10,25.0,22.0,86.5
NX64_2_P10,P10,27.5,23.0,110.0
NX64_2_P10,P10,30.0,20.0,73.6
NX64_2_P10,P10,32.5,20.0,77.5
NX64_2_P10,P10,35.0,23.0,92.7
NX64_2_P10,P10,37.5,9.0,61.5
NX64_2_P10,P10,40.0,11.0,35.4
NX64_2_P10,P10,42.5,7.0,39.4
NX64_2_P10,P10,45.0,5.0,24.7
NX64_2_P10,P10,47.5,3.0,12.2
NX64_2_P10,P10,50.0,3.0,9.7
NX64_2_P10,P10,52.5,0.0,7.1
NX65_16_P10,P10,0.0,0.0,0.0
NX65_16_P10,P10,2.5,1.0,0.0
NX65_16_P10,P10,5.0,8.0,11.9
NX65_16_P10,P10,7.5,23.0,79.2
NX65_16_P10,P10,10.0,25.0,95.2
NX65_16_P10,P10,12.5,41.0,128.7
NX65_16_P10,P10,15.0,33.0,146.5
NX65_16_P10,P10,17.5,34.0,149.2
NX65_16_P10,P10,20.0,34.0,151.4
NX65_16_P10,P10,22.5,47.0,185.0
NX65_16_P10,P10,25.0,32.0,179.6
NX65_16_P10,P10,27.5,22.0,99.1
NX65_16_P10,P10,30.0,17.0,64.0
NX65_16_P10,P10,32.5,17.0,64.7
NX65_16_P10,P10,35.0,11.0,43.5
NX65_16_P10,P10,37.5,5.0,28.6
NX65_16_P10,P10,40.0,2.0,21.6
NX65_16_P10,P10,42.5,2.0,6.4
NX65_16_P10,P10,45.0,1.0,6.8
NX65_16_P10,P10,47.5,0.0,1.5
NX65_5_P10,P10,0.0,0.0,0.0
NX65_5_P10,P10,2.5,0.0,0.0
NX65_5_P10,P10,5.0,6.0,14.6
NX65_5_P10,P10,7.5,15.0,66.3
NX65_5_P10,P10,10.0,23.0,82.6
NX65_5_P10,P10,12.5,29.0,107.2
NX65_5_P10,P10,15.0,37.0,140.8
NX65_5_P10,P10,17.5,42.0,202.1
NX65_5_P10,P10,20.0,54.0,221.0
NX65_5_P10,P10,22.5,49.0,233.9
NX65_5_P10,P10,25.0,40.0,188.2
NX65_5_P10,P10,27.5,25.0,120.5
NX65_5_P10,P10,30.0,25.0,121.9
NX65_5_P10,P10,32.5,10.0,81.0
NX65_5_P10,P10,35.0,14.0,39.2
NX65_5_P10,P10,37.5,7.0,45.7
NX65_5_P10,P10,40.0,3.0,16.6
NX65_5_P10,P10,42.5,1.0,6.1
NX65_5_P10,P10,45.0,0.0,2.6
NX6_29_P20,P20,0.0,0.0,0.0
NX6_29_P20,P20,2.5,1.0,0.1
NX6_29_P20,P20,5.0,6.0,11.6
NX6_29_P20,P20,7.5,16.0,66.2
NX6_29_P20,P20,10.0,43.0,154.7
NX6_29_P20,P20,12.5,52.0,241.8
NX6_29_P20,P20,15.0,70.0,319.6
NX6_29_P20,P20,17.5,55.0,275.0
NX6_29_P20,P20,20.0,43.0,261.1
NX6_29_P20,P20,22.5,34.0,176.2
NX6_29_P20,P20,25.0,35.0,144.0
NX6_29_P20,P20,27.5,18.0,107.3
NX6_29_P20,P20,30.0,12.0,51.7
NX6_29_P20,P20,32.5,12.0,48.0
NX6_29_P20,P20,35.0,9.0,38.4
NX6_29_P20,P20,37.5,5.0,23.8
NX6_29_P20,P20,40.0,1.0,10.5
NX6_29_P20,P20,42.5,0.0,2.1
NX6_4_P20,P20,0.0,0.0,0.0
NX6_4_P20,P20,2.5,0.0,0.0
NX6_4_P20,P20,5.0,16.0,46.3
NX6_4_P20,P20,7.5,38.0,170.8
NX6_4_P20,P20,10.0,64.0,244.5
NX6_4_P20,P20,12.5,80.0,374.3
NX6_4_P20,P20,15.0,68.0,369.6
NX6_4_P20,P20,17.5,102.0,342.7
NX6_4_P20,P20,20.0,67.0,355.5
NX6_4_P20,P20,22.5,65.0,322.0
NX6_4_P20,P20,25.0,54.0,249.6
NX6_4_P20,P20,27.5,29.0,212.7
NX6_4_P20,P20,30.0,26.0,112.5
NX6_4_P20,P20,32.5,19.0,79.7
NX6_4_P20,P20,35.0,7.0,48.4
NX6_4_P20,P20,37.5,6.0,26.5
NX6_4_P20,P20,40.0,4.0,13.1
NX6_4_P20,P20,42.5,3.0,18.1
NX6_4_P20,P20,45.0,3.0,8.3
NX6_4_P20,P20,47.5,2.0,12.6
NX6_4_P20,P20,50.0,1.0,6.3
NX6_4_P20,P20,52.5,0.0,1.7
NX72_1_P10,P10,0.0,0.0,0.0
NX72_1_P10,P10,2.5,2.0,1.9
NX72_1_P10,P10,5.0,16.0,51.4
NX72_1_P10,P10,7.5,30.0,104.6
NX72_1_P10,P10,10.0,54.0,200.9
NX72_1_P10,P10,12.5,55.0,237.4
NX72_1_P10,P10,15.0,42.0,212.1
NX72_1_P10,P10,17.5,38.0,175.9
NX72_1_P10,P10,20.0,24.0,166.5
NX72_1_P10,P10,22.5,11.0,82.2
NX72_1_P10,P10,25.0,7.0,44.4
NX72_1_P10,P10,27.5,3.0,27.0
NX72_1_P10,P10,30.0,4.0,17.4
NX72_1_P10,P10,32.5,4.0,19.8
NX72_1_P10,P10,35.0,3.0,10.7
NX72_1_P10,P10,37.5,0.0,0.6
NX72_2_P10,P10,0.0,0.0,0.0
NX72_2_P10,P10,2.5,0.0,0.0
NX72_2_P10,P10,5.0,23.0,59.7
NX72_2_P10,P10,7.5,34.0,133.7
NX72_2_P10,P10,10.0,41.0,194.5
NX72_2_P10,P10,12.5,52.0,193.7
NX72_2_P10,P10,15.0,40.0,229.1
NX72_2_P10,P10,17.5,37.0,195.5
NX72_2_P10,P10,20.0,26.0,170.4
NX72_2_P10,P10,22.5,13.0,79.8
NX72_2_P10,P10,25.0,12.0,66.0
NX72_2_P10,P10,27.5,5.0,56.2
NX72_2_P10,P10,30.0,5.0,19.8
NX72_2_P10,P10,32.5,2.0,15.4
NX72_2_P10,P10,35.0,0.0,1.7
NX73_19_P10,P10,0.0,0.0,0.0
NX73_19_P10,P10,2.5,1.0,0.0
NX73_19_P10,P10,5.0,3.0,7.1
NX73_19_P10,P10,7.5,20.0,39.4
NX73_19_P10,P10,10.0,27.0,129.3
NX73_19_P10,P10,12.5,32.0,112.3
NX73_19_P10,P10,15.0,44.0,165.2
NX73_19_P10,P10,17.5,35.0,184.1
NX73_19_P10,P10,20.0,25.0,134.7
NX73_19_P10,P10,22.5,17.0,93.7
NX73_19_P10,P10,25.0,16.0,73.4
NX73_19_P10,P10,27.5,12.0,54.4
NX73_19_P10,P10,30.0,14.0,70.1
NX73_19_P10,P10,32.5,9.0,42.4
NX73_19_P10,P10,35.0,2.0,19.5
NX73_19_P10,P10,37.5,0.0,5.1
NX73_21_P10,P10,0.0,0.0,0.0
NX73_21_P10,P10,2.5,0.0,0.0
NX73_21_P10,P10,5.0,11.0,20.1
NX73_21_P10,P10,7.5,23.0,70.5
NX73_21_P10,P10,10.0,40.0,140.3
NX73_21_P10,P10,12.5,54.0,224.9
NX73_21_P10,P10,15.0,46.0,237.5
NX73_21_P10,P10,17.5,42.0,201.6
NX73_21_P10,P10,20.0,20.0,133.7
NX73_21_P10,P10,22.5,20.0,93.2
NX73_21_P10,P10,25.0,17.0,92.8
NX73_21_P10,P10,27.5,14.0,60.2
NX73_21_P10,P10,30.0,11.0,40.2
NX73_21_P10,P10,32.5,6.0,32.3
NX73_21_P10,P10,35.0,4.0,24.1
NX73_21_P10,P10,37.5,8.0,15.7
NX73_21_P10,P10,40.0,0.0,18.0
NX74_20_P20,P20,0.0,0.0,0.0
NX74_20_P20,P20,2.5,0.0,0.0
NX74_20_P20,P20,5.0,2.0,4.4
NX74_20_P20,P20,7.5,31.0,77.8
NX74_20_P20,P20,10.0,65.0,217.5
NX74_20_P20,P20,12.5,102.0,405.6
NX74_20_P20,P20,15.0,107.0,454.0
NX74_20_P20,P20,17.5,81.0,387.7
NX74_20_P20,P20,20.0,63.0,282.3
NX74_20_P20,P20,22.5,33.0,246.4
NX74_20_P20,P20,25.0,22.0,126.9
NX74_20_P20,P20,27.5,10.0,56.6
NX74_20_P20,P20,30.0,1.0,19.4
NX74_20_P20,P20,32.5,1.0,4.9
NX74_20_P20,P20,35.0,2.0,5.6
NX74_20_P20,P20,37.5,1.0,8.4
NX74_20_P20,P20,40.0,1.0,3.1
NX74_20_P20,P20,42.5,0.0,1.1
NX74_26_P20,P20,0.0,0.0,0.0
NX74_26_P20,P20,2.5,0.0,0.0
NX74_26_P20,P20,5.0,5.0,6.5
NX74_26_P20,P20,7.5,18.0,44.9
NX74_26_P20,P20,10.0,30.0,93.0
NX74_26_P20,P20,12.5,59.0,203.7
NX74_26_P20,P20,15.0,52.0,243.7
NX74_26_P20,P20,17.5,52.0,230.6
NX74_26_P20,P20,20.0,75.0,269.9
NX74_26_P20,P20,22.5,60.0,262.5
NX74_26_P20,P20,25.0,58.0,236.7
NX74_26_P20,P20,27.5,38.0,202.9
NX74_26_P20,P20,30.0,37.0,155.6
NX74_26_P20,P20,32.5,34.0,174.5
NX74_26_P20,P20,35.0,25.0,151.7
NX74_26_P20,P20,37.5,14.0,74.7
NX74_26_P20,P20,40.0,12.0,51.5
NX74_26_P20,P20,42.5,5.0,35.0
NX74_26_P20,P20,45.0,3.0,15.5
NX74_26_P20,P20,47.5,0.0,2.4
NX7_19_P20,P20,0.0,0.0,0.0
NX7_19_P20,P20,2.5,0.0,0.0
NX7_19_P20,P20,5.0,7.0,10.3
NX7_19_P20,P20,7.5,11.0,35.6
NX7_19_P20,P20,10.0,29.0,77.2
NX7_19_P20,P20,12.5,14.0,81.7
NX7_19_P20,P20,15.0,19.0,85.5
NX7_19_P20,P20,17.5,30.0,100.7
NX7_19_P20,P20,20.0,30.0,108.6
NX7_19_P20,P20,22.5,29.0,143.9
NX7_19_P20,P20,25.0,39.0,151.8
NX7_19_P20,P20,27.5,31.0,141.7
NX7_19_P20,P20,30.0,20.0,107.2
NX7_19_P20,P20,32.5,18.0,72.2
NX7_19_P20,P20,35.0,20.0,74.3
NX7_19_P20,P20,37.5,18.0,79.2
NX7_19_P20,P20,40.0,18.0,65.6
NX7_19_P20,P20,42.5,19.0,68.3
NX7_19_P20,P20,45.0,8.0,50.0
NX7_19_P20,P20,47.5,4.0,24.9
NX7_19_P20,P20,50.0,0.0,3.4
NX83_11_P20,P20,0.0,0.0,0.0
NX83_11_P20,P20,2.5,0.0,0.0
NX83_11_P20,P20,5.0,4.0,4.1
NX83_11_P20,P20,7.5,8.0,24.9
NX83_11_P20,P20,10.0,23.0,62.7
NX83_11_P20,P20,12.5,26.0,114.0
NX83_11_P20,P20,15.0,25.0,93.1
NX83_11_P20,P20,17.5,33.0,136.8
NX83_11_P20,P20,20.0,25.0,120.7
NX83_11_P20,P20,22.5,18.0,111.6
NX83_11_P20,P20,25.0,20.0,120.4
NX83_11_P20,P20,27.5,29.0,128.8
NX83_11_P20,P20,30.0,26.0,148.8
NX83_11_P20,P20,32.5,19.0,86.3
NX83_11_P20,P20,35.0,15.0,96.2
NX83_11_P20,P20,37.5,3.0,40.1
NX83_11_P20,P20,40.0,1.0,6.7
NX83_11_P20,P20,42.5,0.0,3.1
NX90_20_P50,P50,0.0,0.0,0.0
NX90_20_P50,P50,2.5,1.0,0.4
NX90_20_P50,P50,5.0,10.0,22.2
NX90_20_P50,P50,7.5,30.0,66.9
NX90_20_P50,P50,10.0,33.0,147.5
NX90_20_P50,P50,12.5,38.0,165.4
NX90_20_P50,P50,15.0,47.0,175.5
NX90_20_P50,P50,17.5,41.0,181.1
NX90_20_P50,P50,20.0,46.0,157.1
NX90_20_P50,P50,22.5,40.0,149.5
NX90_20_P50,P50,25.0,44.0,163.8
NX90_20_P50,P50,27.5,35.0,142.0
NX90_20_P50,P50,30.0,33.0,129.7
NX90_20_P50,P50,32.5,31.0,122.1
NX90_20_P50,P50,35.0,25.0,118.0
NX90_20_P50,P50,37.5,22.0,85.3
NX90_20_P50,P50,40.0,13.0,60.0
NX90_20_P50,P50,42.5,13.0,39.4
NX90_20_P50,P50,45.0,9.0,38.1
NX90_20_P50,P50,47.5,6.0,26.2
NX90_20_P50,P50,50.0,1.0,12.6
NX90_20_P50,P50,52.5,1.0,5.1
NX90_20_P50,P50,55.0,0.0,2.6
NX90_22_P50,P50,0.0,0.0,0.0
NX90_22_P50,P50,2.5,0.0,0.0
NX90_22_P50,P50,5.0,6.0,5.4
NX90_22_P50,P50,7.5,16.0,69.4
NX90_22_P50,P50,10.0,28.0,91.9
NX90_22_P50,P50,12.5,49.0,178.8
NX90_22_P50,P50,15.0,50.0,251.5
NX90_22_P50,P50,17.5,52.0,231.2
NX90_22_P50,P50,20.0,42.0,203.9
NX90_22_P50,P50,22.5,41.0,195.7
NX90_22_P50,P50,25.0,35.0,165.0
NX90_22_P50,P50,27.5,43.0,173.6
NX90_22_P50,P50,30.0,33.0,151.1
NX90_22_P50,P50,32.5,17.0,106.4
NX90_22_P50,P50,35.0,14.0,73.6
NX90_22_P50,P50,37.5,9.0,46.9
NX90_22_P50,P50,40.0,3.0,29.7
NX90_22_P50,P50,42.5,0.0,7.4
NX93_low_P20,P20,0.0,0.0,0.0
NX93_low_P20,P20,2.5,0.0,0.0
NX93_low_P20,P20,5.0,14.0,32.5
NX93_low_P20,P20,7.5,40.0,132.0
NX93_low_P20,P20,10.0,39.0,194.5
NX93_low_P20,P20,12.5,48.0,206.0
NX93_low_P20,P20,15.0,50.0,186.2
NX93_low_P20,P20,17.5,31.0,187.4
NX93_low_P20,P20,20.0,25.0,112.8
NX93_low_P20,P20,22.5,11.0,87.4
NX93_low_P20,P20,25.0,7.0,46.7
NX93_low_P20,P20,27.5,1.0,13.0
NX93_low_P20,P20,30.0,0.0,0.8
NX93_up_P20,P20,0.0,0.0,0.0
NX93_up_P20,P20,2.5,0.0,0.0
NX93_up_P20,P20,5.0,17.0,24.8
NX93_up_P20,P20,7.5,30.0,121.1
NX93_up_P20,P20,10.0,38.0,149.4
NX93_up_P20,P20,12.5,54.0,185.5
NX93_up_P20,P20,15.0,46.0,253.8
NX93_up_P20,P20,17.5,40.0,227.2
NX93_up_P20,P20,20.0,63.0,248.1
NX93_up_P20,P20,22.5,66.0,300.0
NX93_up_P20,P20,25.0,61.0,283.1
NX93_up_P20,P20,27.5,49.0,289.5
NX93_up_P20,P20,30.0,43.0,194.2
NX93_up_P20,P20,32.5,21.0,112.3
NX93_up_P20,P20,35.0,6.0,60.1
NX93_up_P20,P20,37.5,5.0,32.4
NX93_up_P20,P20,40.0,2.0,18.3
NX93_up_P20,P20,42.5,1.0,3.2
NX93_up_P20,P20,45.0,1.0,6.0
NX93_up_P20,P20,47.5,0.0,2.1
