cell_id,age,radius_um,intersections
NX15_26_P20,P20,0.0,0.0
NX15_26_P20,P20,2.5,0.0
NX15_26_P20,P20,5.0,11.0
NX15_26_P20,P20,7.5,20.0
NX15_26_P20,P20,10.0,24.0
NX15_26_P20,P20,12.5,26.0
NX15_26_P20,P20,15.0,30.0
NX15_26_P20,P20,17.5,43.0
NX15_26_P20,P20,20.0,41.0
NX15_26_P20,P20,22.5,31.0
NX15_26_P20,P20,25.0,31.0
NX15_26_P20,P20,27.5,25.0
NX15_26_P20,P20,30.0,28.0
NX15_26_P20,P20,32.5,22.0
NX15_26_P20,P20,35.0,20.0
NX15_26_P20,P20,37.5,11.0
NX15_26_P20,P20,40.0,11.0
NX15_26_P20,P20,42.5,8.0
NX15_26_P20,P20,45.0,6.0
NX15_26_P20,P20,47.5,7.0
NX15_26_P20,P20,50.0,2.0
NX15_26_P20,P20,52.5,0.0
NX15_26_P20,P20,55.0,0.0
NX15_26_P20,P20,57.5,0.0
NX16_1_P20,P20,0.0,0.0
NX16_1_P20,P20,2.5,0.0
NX16_1_P20,P20,5.0,15.0
NX16_1_P20,P20,7.5,26.0
NX16_1_P20,P20,10.0,40.0
NX16_1_P20,P20,12.5,54.0
NX16_1_P20,P20,15.0,39.0
NX16_1_P20,P20,17.5,37.0
NX16_1_P20,P20,20.0,72.0
NX16_1_P20,P20,22.5,49.0
NX16_1_P20,P20,25.0,40.0
NX16_1_P20,P20,27.5,23.0
NX16_1_P20,P20,30.0,18.0
NX16_1_P20,P20,32.5,9.0
NX16_1_P20,P20,35.0,6.0
NX16_1_P20,P20,37.5,2.0
NX16_1_P20,P20,40.0,2.0
NX16_1_P20,P20,42.5,0.0
NX16_1_P20,P20,45.0,0.0
NX16_1_P20,P20,47.5,0.0
NX16_1_P20,P20,50.0,0.0
NX16_1_P20,P20,52.5,0.0
NX16_1_P20,P20,55.0,0.0
NX16_1_P20,P20,57.5,0.0
NX16_2_P20,P20,0.0,0.0
NX16_2_P20,P20,2.5,0.0
NX16_2_P20,P20,5.0,11.0
NX16_2_P20,P20,7.5,31.0
NX16_2_P20,P20,10.0,48.0
NX16_2_P20,P20,12.5,60.0
NX16_2_P20,P20,15.0,62.0
NX16_2_P20,P20,17.5,46.0
NX16_2_P20,P20,20.0,59.0
NX16_2_P20,P20,22.5,36.0
NX16_2_P20,P20,25.0,30.0
NX16_2_P20,P20,27.5,31.0
NX16_2_P20,P20,30.0,29.0
NX16_2_P20,P20,32.5,16.0
NX16_2_P20,P20,35.0,3.0
NX16_2_P20,P20,37.5,1.0
NX16_2_P20,P20,40.0,0.0
NX16_2_P20,P20,42.5,0.0
NX16_2_P20,P20,45.0,0.0
NX16_2_P20,P20,47.5,0.0
NX16_2_P20,P20,50.0,0.0
NX16_2_P20,P20,52.5,0.0
NX16_2_P20,P20,55.0,0.0
NX16_2_P20,P20,57.5,0.0
NX18_15_P50,P50,0.0,0.0
NX18_15_P50,P50,2.5,1.0
NX18_15_P50,P50,5.0,15.0
NX18_15_P50,P50,7.5,28.0
NX18_15_P50,P50,10.0,31.0
NX18_15_P50,P50,12.5,43.0
NX18_15_P50,P50,15.0,39.0
NX18_15_P50,P50,17.5,48.0
NX18_15_P50,P50,20.0,48.0
NX18_15_P50,P50,22.5,53.0
NX18_15_P50,P50,25.0,40.0
NX18_15_P50,P50,27.5,23.0
NX18_15_P50,P50,30.0,14.0
NX18_15_P50,P50,32.5,12.0
NX18_15_P50,P50,35.0,9.0
NX18_15_P50,P50,37.5,8.0
NX18_15_P50,P50,40.0,4.0
NX18_15_P50,P50,42.5,3.0
NX18_15_P50,P50,45.0,4.0
NX18_15_P50,P50,47.5,1.0
NX18_15_P50,P50,50.0,0.0
NX18_15_P50,P50,52.5,0.0
NX18_15_P50,P50,55.0,0.0
NX18_15_P50,P50,57.5,0.0
NX22_1_P10,P10,0.0,0.0
NX22_1_P10,P10,2.5,1.0
NX22_1_P10,P10,5.0,6.0
NX22_1_P10,P10,7.5,21.0
NX22_1_P10,P10,10.0,33.0
NX22_1_P10,P10,12.5,35.0
NX22_1_P10,P10,15.0,30.0
NX22_1_P10,P10,17.5,27.0
NX22_1_P10,P10,20.0,9.0
NX22_1_P10,P10,22.5,10.0
NX22_1_P10,P10,25.0,7.0
NX22_1_P10,P10,27.5,2.0
NX22_1_P10,P10,30.0,0.0
NX22_1_P10,P10,32.5,0.0
NX22_1_P10,P10,35.0,0.0
NX22_1_P10,P10,37.5,0.0
NX22_1_P10,P10,40.0,0.0
NX22_1_P10,P10,42.5,0.0
NX22_1_P10,P10,45.0,0.0
NX22_1_P10,P10,47.5,0.0
NX22_1_P10,P10,50.0,0.0
NX22_1_P10,P10,52.5,0.0
NX22_1_P10,P10,55.0,0.0
NX22_1_P10,P10,57.5,0.0
NX22_4_P10,P10,0.0,0.0
NX22_4_P10,P10,2.5,0.0
NX22_4_P10,P10,5.0,17.0
NX22_4_P10,P10,7.5,29.0
NX22_4_P10,P10,10.0,33.0
NX22_4_P10,P10,12.5,31.0
NX22_4_P10,P10,15.0,49.0
NX22_4_P10,P10,17.5,39.0
NX22_4_P10,P10,20.0,28.0
NX22_4_P10,P10,22.5,19.0
NX22_4_P10,P10,25.0,14.0
NX22_4_P10,P10,27.5,17.0
NX22_4_P10,P10,30.0,12.0
NX22_4_P10,P10,32.5,15.0
NX22_4_P10,P10,35.0,13.0
NX22_4_P10,P10,37.5,11.0
NX22_4_P10,P10,40.0,3.0
NX22_4_P10,P10,42.5,1.0
NX22_4_P10,P10,45.0,1.0
NX22_4_P10,P10,47.5,0.0
NX22_4_P10,P10,50.0,0.0
NX22_4_P10,P10,52.5,0.0
NX22_4_P10,P10,55.0,0.0
NX22_4_P10,P10,57.5,0.0
NX30_15_P50,P50,0.0,0.0
NX30_15_P50,P50,2.5,1.0
NX30_15_P50,P50,5.0,12.0
NX30_15_P50,P50,7.5,17.0
NX30_15_P50,P50,10.0,26.0
NX30_15_P50,P50,12.5,46.0
NX30_15_P50,P50,15.0,70.0
NX30_15_P50,P50,17.5,74.0
NX30_15_P50,P50,20.0,61.0
NX30_15_P50,P50,22.5,56.0
NX30_15_P50,P50,25.0,53.0
NX30_15_P50,P50,27.5,55.0
NX30_15_P50,P50,30.0,43.0
NX30_15_P50,P50,32.5,43.0
NX30_15_P50,P50,35.0,38.0
NX30_15_P50,P50,37.5,37.0
NX30_15_P50,P50,40.0,33.0
NX30_15_P50,P50,42.5,24.0
NX30_15_P50,P50,45.0,13.0
NX30_15_P50,P50,47.5,7.0
NX30_15_P50,P50,50.0,7.0
NX30_15_P50,P50,52.5,8.0
NX30_15_P50,P50,55.0,3.0
NX30_15_P50,P50,57.5,0.0
NX30_16_P50,P50,0.0,0.0
NX30_16_P50,P50,2.5,1.0
NX30_16_P50,P50,5.0,13.0
NX30_16_P50,P50,7.5,17.0
NX30_16_P50,P50,10.0,39.0
NX30_16_P50,P50,12.5,50.0
NX30_16_P50,P50,15.0,44.0
NX30_16_P50,P50,17.5,47.0
NX30_16_P50,P50,20.0,54.0
NX30_16_P50,P50,22.5,54.0
NX30_16_P50,P50,25.0,37.0
NX30_16_P50,P50,27.5,34.0
NX30_16_P50,P50,30.0,27.0
NX30_16_P50,P50,32.5,24.0
NX30_16_P50,P50,35.0,17.0
NX30_16_P50,P50,37.5,10.0
NX30_16_P50,P50,40.0,8.0
NX30_16_P50,P50,42.5,4.0
NX30_16_P50,P50,45.0,4.0
NX30_16_P50,P50,47.5,4.0
NX30_16_P50,P50,50.0,3.0
NX30_16_P50,P50,52.5,3.0
NX30_16_P50,P50,55.0,0.0
NX30_16_P50,P50,57.5,0.0
NX34_1_P50,P50,0.0,0.0
NX34_1_P50,P50,2.5,1.0
NX34_1_P50,P50,5.0,5.0
NX34_1_P50,P50,7.5,12.0
NX34_1_P50,P50,10.0,16.0
NX34_1_P50,P50,12.5,23.0
NX34_1_P50,P50,15.0,25.0
NX34_1_P50,P50,17.5,25.0
NX34_1_P50,P50,20.0,28.0
NX34_1_P50,P50,22.5,25.0
NX34_1_P50,P50,25.0,20.0
NX34_1_P50,P50,27.5,19.0
NX34_1_P50,P50,30.0,27.0
NX34_1_P50,P50,32.5,19.0
NX34_1_P50,P50,35.0,18.0
NX34_1_P50,P50,37.5,14.0
NX34_1_P50,P50,40.0,24.0
NX34_1_P50,P50,42.5,10.0
NX34_1_P50,P50,45.0,12.0
NX34_1_P50,P50,47.5,7.0
NX34_1_P50,P50,50.0,4.0
NX34_1_P50,P50,52.5,4.0
NX34_1_P50,P50,55.0,2.0
NX34_1_P50,P50,57.5,0.0
NX34_2_P50,P50,0.0,0.0
NX34_2_P50,P50,2.5,0.0
NX34_2_P50,P50,5.0,19.0
NX34_2_P50,P50,7.5,33.0
NX34_2_P50,P50,10.0,44.0
NX34_2_P50,P50,12.5,42.0
NX34_2_P50,P50,15.0,39.0
NX34_2_P50,P50,17.5,36.0
NX34_2_P50,P50,20.0,28.0
NX34_2_P50,P50,22.5,31.0
NX34_2_P50,P50,25.0,29.0
NX34_2_P50,P50,27.5,16.0
NX34_2_P50,P50,30.0,6.0
NX34_2_P50,P50,32.5,6.0
NX34_2_P50,P50,35.0,3.0
NX34_2_P50,P50,37.5,2.0
NX34_2_P50,P50,40.0,0.0
NX34_2_P50,P50,42.5,0.0
NX34_2_P50,P50,45.0,0.0
NX34_2_P50,P50,47.5,0.0
NX34_2_P50,P50,50.0,0.0
NX34_2_P50,P50,52.5,0.0
NX34_2_P50,P50,55.0,0.0
NX34_2_P50,P50,57.5,0.0
NX44_28_P50,P50,0.0,0.0
NX44_28_P50,P50,2.5,1.0
NX44_28_P50,P50,5.0,12.0
NX44_28_P50,P50,7.5,32.0
NX44_28_P50,P50,10.0,34.0
NX44_28_P50,P50,12.5,38.0
NX44_28_P50,P50,15.0,31.0
NX44_28_P50,P50,17.5,33.0
NX44_28_P50,P50,20.0,29.0
NX44_28_P50,P50,22.5,25.0
NX44_28_P50,P50,25.0,34.0
NX44_28_P50,P50,27.5,40.0
NX44_28_P50,P50,30.0,28.0
NX44_28_P50,P50,32.5,18.0
NX44_28_P50,P50,35.0,10.0
NX44_28_P50,P50,37.5,9.0
NX44_28_P50,P50,40.0,9.0
NX44_28_P50,P50,42.5,5.0
NX44_28_P50,P50,45.0,0.0
NX44_28_P50,P50,47.5,0.0
NX44_28_P50,P50,50.0,0.0
NX44_28_P50,P50,52.5,0.0
NX44_28_P50,P50,55.0,0.0
NX44_28_P50,P50,57.5,0.0
NX45_low_P50,P50,0.0,0.0
NX45_low_P50,P50,2.5,0.0
NX45_low_P50,P50,5.0,10.0
NX45_low_P50,P50,7.5,14.0
NX45_low_P50,P50,10.0,17.0
NX45_low_P50,P50,12.5,25.0
NX45_low_P50,P50,15.0,18.0
NX45_low_P50,P50,17.5,17.0
NX45_low_P50,P50,20.0,19.0
NX45_low_P50,P50,22.5,28.0
NX45_low_P50,P50,25.0,32.0
NX45_low_P50,P50,27.5,23.0
NX45_low_P50,P50,30.0,15.0
NX45_low_P50,P50,32.5,9.0
NX45_low_P50,P50,35.0,10.0
NX45_low_P50,P50,37.5,4.0
NX45_low_P50,P50,40.0,4.0
NX45_low_P50,P50,42.5,7.0
NX45_low_P50,P50,45.0,5.0
NX45_low_P50,P50,47.5,6.0
NX45_low_P50,P50,50.0,1.0
NX45_low_P50,P50,52.5,0.0
NX45_low_P50,P50,55.0,0.0
NX45_low_P50,P50,57.5,0.0
NX45_up_P50,P50,0.0,0.0
NX45_up_P50,P50,2.5,0.0
NX45_up_P50,P50,5.0,2.0
NX45_up_P50,P50,7.5,14.0
NX45_up_P50,P50,10.0,31.0
NX45_up_P50,P50,12.5,37.0
NX45_up_P50,P50,15.0,42.0
NX45_up_P50,P50,17.5,37.0
NX45_up_P50,P50,20.0,40.0
NX45_up_P50,P50,22.5,44.0
NX45_up_P50,P50,25.0,47.0
NX45_up_P50,P50,27.5,35.0
NX45_up_P50,P50,30.0,32.0
NX45_up_P50,P50,32.5,20.0
NX45_up_P50,P50,35.0,12.0
NX45_up_P50,P50,37.5,12.0
NX45_up_P50,P50,40.0,6.0
NX45_up_P50,P50,42.5,5.0
NX45_up_P50,P50,45.0,5.0
NX45_up_P50,P50,47.5,2.0
NX45_up_P50,P50,50.0,0.0
NX45_up_P50,P50,52.5,0.0
NX45_up_P50,P50,55.0,0.0
NX45_up_P50,P50,57.5,0.0
NX5_22_P10,P10,0.0,0.0
NX5_22_P10,P10,2.5,0.0
NX5_22_P10,P10,5.0,13.0
NX5_22_P10,P10,7.5,33.0
NX5_22_P10,P10,10.0,81.0
NX5_22_P10,P10,12.5,70.0
NX5_22_P10,P10,15.0,52.0
NX5_22_P10,P10,17.5,61.0
NX5_22_P10,P10,20.0,36.0
NX5_22_P10,P10,22.5,36.0
NX5_22_P10,P10,25.0,34.0
NX5_22_P10,P10,27.5,8.0
NX5_22_P10,P10,30.0,4.0
NX5_22_P10,P10,32.5,3.0
NX5_22_P10,P10,35.0,2.0
NX5_22_P10,P10,37.5,2.0
NX5_22_P10,P10,40.0,1.0
NX5_22_P10,P10,42.5,1.0
NX5_22_P10,P10,45.0,0.0
NX5_22_P10,P10,47.5,0.0
NX5_22_P10,P10,50.0,0.0
NX5_22_P10,P10,52.5,0.0
NX5_22_P10,P10,55.0,0.0
NX5_22_P10,P10,57.5,0.0
NX5_9_P10,P10,0.0,0.0
NX5_9_P10,P10,2.5,0.0
NX5_9_P10,P10,5.0,9.0
NX5_9_P10,P10,7.5,21.0
NX5_9_P10,P10,10.0,34.0
NX5_9_P10,P10,12.5,29.0
NX5_9_P10,P10,15.0,32.0
NX5_9_P10,P10,17.5,25.0
NX5_9_P10,P10,20.0,23.0
NX5_9_P10,P10,22.5,21.0
NX5_9_P10,P10,25.0,15.0
NX5_9_P10,P10,27.5,7.0
NX5_9_P10,P10,30.0,6.0
NX5_9_P10,P10,32.5,6.0
NX5_9_P10,P10,35.0,1.0
NX5_9_P10,P10,37.5,0.0
NX5_9_P10,P10,40.0,0.0
NX5_9_P10,P10,42.5,0.0
NX5_9_P10,P10,45.0,0.0
NX5_9_P10,P10,47.5,0.0
NX5_9_P10,P10,50.0,0.0
NX5_9_P10,P10,52.5,0.0
NX5_9_P10,P10,55.0,0.0
NX5_9_P10,P10,57.5,0.0
NX64_1_P10,P10,0.0,0.0
NX64_1_P10,P10,2.5,0.0
NX64_1_P10,P10,5.0,12.0
NX64_1_P10,P10,7.5,21.0
NX64_1_P10,P10,10.0,22.0
NX64_1_P10,P10,12.5,33.0
NX64_1_P10,P10,15.0,37.0
NX64_1_P10,P10,17.5,39.0
NX64_1_P10,P10,20.0,17.0
NX64_1_P10,P10,22.5,12.0
NX64_1_P10,P10,25.0,10.0
NX64_1_P10,P10,27.5,2.0
NX64_1_P10,P10,30.0,0.0
NX64_1_P10,P10,32.5,0.0
NX64_1_P10,P10,35.0,0.0
NX64_1_P10,P10,37.5,0.0
NX64_1_P10,P10,40.0,0.0
NX64_1_P10,P10,42.5,0.0
NX64_1_P10,P10,45.0,0.0
NX64_1_P10,P10,47.5,0.0
NX64_1_P10,P10,50.0,0.0
NX64_1_P10,P10,52.5,0.0
NX64_1_P10,P10,55.0,0.0
NX64_1_P10,P10,57.5,0.0
NX64_2_P10,P10,0.0,0.0
NX64_2_P10,P10,2.5,0.0
NX64_2_P10,P10,5.0,2.0
NX64_2_P10,P10,7.5,11.0
NX64_2_P10,P10,10.0,23.0
NX64_2_P10,P10,12.5,23.0
NX64_2_P10,P10,15.0,23.0
NX64_2_P10,P10,17.5,25.0
NX64_2_P10,P10,20.0,20.0
NX64_2_P10,P10,22.5,23.0
NX64_2_P10,P10,25.0,22.0
NX64_2_P10,P10,27.5,23.0
NX64_2_P10,P10,30.0,20.0
NX64_2_P10,P10,32.5,20.0
NX64_2_P10,P10,35.0,23.0
NX64_2_P10,P10,37.5,9.0
NX64_2_P10,P10,40.0,11.0
NX64_2_P10,P10,42.5,7.0
NX64_2_P10,P10,45.0,5.0
NX64_2_P10,P10,47.5,3.0
NX64_2_P10,P10,50.0,3.0
NX64_2_P10,P10,52.5,0.0
NX64_2_P10,P10,55.0,0.0
NX64_2_P10,P10,57.5,0.0
NX65_16_P10,P10,0.0,0.0
NX65_16_P10,P10,2.5,1.0
NX65_16_P10,P10,5.0,8.0
NX65_16_P10,P10,7.5,23.0
NX65_16_P10,P10,10.0,25.0
NX65_16_P10,P10,12.5,41.0
NX65_16_P10,P10,15.0,33.0
NX65_16_P10,P10,17.5,34.0
NX65_16_P10,P10,20.0,34.0
NX65_16_P10,P10,22.5,47.0
NX65_16_P10,P10,25.0,32.0
NX65_16_P10,P10,27.5,22.0
NX65_16_P10,P10,30.0,17.0
NX65_16_P10,P10,32.5,17.0
NX65_16_P10,P10,35.0,11.0
NX65_16_P10,P10,37.5,5.0
NX65_16_P10,P10,40.0,2.0
NX65_16_P10,P10,42.5,2.0
NX65_16_P10,P10,45.0,1.0
NX65_16_P10,P10,47.5,0.0
NX65_16_P10,P10,50.0,0.0
NX65_16_P10,P10,52.5,0.0
NX65_16_P10,P10,55.0,0.0
NX65_16_P10,P10,57.5,0.0
NX65_5_P10,P10,0.0,0.0
NX65_5_P10,P10,2.5,0.0
NX65_5_P10,P10,5.0,6.0
NX65_5_P10,P10,7.5,15.0
NX65_5_P10,P10,10.0,23.0
NX65_5_P10,P10,12.5,29.0
NX65_5_P10,P10,15.0,37.0
NX65_5_P10,P10,17.5,42.0
NX65_5_P10,P10,20.0,54.0
NX65_5_P10,P10,22.5,49.0
NX65_5_P10,P10,25.0,40.0
NX65_5_P10,P10,27.5,25.0
NX65_5_P10,P10,30.0,25.0
NX65_5_P10,P10,32.5,10.0
NX65_5_P10,P10,35.0,14.0
NX65_5_P10,P10,37.5,7.0
NX65_5_P10,P10,40.0,3.0
NX65_5_P10,P10,42.5,1.0
NX65_5_P10,P10,45.0,0.0
NX65_5_P10,P10,47.5,0.0
NX65_5_P10,P10,50.0,0.0
NX65_5_P10,P10,52.5,0.0
NX65_5_P10,P10,55.0,0.0
NX65_5_P10,P10,57.5,0.0
NX6_29_P20,P20,0.0,0.0
NX6_29_P20,P20,2.5,1.0
NX6_29_P20,P20,5.0,6.0
NX6_29_P20,P20,7.5,16.0
NX6_29_P20,P20,10.0,43.0
NX6_29_P20,P20,12.5,52.0
NX6_29_P20,P20,15.0,70.0
NX6_29_P20,P20,17.5,55.0
NX6_29_P20,P20,20.0,43.0
NX6_29_P20,P20,22.5,34.0
NX6_29_P20,P20,25.0,35.0
NX6_29_P20,P20,27.5,18.0
NX6_29_P20,P20,30.0,12.0
NX6_29_P20,P20,32.5,12.0
NX6_29_P20,P20,35.0,9.0
NX6_29_P20,P20,37.5,5.0
NX6_29_P20,P20,40.0,1.0
NX6_29_P20,P20,42.5,0.0
NX6_29_P20,P20,45.0,0.0
NX6_29_P20,P20,47.5,0.0
NX6_29_P20,P20,50.0,0.0
NX6_29_P20,P20,52.5,0.0
NX6_29_P20,P20,55.0,0.0
NX6_29_P20,P20,57.5,0.0
NX6_4_P20,P20,0.0,0.0
NX6_4_P20,P20,2.5,0.0
NX6_4_P20,P20,5.0,16.0
NX6_4_P20,P20,7.5,38.0
NX6_4_P20,P20,10.0,64.0
NX6_4_P20,P20,12.5,80.0
NX6_4_P20,P20,15.0,68.0
NX6_4_P20,P20,17.5,102.0
NX6_4_P20,P20,20.0,67.0
NX6_4_P20,P20,22.5,65.0
NX6_4_P20,P20,25.0,54.0
NX6_4_P20,P20,27.5,29.0
NX6_4_P20,P20,30.0,26.0
NX6_4_P20,P20,32.5,19.0
NX6_4_P20,P20,35.0,7.0
NX6_4_P20,P20,37.5,6.0
NX6_4_P20,P20,40.0,4.0
NX6_4_P20,P20,42.5,3.0
NX6_4_P20,P20,45.0,3.0
NX6_4_P20,P20,47.5,2.0
NX6_4_P20,P20,50.0,1.0
NX6_4_P20,P20,52.5,0.0
NX6_4_P20,P20,55.0,0.0
NX6_4_P20,P20,57.5,0.0
NX72_1_P10,P10,0.0,0.0
NX72_1_P10,P10,2.5,2.0
NX72_1_P10,P10,5.0,16.0
NX72_1_P10,P10,7.5,30.0
NX72_1_P10,P10,10.0,54.0
NX72_1_P10,P10,12.5,55.0
NX72_1_P10,P10,15.0,42.0
NX72_1_P10,P10,17.5,38.0
NX72_1_P10,P10,20.0,24.0
NX72_1_P10,P10,22.5,11.0
NX72_1_P10,P10,25.0,7.0
NX72_1_P10,P10,27.5,3.0
NX72_1_P10,P10,30.0,4.0
NX72_1_P10,P10,32.5,4.0
NX72_1_P10,P10,35.0,3.0
NX72_1_P10,P10,37.5,0.0
NX72_1_P10,P10,40.0,0.0
NX72_1_P10,P10,42.5,0.0
NX72_1_P10,P10,45.0,0.0
NX72_1_P10,P10,47.5,0.0
NX72_1_P10,P10,50.0,0.0
NX72_1_P10,P10,52.5,0.0
NX72_1_P10,P10,55.0,0.0
NX72_1_P10,P10,57.5,0.0
NX72_2_P10,P10,0.0,0.0
NX72_2_P10,P10,2.5,0.0
NX72_2_P10,P10,5.0,23.0
NX72_2_P10,P10,7.5,34.0
NX72_2_P10,P10,10.0,41.0
NX72_2_P10,P10,12.5,52.0
NX72_2_P10,P10,15.0,40.0
NX72_2_P10,P10,17.5,37.0
NX72_2_P10,P10,20.0,26.0
NX72_2_P10,P10,22.5,13.0
NX72_2_P10,P10,25.0,12.0
NX72_2_P10,P10,27.5,5.0
NX72_2_P10,P10,30.0,5.0
NX72_2_P10,P10,32.5,2.0
NX72_2_P10,P10,35.0,0.0
NX72_2_P10,P10,37.5,0.0
NX72_2_P10,P10,40.0,0.0
NX72_2_P10,P10,42.5,0.0
NX72_2_P10,P10,45.0,0.0
NX72_2_P10,P10,47.5,0.0
NX72_2_P10,P10,50.0,0.0
NX72_2_P10,P10,52.5,0.0
NX72_2_P10,P10,55.0,0.0
NX72_2_P10,P10,57.5,0.0
NX73_19_P10,P10,0.0,0.0
NX73_19_P10,P10,2.5,1.0
NX73_19_P10,P10,5.0,3.0
NX73_19_P10,P10,7.5,20.0
NX73_19_P10,P10,10.0,27.0
NX73_19_P10,P10,12.5,32.0
NX73_19_P10,P10,15.0,44.0
NX73_19_P10,P10,17.5,35.0
NX73_19_P10,P10,20.0,25.0
NX73_19_P10,P10,22.5,17.0
NX73_19_P10,P10,25.0,16.0
NX73_19_P10,P10,27.5,12.0
NX73_19_P10,P10,30.0,14.0
NX73_19_P10,P10,32.5,9.0
NX73_19_P10,P10,35.0,2.0
NX73_19_P10,P10,37.5,0.0
NX73_19_P10,P10,40.0,0.0
NX73_19_P10,P10,42.5,0.0
NX73_19_P10,P10,45.0,0.0
NX73_19_P10,P10,47.5,0.0
NX73_19_P10,P10,50.0,0.0
NX73_19_P10,P10,52.5,0.0
NX73_19_P10,P10,55.0,0.0
NX73_19_P10,P10,57.5,0.0
NX73_21_P10,P10,0.0,0.0
NX73_21_P10,P10,2.5,0.0
NX73_21_P10,P10,5.0,11.0
NX73_21_P10,P10,7.5,23.0
NX73_21_P10,P10,10.0,40.0
NX73_21_P10,P10,12.5,54.0
NX73_21_P10,P10,15.0,46.0
NX73_21_P10,P10,17.5,42.0
NX73_21_P10,P10,20.0,20.0
NX73_21_P10,P10,22.5,20.0
NX73_21_P10,P10,25.0,17.0
NX73_21_P10,P10,27.5,14.0
NX73_21_P10,P10,30.0,11.0
NX73_21_P10,P10,32.5,6.0
NX73_21_P10,P10,35.0,4.0
NX73_21_P10,P10,37.5,8.0
NX73_21_P10,P10,40.0,0.0
NX73_21_P10,P10,42.5,0.0
NX73_21_P10,P10,45.0,0.0
NX73_21_P10,P10,47.5,0.0
NX73_21_P10,P10,50.0,0.0
NX73_21_P10,P10,52.5,0.0
NX73_21_P10,P10,55.0,0.0
NX73_21_P10,P10,57.5,0.0
NX74_20_P20,P20,0.0,0.0
NX74_20_P20,P20,2.5,0.0
NX74_20_P20,P20,5.0,2.0
NX74_20_P20,P20,7.5,31.0
NX74_20_P20,P20,10.0,65.0
NX74_20_P20,P20,12.5,102.0
NX74_20_P20,P20,15.0,107.0
NX74_20_P20,P20,17.5,81.0
NX74_20_P20,P20,20.0,63.0
NX74_20_P20,P20,22.5,33.0
NX74_20_P20,P20,25.0,22.0
NX74_20_P20,P20,27.5,10.0
NX74_20_P20,P20,30.0,1.0
NX74_20_P20,P20,32.5,1.0
NX74_20_P20,P20,35.0,2.0
NX74_20_P20,P20,37.5,1.0
NX74_20_P20,P20,40.0,1.0
NX74_20_P20,P20,42.5,0.0
NX74_20_P20,P20,45.0,0.0
NX74_20_P20,P20,47.5,0.0
NX74_20_P20,P20,50.0,0.0
NX74_20_P20,P20,52.5,0.0
NX74_20_P20,P20,55.0,0.0
NX74_20_P20,P20,57.5,0.0
NX74_26_P20,P20,0.0,0.0
NX74_26_P20,P20,2.5,0.0
NX74_26_P20,P20,5.0,5.0
NX74_26_P20,P20,7.5,18.0
NX74_26_P20,P20,10.0,30.0
NX74_26_P20,P20,12.5,59.0
NX74_26_P20,P20,15.0,52.0
NX74_26_P20,P20,17.5,52.0
NX74_26_P20,P20,20.0,75.0
NX74_26_P20,P20,22.5,60.0
NX74_26_P20,P20,25.0,58.0
NX74_26_P20,P20,27.5,38.0
NX74_26_P20,P20,30.0,37.0
NX74_26_P20,P20,32.5,34.0
NX74_26_P20,P20,35.0,25.0
NX74_26_P20,P20,37.5,14.0
NX74_26_P20,P20,40.0,12.0
NX74_26_P20,P20,42.5,5.0
NX74_26_P20,P20,45.0,3.0
NX74_26_P20,P20,47.5,0.0
NX74_26_P20,P20,50.0,0.0
NX74_26_P20,P20,52.5,0.0
NX74_26_P20,P20,55.0,0.0
NX74_26_P20,P20,57.5,0.0
NX7_19_P20,P20,0.0,0.0
NX7_19_P20,P20,2.5,0.0
NX7_19_P20,P20,5.0,7.0
NX7_19_P20,P20,7.5,11.0
NX7_19_P20,P20,10.0,29.0
NX7_19_P20,P20,12.5,14.0
NX7_19_P20,P20,15.0,19.0
NX7_19_P20,P20,17.5,30.0
NX7_19_P20,P20,20.0,30.0
NX7_19_P20,P20,22.5,29.0
NX7_19_P20,P20,25.0,39.0
NX7_19_P20,P20,27.5,31.0
NX7_19_P20,P20,30.0,20.0
NX7_19_P20,P20,32.5,18.0
NX7_19_P20,P20,35.0,20.0
NX7_19_P20,P20,37.5,18.0
NX7_19_P20,P20,40.0,18.0
NX7_19_P20,P20,42.5,19.0
NX7_19_P20,P20,45.0,8.0
NX7_19_P20,P20,47.5,4.0
NX7_19_P20,P20,50.0,0.0
NX7_19_P20,P20,52.5,0.0
NX7_19_P20,P20,55.0,0.0
NX7_19_P20,P20,57.5,0.0
NX83_11_P20,P20,0.0,0.0
NX83_11_P20,P20,2.5,0.0
NX83_11_P20,P20,5.0,4.0
NX83_11_P20,P20,7.5,8.0
NX83_11_P20,P20,10.0,23.0
NX83_11_P20,P20,12.5,26.0
NX83_11_P20,P20,15.0,25.0
NX83_11_P20,P20,17.5,33.0
NX83_11_P20,P20,20.0,25.0
NX83_11_P20,P20,22.5,18.0
NX83_11_P20,P20,25.0,20.0
NX83_11_P20,P20,27.5,29.0
NX83_11_P20,P20,30.0,26.0
NX83_11_P20,P20,32.5,19.0
NX83_11_P20,P20,35.0,15.0
NX83_11_P20,P20,37.5,3.0
NX83_11_P20,P20,40.0,1.0
NX83_11_P20,P20,42.5,0.0
NX83_11_P20,P20,45.0,0.0
NX83_11_P20,P20,47.5,0.0
NX83_11_P20,P20,50.0,0.0
NX83_11_P20,P20,52.5,0.0
NX83_11_P20,P20,55.0,0.0
NX83_11_P20,P20,57.5,0.0
NX90_20_P50,P50,0.0,0.0
NX90_20_P50,P50,2.5,1.0
NX90_20_P50,P50,5.0,10.0
NX90_20_P50,P50,7.5,30.0
NX90_20_P50,P50,10.0,33.0
NX90_20_P50,P50,12.5,38.0
NX90_20_P50,P50,15.0,47.0
NX90_20_P50,P50,17.5,41.0
NX90_20_P50,P50,20.0,46.0
NX90_20_P50,P50,22.5,40.0
NX90_20_P50,P50,25.0,44.0
NX90_20_P50,P50,27.5,35.0
NX90_20_P50,P50,30.0,33.0
NX90_20_P50,P50,32.5,31.0
NX90_20_P50,P50,35.0,25.0
NX90_20_P50,P50,37.5,22.0
NX90_20_P50,P50,40.0,13.0
NX90_20_P50,P50,42.5,13.0
NX90_20_P50,P50,45.0,9.0
NX90_20_P50,P50,47.5,6.0
NX90_20_P50,P50,50.0,1.0
NX90_20_P50,P50,52.5,1.0
NX90_20_P50,P50,55.0,0.0
NX90_20_P50,P50,57.5,0.0
NX90_22_P50,P50,0.0,0.0
NX90_22_P50,P50,2.5,0.0
NX90_22_P50,P50,5.0,6.0
NX90_22_P50,P50,7.5,16.0
NX90_22_P50,P50,10.0,28.0
NX90_22_P50,P50,12.5,49.0
NX90_22_P50,P50,15.0,50.0
NX90_22_P50,P50,17.5,52.0
NX90_22_P50,P50,20.0,42.0
NX90_22_P50,P50,22.5,41.0
NX90_22_P50,P50,25.0,35.0
NX90_22_P50,P50,27.5,43.0
NX90_22_P50,P50,30.0,33.0
NX90_22_P50,P50,32.5,17.0
NX90_22_P50,P50,35.0,14.0
NX90_22_P50,P50,37.5,9.0
NX90_22_P50,P50,40.0,3.0
NX90_22_P50,P50,42.5,0.0
NX90_22_P50,P50,45.0,0.0
NX90_22_P50,P50,47.5,0.0
NX90_22_P50,P50,50.0,0.0
NX90_22_P50,P50,52.5,0.0
NX90_22_P50,P50,55.0,0.0
NX90_22_P50,P50,57.5,0.0
NX93_low_P20,P20,0.0,0.0
NX93_low_P20,P20,2.5,0.0
NX93_low_P20,P20,5.0,14.0
NX93_low_P20,P20,7.5,40.0
NX93_low_P20,P20,10.0,39.0
NX93_low_P20,P20,12.5,48.0
NX93_low_P20,P20,15.0,50.0
NX93_low_P20,P20,17.5,31.0
NX93_low_P20,P20,20.0,25.0
NX93_low_P20,P20,22.5,11.0
NX93_low_P20,P20,25.0,7.0
NX93_low_P20,P20,27.5,1.0
NX93_low_P20,P20,30.0,0.0
NX93_low_P20,P20,32.5,0.0
NX93_low_P20,P20,35.0,0.0
NX93_low_P20,P20,37.5,0.0
NX93_low_P20,P20,40.0,0.0
NX93_low_P20,P20,42.5,0.0
NX93_low_P20,P20,45.0,0.0
NX93_low_P20,P20,47.5,0.0
NX93_low_P20,P20,50.0,0.0
NX93_low_P20,P20,52.5,0.0
NX93_low_P20,P20,55.0,0.0
NX93_low_P20,P20,57.5,0.0
NX93_up_P20,P20,0.0,0.0
NX93_up_P20,P20,2.5,0.0
NX93_up_P20,P20,5.0,17.0
NX93_up_P20,P20,7.5,30.0
NX93_up_P20,P20,10.0,38.0
NX93_up_P20,P20,12.5,54.0
NX93_up_P20,P20,15.0,46.0
NX93_up_P20,P20,17.5,40.0
NX93_up_P20,P20,20.0,63.0
NX93_up_P20,P20,22.5,66.0
NX93_up_P20,P20,25.0,61.0
NX93_up_P20,P20,27.5,49.0
NX93_up_P20,P20,30.0,43.0
NX93_up_P20,P20,32.5,21.0
NX93_up_P20,P20,35.0,6.0
NX93_up_P20,P20,37.5,5.0
NX93_up_P20,P20,40.0,2.0
NX93_up_P20,P20,42.5,1.0
NX93_up_P20,P20,45.0,1.0
NX93_up_P20,P20,47.5,0.0
NX93_up_P20,P20,50.0,0.0
NX93_up_P20,P20,52.5,0.0
NX93_up_P20,P20,55.0,0.0
NX93_up_P20,P20,57.5,0.0
