age,radius_um,mean,count,std,sem
P10,0.0,0.0,12,0.0,0.0
P10,2.5,0.4166666666666667,12,0.6685579234215215,0.19299604852813634
P10,5.0,10.5,12,6.142253066039588,1.7731157305543803
P10,7.5,23.416666666666668,12,6.960385743403141,2.0092902913087185
P10,10.0,36.333333333333336,12,16.913326286115517,4.882456742090384
P10,12.5,40.333333333333336,12,14.189197769195175,4.0960685758148365
P10,15.0,38.75,12,8.43289015484231,2.4343657004723767
P10,17.5,37.0,12,9.704731741878195,2.801514741793241
P10,20.0,26.333333333333332,12,11.308350360631204,3.2644395624005136
P10,22.5,23.166666666666668,12,13.550131387040517,3.9115860019313202
P10,25.0,18.833333333333332,12,10.936455577839679,3.1570827859230617
P10,27.5,11.666666666666666,12,8.467406314626084,2.4443296575436535
P10,30.0,9.833333333333334,12,8.020806277010644,2.315407331574968
P10,32.5,7.666666666666667,12,6.678776879493776,1.9279968146165902
P10,35.0,6.083333333333333,12,7.4156877120348215,2.140724648384752
P10,37.5,3.5,12,4.231913386293593,1.2216481663818934
P10,40.0,1.6666666666666667,12,3.1718458443950364,0.9156330260447351
P10,42.5,1.0,12,2.0,0.5773502691896258
P10,45.0,0.5833333333333334,12,1.4433756729740645,0.41666666666666674
P10,47.5,0.25,12,0.8660254037844386,0.25
P10,50.0,0.25,12,0.8660254037844386,0.25
P10,52.5,0.0,12,0.0,0.0
P10,55.0,0.0,12,0.0,0.0
P10,57.5,0.0,12,0.0,0.0
P20,0.0,0.0,11,0.0,0.0
P20,2.5,0.09090909090909091,11,0.30151134457776363,0.09090909090909091
P20,5.0,9.818181818181818,11,5.269121023817574,1.5886997646341992
P20,7.5,24.454545454545453,11,10.62415772062554,3.203304079352035
P20,10.0,40.27272727272727,11,14.297488654242109,4.310855028225858
P20,12.5,52.27272727272727,11,24.932271894437978,7.517362822270381
P20,15.0,51.63636363636363,11,24.928990060861782,7.516373312216142
P20,17.5,50.0,11,22.53441811984503,6.794382706591994
P20,20.0,51.18181818181818,11,18.925211659678638,5.706166013928476
P20,22.5,39.27272727272727,11,18.450424976628092,5.563012442734289
P20,25.0,36.09090909090909,11,16.77172946034216,5.056866700482255
P20,27.5,25.818181818181817,11,13.021660276771023,3.9261782986840847
P20,30.0,21.818181818181817,11,13.519010184315874,4.076134938033559
P20,32.5,15.545454545454545,11,9.750524461418847,2.939893740700771
P20,35.0,10.272727272727273,11,8.391554195629187,2.5301487886213296
P20,37.5,6.0,11,5.882176467941097,1.7735429358926007
P20,40.0,4.7272727272727275,11,6.084256882987586,1.8344724735461002
P20,42.5,3.272727272727273,11,5.8496309129877435,1.7637300818585855
P20,45.0,1.9090909090909092,11,2.809076198843508,0.8469683417346994
P20,47.5,1.1818181818181819,11,2.315952582337636,0.6982859770789644
P20,50.0,0.2727272727272727,11,0.6466697906828632,0.19497827808661106
P20,52.5,0.0,11,0.0,0.0
P20,55.0,0.0,11,0.0,0.0
P20,57.5,0.0,11,0.0,0.0
P50,0.0,0.0,10,0.0,0.0
P50,2.5,0.6,10,0.5163977794943222,0.1632993161855452
P50,5.0,10.4,10,5.015531433014408,1.5860503004493758
P50,7.5,21.3,10,8.367264254887084,2.6459612829954846
P50,10.0,29.9,10,8.748968193132516,2.7666666666666666
P50,12.5,39.1,10,9.14634110207768,2.892327013938008
P50,15.0,40.5,10,14.370107863199914,4.544227107000705
P50,17.5,41.0,10,15.748015748023622,4.979959839195493
P50,20.0,39.5,10,13.285330255586421,4.20119030752
P50,22.5,39.7,10,12.07430697344112,3.8182311204128125
P50,25.0,37.1,10,9.456919865015953,2.9905406423142513
P50,27.5,32.3,10,12.120231020900551,3.83275357934736
P50,30.0,25.8,10,11.023207841237102,3.4858443899736993
P50,32.5,19.9,10,10.857153299911435,3.4333333333333327
P50,35.0,15.6,10,9.879271228182775,3.1240998703626617
P50,37.5,12.7,10,10.143963722332607,3.207802986469088
P50,40.0,10.4,10,10.40512694140089,3.290390047800817
P50,42.5,7.1,10,7.187179944564875,2.272785857830771
P50,45.0,5.2,10,4.779586221049312,1.5114378731672844
P50,47.5,3.3,10,3.020301677353145,0.9551032521262934
P50,50.0,1.6,10,2.3664319132398464,0.7483314773547882
P50,52.5,1.6,10,2.6749870196985173,0.8459051693633013
P50,55.0,0.5,10,1.0801234497346435,0.34156502553198664
P50,57.5,0.0,10,0.0,0.0
