metric,age,n,mean,sd,median,q1,q3,kruskal_H,kruskal_p
total_process_length_um,P10,12,1301.7916666666667,315.8005022113956,1348.0500000000002,1081.325,1427.275,11.856204906204923,0.0026635313722321845
total_process_length_um,P20,12,1992.9583333333337,527.8228205792569,1984.6,1709.475,2340.175,11.856204906204923,0.0026635313722321845
total_process_length_um,P50,11,1793.309090909091,502.9931221290118,1730.7,1512.5,1996.05,11.856204906204923,0.0026635313722321845
n_nodes_neurolucida,P10,12,211.58333333333334,49.338272684754095,215.0,184.75,229.5,10.238591263524743,0.005980233698524561
n_nodes_neurolucida,P20,12,327.0,109.56940515241719,328.0,268.75,335.25,10.238591263524743,0.005980233698524561
n_nodes_neurolucida,P50,11,295.3636363636364,69.51729673580918,288.0,257.5,341.5,10.238591263524743,0.005980233698524561
n_endings_neurolucida,P10,12,263.9166666666667,56.688075278561705,265.0,220.25,298.5,10.17075971994005,0.006186536626293188
n_endings_neurolucida,P20,12,393.9166666666667,133.594677584056,384.5,319.25,409.25,10.17075971994005,0.006186536626293188
n_endings_neurolucida,P50,11,355.90909090909093,80.05804712264039,345.0,309.5,410.5,10.17075971994005,0.006186536626293188
n_primary_trees,P10,12,18.833333333333332,6.589707309451796,17.5,15.0,22.75,0.5397636653617528,0.7634697061751134
n_primary_trees,P20,12,20.583333333333332,7.6212422434491165,18.5,14.0,27.25,0.5397636653617528,0.7634697061751134
n_primary_trees,P50,11,17.545454545454547,6.361817922003684,19.0,14.0,20.5,0.5397636653617528,0.7634697061751134
complexity_neurolucida,P10,12,174993.625,117164.60404649928,133575.5,82435.1,226328.25,10.449278499278506,0.005382301276851646
complexity_neurolucida,P20,12,405515.75,260763.9452455472,270403.5,242539.0,507862.5,10.449278499278506,0.005382301276851646
complexity_neurolucida,P50,11,408559.7272727273,229708.5022040285,400783.0,241458.0,497302.5,10.449278499278506,0.005382301276851646
soma_area_um2,P10,12,72.53285833333332,18.939657550876404,70.85775000000001,58.283325,90.8655,0.4334054834054939,0.8051692769834193
soma_area_um2,P20,12,81.81056666666666,30.822946963713232,77.5341,61.620725,97.764175,0.4334054834054939,0.8051692769834193
soma_area_um2,P50,11,78.73940909090909,32.46688311900157,80.3088,58.424800000000005,92.1609,0.4334054834054939,0.8051692769834193
max_node_path_distance_um,P10,12,51.4,7.117200675444345,52.65,44.375,56.1,6.970858224956591,0.030640607340806883
max_node_path_distance_um,P20,12,61.05833333333333,9.84142065994847,57.95,56.55,62.8,6.970858224956591,0.030640607340806883
max_node_path_distance_um,P50,11,58.20909090909092,9.451397203107542,59.8,53.05,66.44999999999999,6.970858224956591,0.030640607340806883
max_radial_extent_um,P10,12,37.916666666666664,7.137714599013448,36.25,34.375,43.125,9.369811591088162,0.009233604417941547
max_radial_extent_um,P20,11,42.04545454545455,6.50174801670499,40.0,40.0,46.25,9.369811591088162,0.009233604417941547
max_radial_extent_um,P50,10,48.0,6.213783960769083,48.75,43.75,52.5,9.369811591088162,0.009233604417941547
peak_sholl_intersections,P10,12,47.416666666666664,14.189998611911863,48.0,38.0,54.0,4.046536687822465,0.13222260914488201
peak_sholl_intersections,P20,11,65.36363636363636,23.92602234920267,66.0,46.5,73.5,4.046536687822465,0.13222260914488201
peak_sholl_intersections,P50,10,47.1,12.836146877730352,47.0,41.0,52.75,4.046536687822465,0.13222260914488201
sholl_auc_intersections_um,P10,12,743.9583333333334,184.0900790291799,736.25,625.0,844.375,10.917128504294269,0.004259667164521824
sholl_auc_intersections_um,P20,11,1114.7727272727273,304.1555000025779,1080.0,951.25,1331.25,10.917128504294269,0.004259667164521824
sholl_auc_intersections_um,P50,10,1087.75,319.2340007302202,1058.75,880.0,1200.0,10.917128504294269,0.004259667164521824
mean_node_tortuosity,P10,12,1.6294215748643346,0.16810034198848772,1.6268499682539685,1.4895322853441895,1.7086797510043914,4.7058441558441615,0.09509089285257433
mean_node_tortuosity,P20,12,1.6927395514451735,0.17990717063067013,1.6445160611128002,1.583309470787949,1.7802475319035804,4.7058441558441615,0.09509089285257433
mean_node_tortuosity,P50,11,1.5372425974027093,0.10609100248410702,1.5337692015209126,1.4920117927170868,1.6130536573694285,4.7058441558441615,0.09509089285257433
