age,rm_kohm_cm2,n_cells,mean_rin_mohm,sd_rin_mohm,sem_rin_mohm,experimental_rin_mohm,relative_error,absolute_relative_error
P10,2.0,12,190.3621134647223,39.679443162068644,11.454468595457394,2245.0,-0.9152061855390992,0.9152061855390992
P10,3.0,12,272.40839877154184,58.847993102969085,16.987952329634222,2245.0,-0.8786599560037676,0.8786599560037676
P10,4.0,12,353.9810540569132,78.28273630361718,22.598279438896938,2245.0,-0.8423246975247602,0.8423246975247602
P10,5.0,12,435.3358463345103,97.84829726878333,28.24637038393929,2245.0,-0.8060864827017772,0.8060864827017772
P10,6.0,12,516.570331365194,117.48733378076167,33.915671892347085,2245.0,-0.7699018568529203,0.7699018568529203
P10,7.0,12,597.7230849068105,137.16976703011477,39.59750095975751,2245.0,-0.7337536370125566,0.7337536370125566
P10,8.0,12,678.7953957975885,156.87435975150032,45.28572691573945,2245.0,-0.6976412490879338,0.6976412490879338
P10,10.0,12,840.5314734406586,196.2627844669328,56.65618572194458,2245.0,-0.625598452810397,0.625598452810397
P10,12.0,12,1001.1359075516172,235.438822657664,67.96533381954544,2245.0,-0.5540597293756717,0.5540597293756717
P10,15.0,12,1237.7472629437054,293.21927212055283,84.64511284519365,2245.0,-0.4486649162834274,0.4486649162834274
P10,20.0,12,1612.5025676590662,384.81704698788354,111.08711283360572,2245.0,-0.281736050040505,0.281736050040505
P10,24.0,12,1888.8491485962609,452.3965123833708,130.5956241024935,2245.0,-0.15864180463418223,0.15864180463418223
P10,26.0,12,2018.4146689561967,484.0875470146558,139.74403779012857,2245.0,-0.10092887797051373,0.10092887797051373
P10,28.0,12,2142.197929306287,514.3671201262384,148.48499763358816,2245.0,-0.045791568237734157,0.045791568237734157
P10,30.0,12,2260.292674072224,543.2573619756176,156.82489208793442,2245.0,0.006811881546647726,0.006811881546647726
P10,32.0,12,2372.8582828235203,570.7966725271708,164.77480626805237,2245.0,0.05695246450936317,0.05695246450936317
P20,2.0,12,143.0833128290589,43.035503226125,12.423279686157139,588.4,-0.7568264567827007,0.7568264567827007
P20,3.0,12,199.42918184019678,58.443104925497295,16.871071180506704,588.4,-0.6610652925897403,0.6610652925897403
P20,4.0,12,254.96488196173743,73.54676749653515,21.231123006075695,588.4,-0.5666810299766529,0.5666810299766529
P20,5.0,12,310.102165330384,88.50577332288367,25.549416026401445,588.4,-0.4729738862501971,0.4729738862501971
P20,6.0,12,365.0112558301514,103.38450591087064,29.844536158838814,588.4,-0.37965456181143536,0.37965456181143536
P20,7.0,12,419.7715522495255,118.2127653038379,34.12508593491043,588.4,-0.2865881165031858,0.2865881165031858
P20,8.0,12,474.4142346970531,133.00320945693784,38.39471939152362,588.4,-0.19372155897849577,0.19372155897849577
P20,10.0,12,583.3019798991797,162.46689166889354,46.90015181971873,588.4,-0.008664208193100332,0.008664208193100332
P20,12.0,12,691.3273573159858,191.69114015370434,55.33646568450374,588.4,0.17492752772941159,0.17492752772941159
P20,15.0,12,850.3723926769634,234.7138306452902,67.75604665279326,588.4,0.44522840359783045,0.44522840359783045
P20,20.0,12,1102.1389518154049,302.81633908723336,87.41554744351559,588.4,0.8731117467970851,0.8731117467970851
P50,2.0,11,155.08131024766797,29.85405447476237,9.001336105783404,179.5,-0.1360372688152202,0.1360372688152202
P50,3.0,11,216.98874971323065,44.9911122828517,13.565330758451752,179.5,0.20885097333276126,0.20885097333276126
P50,4.0,11,278.16990685144856,60.44993225162195,18.226340352821254,179.5,0.549693074381329,0.549693074381329
P50,5.0,11,339.003720820492,76.07161816535063,22.936455877241094,179.5,0.8886001159915988,0.8886001159915988
P50,6.0,11,399.64225064550783,91.78716805482492,27.674872455195413,179.5,1.2264192236518543,1.2264192236518543
P50,7.0,11,460.1537600597183,107.56027041668261,32.430641756481826,179.5,1.5635306967115226,1.5635306967115226
P50,8.0,11,520.5611970685135,123.36679125175759,37.19648710656172,179.5,1.9000623792117743,1.9000623792117743
P50,10.0,11,640.9876405844653,154.99384586975674,46.73240286946901,179.5,2.5709617859858795,2.5709617859858795
P50,12.0,11,760.5032432316896,186.4759473476994,56.2246136162171,179.5,3.2367868703715295,3.2367868703715295
P50,15.0,11,936.5105377466197,232.93560056059945,70.23272612505521,179.5,4.2173289010953745,4.2173289010953745
P50,20.0,11,1215.1883532804527,306.622659299006,92.45021028325282,179.5,5.769851550308928,5.769851550308928
