cell_id,age,reconstruction_path,rm_kohm_cm2,rin_mohm,tau_ms,steady_state_mv
NX15_26_P20,P20,data/validated_reconstructions/cells/NX15_26_P20/02_reconstruction/NX15_26_P20_reconstruction.json,2.0,137.41684859954688,1.6424697986689984,-76.37416848599547
NX15_26_P20,P20,data/validated_reconstructions/cells/NX15_26_P20/02_reconstruction/NX15_26_P20_reconstruction.json,3.0,194.3226778303938,2.581688810091496,-76.94322677830394
NX15_26_P20,P20,data/validated_reconstructions/cells/NX15_26_P20/02_reconstruction/NX15_26_P20_reconstruction.json,4.0,250.61265274621434,3.5415870496988755,-77.50612652746214
NX15_26_P20,P20,data/validated_reconstructions/cells/NX15_26_P20/02_reconstruction/NX15_26_P20_reconstruction.json,5.0,306.61087815718986,4.5116676329527285,-78.0661087815719
NX15_26_P20,P20,data/validated_reconstructions/cells/NX15_26_P20/02_reconstruction/NX15_26_P20_reconstruction.json,6.0,362.4459946061478,5.487128913502406,-78.62445994606148
NX15_26_P20,P20,data/validated_reconstructions/cells/NX15_26_P20/02_reconstruction/NX15_26_P20_reconstruction.json,7.0,418.17489680900763,6.46540350260913,-79.18174896809008
NX15_26_P20,P20,data/validated_reconstructions/cells/NX15_26_P20/02_reconstruction/NX15_26_P20_reconstruction.json,8.0,473.81527752350934,7.444956150967922,-79.7381527752351
NX15_26_P20,P20,data/validated_reconstructions/cells/NX15_26_P20/02_reconstruction/NX15_26_P20_reconstruction.json,10.0,584.7524789171941,9.40421804528074,-80.84752478917194
NX15_26_P20,P20,data/validated_reconstructions/cells/NX15_26_P20/02_reconstruction/NX15_26_P20_reconstruction.json,12.0,694.8623471208521,11.360192692882826,-81.94862347120852
NX15_26_P20,P20,data/validated_reconstructions/cells/NX15_26_P20/02_reconstruction/NX15_26_P20_reconstruction.json,15.0,857.0302592751489,14.283815334411766,-83.57030259275149
NX15_26_P20,P20,data/validated_reconstructions/cells/NX15_26_P20/02_reconstruction/NX15_26_P20_reconstruction.json,20.0,1113.8117092196694,19.125622331842234,-86.1381170921967
NX16_1_P20,P20,data/validated_reconstructions/cells/NX16_1_P20/02_reconstruction/NX16_1_P20_reconstruction.json,2.0,151.34142715737227,1.4714688041963302,-76.51341427157372
NX16_1_P20,P20,data/validated_reconstructions/cells/NX16_1_P20/02_reconstruction/NX16_1_P20_reconstruction.json,3.0,208.4949316784133,2.3952401072854332,-77.08494931678413
NX16_1_P20,P20,data/validated_reconstructions/cells/NX16_1_P20/02_reconstruction/NX16_1_P20_reconstruction.json,4.0,265.0946437489708,3.3467829230211215,-77.65094643748971
NX16_1_P20,P20,data/validated_reconstructions/cells/NX16_1_P20/02_reconstruction/NX16_1_P20_reconstruction.json,5.0,321.4476814328222,4.310965036454806,-78.21447681432822
NX16_1_P20,P20,data/validated_reconstructions/cells/NX16_1_P20/02_reconstruction/NX16_1_P20_reconstruction.json,6.0,377.6680407837887,5.281426102530682,-78.77668040783789
NX16_1_P20,P20,data/validated_reconstructions/cells/NX16_1_P20/02_reconstruction/NX16_1_P20_reconstruction.json,7.0,433.8031007033891,6.254956493083239,-79.33803100703389
NX16_1_P20,P20,data/validated_reconstructions/cells/NX16_1_P20/02_reconstruction/NX16_1_P20_reconstruction.json,8.0,489.8643554429029,7.229677742686539,-79.89864355442903
NX16_1_P20,P20,data/validated_reconstructions/cells/NX16_1_P20/02_reconstruction/NX16_1_P20_reconstruction.json,10.0,601.6715040306067,9.17828629330166,-81.01671504030607
NX16_1_P20,P20,data/validated_reconstructions/cells/NX16_1_P20/02_reconstruction/NX16_1_P20_reconstruction.json,12.0,712.6709325033261,11.121596227506943,-82.12670932503326
NX16_1_P20,P20,data/validated_reconstructions/cells/NX16_1_P20/02_reconstruction/NX16_1_P20_reconstruction.json,15.0,876.1767018524154,14.021741936583526,-83.76176701852415
NX16_1_P20,P20,data/validated_reconstructions/cells/NX16_1_P20/02_reconstruction/NX16_1_P20_reconstruction.json,20.0,1135.1135429677995,18.812646765889234,-86.351135429678
NX16_2_P20,P20,data/validated_reconstructions/cells/NX16_2_P20/02_reconstruction/NX16_2_P20_reconstruction.json,2.0,142.70721025266226,1.4454304281874217,-76.42707210252662
NX16_2_P20,P20,data/validated_reconstructions/cells/NX16_2_P20/02_reconstruction/NX16_2_P20_reconstruction.json,3.0,195.50795224094912,2.3358022514329915,-76.95507952240949
NX16_2_P20,P20,data/validated_reconstructions/cells/NX16_2_P20/02_reconstruction/NX16_2_P20_reconstruction.json,4.0,247.4103492907929,3.2616456268825087,-77.47410349290793
NX16_2_P20,P20,data/validated_reconstructions/cells/NX16_2_P20/02_reconstruction/NX16_2_P20_reconstruction.json,5.0,298.88228106286334,4.206022241442699,-77.98882281062863
NX16_2_P20,P20,data/validated_reconstructions/cells/NX16_2_P20/02_reconstruction/NX16_2_P20_reconstruction.json,6.0,350.1124326967556,5.1606770068263215,-78.50112432696756
NX16_2_P20,P20,data/validated_reconstructions/cells/NX16_2_P20/02_reconstruction/NX16_2_P20_reconstruction.json,7.0,401.1878296380232,6.121068731128085,-79.01187829638023
NX16_2_P20,P20,data/validated_reconstructions/cells/NX16_2_P20/02_reconstruction/NX16_2_P20_reconstruction.json,8.0,452.1439613135385,7.084404522671941,-79.52143961313539
NX16_2_P20,P20,data/validated_reconstructions/cells/NX16_2_P20/02_reconstruction/NX16_2_P20_reconstruction.json,10.0,553.6691713129115,9.013174074426274,-80.53669171312912
NX16_2_P20,P20,data/validated_reconstructions/cells/NX16_2_P20/02_reconstruction/NX16_2_P20_reconstruction.json,12.0,654.3786178015139,10.938172113505932,-81.54378617801514
NX16_2_P20,P20,data/validated_reconstructions/cells/NX16_2_P20/02_reconstruction/NX16_2_P20_reconstruction.json,15.0,802.6420521517977,13.810376315670952,-83.02642052151798
NX16_2_P20,P20,data/validated_reconstructions/cells/NX16_2_P20/02_reconstruction/NX16_2_P20_reconstruction.json,20.0,1037.329764897305,18.54875626043373,-85.37329764897305
NX18_15_P50,P50,data/validated_reconstructions/cells/NX18_15_P50/02_reconstruction/NX18_15_P50_reconstruction.json,2.0,128.71657908735017,1.7466804479817748,-76.2871657908735
NX18_15_P50,P50,data/validated_reconstructions/cells/NX18_15_P50/02_reconstruction/NX18_15_P50_reconstruction.json,3.0,185.12990685868687,2.723582663849385,-76.85129906858687
NX18_15_P50,P50,data/validated_reconstructions/cells/NX18_15_P50/02_reconstruction/NX18_15_P50_reconstruction.json,4.0,241.3479449553634,3.7089979396404,-77.41347944955363
NX18_15_P50,P50,data/validated_reconstructions/cells/NX18_15_P50/02_reconstruction/NX18_15_P50_reconstruction.json,5.0,297.48059712118504,4.6978701941404335,-77.97480597121185
NX18_15_P50,P50,data/validated_reconstructions/cells/NX18_15_P50/02_reconstruction/NX18_15_P50_reconstruction.json,6.0,353.56712361585636,5.688226472640054,-78.53567123615856
NX18_15_P50,P50,data/validated_reconstructions/cells/NX18_15_P50/02_reconstruction/NX18_15_P50_reconstruction.json,7.0,409.6202197984951,6.679100698507341,-79.09620219798495
NX18_15_P50,P50,data/validated_reconstructions/cells/NX18_15_P50/02_reconstruction/NX18_15_P50_reconstruction.json,8.0,465.6330471335963,7.669930128965514,-79.65633047133596
NX18_15_P50,P50,data/validated_reconstructions/cells/NX18_15_P50/02_reconstruction/NX18_15_P50_reconstruction.json,10.0,577.4054479379117,9.650114357092654,-80.77405447937912
NX18_15_P50,P50,data/validated_reconstructions/cells/NX18_15_P50/02_reconstruction/NX18_15_P50_reconstruction.json,12.0,688.4192418281032,11.627093769451825,-81.88419241828103
NX18_15_P50,P50,data/validated_reconstructions/cells/NX18_15_P50/02_reconstruction/NX18_15_P50_reconstruction.json,15.0,851.9947539999862,14.585249515379735,-83.51994753999986
NX18_15_P50,P50,data/validated_reconstructions/cells/NX18_15_P50/02_reconstruction/NX18_15_P50_reconstruction.json,20.0,1111.1034115719974,19.49596653889722,-86.11103411571997
NX22_1_P10,P10,data/validated_reconstructions/cells/NX22_1_P10/02_reconstruction/NX22_1_P10_reconstruction.json,2.0,256.41922153493226,1.8602170088132919,-77.56419221534932
NX22_1_P10,P10,data/validated_reconstructions/cells/NX22_1_P10/02_reconstruction/NX22_1_P10_reconstruction.json,3.0,375.4845915485788,2.84793703203856,-78.75484591548579
NX22_1_P10,P10,data/validated_reconstructions/cells/NX22_1_P10/02_reconstruction/NX22_1_P10_reconstruction.json,4.0,494.27661087815125,3.8402832390048394,-79.94276610878151
NX22_1_P10,P10,data/validated_reconstructions/cells/NX22_1_P10/02_reconstruction/NX22_1_P10_reconstruction.json,5.0,612.949665395574,4.834425126865443,-81.12949665395574
NX22_1_P10,P10,data/validated_reconstructions/cells/NX22_1_P10/02_reconstruction/NX22_1_P10_reconstruction.json,6.0,731.5578518702736,5.829294382520997,-82.31557851870274
NX22_1_P10,P10,data/validated_reconstructions/cells/NX22_1_P10/02_reconstruction/NX22_1_P10_reconstruction.json,7.0,850.1147640935017,6.824376894553995,-83.50114764093502
NX22_1_P10,P10,data/validated_reconstructions/cells/NX22_1_P10/02_reconstruction/NX22_1_P10_reconstruction.json,8.0,968.5989865624648,7.81937629637034,-84.68598986562465
NX22_1_P10,P10,data/validated_reconstructions/cells/NX22_1_P10/02_reconstruction/NX22_1_P10_reconstruction.json,10.0,1205.0546743097314,9.808425997940398,-87.05054674309731
NX22_1_P10,P10,data/validated_reconstructions/cells/NX22_1_P10/02_reconstruction/NX22_1_P10_reconstruction.json,12.0,1439.9235594056734,11.7955691185546,-89.39923559405673
NX22_1_P10,P10,data/validated_reconstructions/cells/NX22_1_P10/02_reconstruction/NX22_1_P10_reconstruction.json,15.0,1786.0136919416873,14.772062974285546,-92.86013691941687
NX22_1_P10,P10,data/validated_reconstructions/cells/NX22_1_P10/02_reconstruction/NX22_1_P10_reconstruction.json,20.0,2334.2535727901745,19.72174528795094,-98.34253572790175
NX22_4_P10,P10,data/validated_reconstructions/cells/NX22_4_P10/02_reconstruction/NX22_4_P10_reconstruction.json,2.0,174.12496691917596,1.7464679048580027,-76.74124966919176
NX22_4_P10,P10,data/validated_reconstructions/cells/NX22_4_P10/02_reconstruction/NX22_4_P10_reconstruction.json,3.0,250.42016080004146,2.716486067761635,-77.50420160800041
NX22_4_P10,P10,data/validated_reconstructions/cells/NX22_4_P10/02_reconstruction/NX22_4_P10_reconstruction.json,4.0,326.32354463525957,3.6977213328710636,-78.2632354463526
NX22_4_P10,P10,data/validated_reconstructions/cells/NX22_4_P10/02_reconstruction/NX22_4_P10_reconstruction.json,5.0,402.05167089671505,4.683780738521313,-79.02051670896715
NX22_4_P10,P10,data/validated_reconstructions/cells/NX22_4_P10/02_reconstruction/NX22_4_P10_reconstruction.json,6.0,477.684707521648,5.672067632684752,-79.77684707521648
NX22_4_P10,P10,data/validated_reconstructions/cells/NX22_4_P10/02_reconstruction/NX22_4_P10_reconstruction.json,7.0,553.252736118742,6.66130061430959,-80.53252736118742
NX22_4_P10,P10,data/validated_reconstructions/cells/NX22_4_P10/02_reconstruction/NX22_4_P10_reconstruction.json,8.0,628.7535016903064,7.650741482994637,-81.28753501690306
NX22_4_P10,P10,data/validated_reconstructions/cells/NX22_4_P10/02_reconstruction/NX22_4_P10_reconstruction.json,10.0,779.3895394094875,9.628520800832003,-82.79389539409487
NX22_4_P10,P10,data/validated_reconstructions/cells/NX22_4_P10/02_reconstruction/NX22_4_P10_reconstruction.json,12.0,928.9840524235259,11.603247755194312,-84.28984052423526
NX22_4_P10,P10,data/validated_reconstructions/cells/NX22_4_P10/02_reconstruction/NX22_4_P10_reconstruction.json,15.0,1149.387991600281,14.557885243485913,-86.49387991600281
NX22_4_P10,P10,data/validated_reconstructions/cells/NX22_4_P10/02_reconstruction/NX22_4_P10_reconstruction.json,20.0,1498.4904182341054,19.461836420940973,-89.98490418234105
NX30_15_P50,P50,data/validated_reconstructions/cells/NX30_15_P50/02_reconstruction/NX30_15_P50_reconstruction.json,2.0,100.16188333600127,1.437100214426902,-76.00161883336001
NX30_15_P50,P50,data/validated_reconstructions/cells/NX30_15_P50/02_reconstruction/NX30_15_P50_reconstruction.json,3.0,137.06233853564527,2.3236700641223487,-76.37062338535645
NX30_15_P50,P50,data/validated_reconstructions/cells/NX30_15_P50/02_reconstruction/NX30_15_P50_reconstruction.json,4.0,173.30233280620746,3.2468872377303226,-76.73302332806207
NX30_15_P50,P50,data/validated_reconstructions/cells/NX30_15_P50/02_reconstruction/NX30_15_P50_reconstruction.json,5.0,209.22582469550548,4.189153668185098,-77.09225824695505
NX30_15_P50,P50,data/validated_reconstructions/cells/NX30_15_P50/02_reconstruction/NX30_15_P50_reconstruction.json,6.0,244.971196763953,5.142000547646103,-77.44971196763953
NX30_15_P50,P50,data/validated_reconstructions/cells/NX30_15_P50/02_reconstruction/NX30_15_P50_reconstruction.json,7.0,280.6024843994578,6.100786111074833,-77.80602484399458
NX30_15_P50,P50,data/validated_reconstructions/cells/NX30_15_P50/02_reconstruction/NX30_15_P50_reconstruction.json,8.0,316.14633311462654,7.062651437846958,-78.16146333114627
NX30_15_P50,P50,data/validated_reconstructions/cells/NX30_15_P50/02_reconstruction/NX30_15_P50_reconstruction.json,10.0,386.9556203576735,8.98870777821953,-78.86955620357674
NX30_15_P50,P50,data/validated_reconstructions/cells/NX30_15_P50/02_reconstruction/NX30_15_P50_reconstruction.json,12.0,457.1887954207966,10.911083706707577,-79.57188795420797
NX30_15_P50,P50,data/validated_reconstructions/cells/NX30_15_P50/02_reconstruction/NX30_15_P50_reconstruction.json,15.0,560.5776987134817,13.779189986534858,-80.60577698713482
NX30_15_P50,P50,data/validated_reconstructions/cells/NX30_15_P50/02_reconstruction/NX30_15_P50_reconstruction.json,20.0,724.2226810141148,18.509785122830234,-82.24222681014115
NX30_16_P50,P50,data/validated_reconstructions/cells/NX30_16_P50/02_reconstruction/NX30_16_P50_reconstruction.json,2.0,130.47010976427913,1.4246497369349889,-76.30470109764279
NX30_16_P50,P50,data/validated_reconstructions/cells/NX30_16_P50/02_reconstruction/NX30_16_P50_reconstruction.json,3.0,178.150549115513,2.3053661079732852,-76.78150549115513
NX30_16_P50,P50,data/validated_reconstructions/cells/NX30_16_P50/02_reconstruction/NX30_16_P50_reconstruction.json,4.0,224.94399589242704,3.2249811431522897,-77.24943995892427
NX30_16_P50,P50,data/validated_reconstructions/cells/NX30_16_P50/02_reconstruction/NX30_16_P50_reconstruction.json,5.0,271.31637176270686,4.165058994434018,-77.71316371762707
NX30_16_P50,P50,data/validated_reconstructions/cells/NX30_16_P50/02_reconstruction/NX30_16_P50_reconstruction.json,6.0,317.45409908676265,5.116492260851732,-78.17454099086763
NX30_16_P50,P50,data/validated_reconstructions/cells/NX30_16_P50/02_reconstruction/NX30_16_P50_reconstruction.json,7.0,363.44289591655183,6.074271837204608,-78.63442895916552
NX30_16_P50,P50,data/validated_reconstructions/cells/NX30_16_P50/02_reconstruction/NX30_16_P50_reconstruction.json,8.0,409.31843393901204,7.035348909325523,-79.09318433939012
NX30_16_P50,P50,data/validated_reconstructions/cells/NX30_16_P50/02_reconstruction/NX30_16_P50_reconstruction.json,10.0,500.71081043381156,8.960029234411826,-80.00710810433812
NX30_16_P50,P50,data/validated_reconstructions/cells/NX30_16_P50/02_reconstruction/NX30_16_P50_reconstruction.json,12.0,591.3612548266343,10.880976568347755,-80.91361254826634
NX30_16_P50,P50,data/validated_reconstructions/cells/NX30_16_P50/02_reconstruction/NX30_16_P50_reconstruction.json,15.0,724.8089322048556,13.746506016787764,-82.24808932204856
NX30_16_P50,P50,data/validated_reconstructions/cells/NX30_16_P50/02_reconstruction/NX30_16_P50_reconstruction.json,20.0,936.0364452687605,18.471441616766747,-84.3603644526876
NX34_1_P50,P50,data/validated_reconstructions/cells/NX34_1_P50/02_reconstruction/NX34_1_P50_reconstruction.json,2.0,181.94518995228748,1.549912027365551,-76.81945189952287
NX34_1_P50,P50,data/validated_reconstructions/cells/NX34_1_P50/02_reconstruction/NX34_1_P50_reconstruction.json,3.0,253.67023276340603,2.487794525082871,-77.53670232763406
NX34_1_P50,P50,data/validated_reconstructions/cells/NX34_1_P50/02_reconstruction/NX34_1_P50_reconstruction.json,4.0,324.76794998370906,3.4472599069710097,-78.24767949983709
NX34_1_P50,P50,data/validated_reconstructions/cells/NX34_1_P50/02_reconstruction/NX34_1_P50_reconstruction.json,5.0,395.5761623361411,4.4168575167730655,-78.95576162336141
NX34_1_P50,P50,data/validated_reconstructions/cells/NX34_1_P50/02_reconstruction/NX34_1_P50_reconstruction.json,6.0,466.22473608072283,5.391595150700209,-79.66224736080723
NX34_1_P50,P50,data/validated_reconstructions/cells/NX34_1_P50/02_reconstruction/NX34_1_P50_reconstruction.json,7.0,536.7686505107698,6.368871600828877,-80.3676865051077
NX34_1_P50,P50,data/validated_reconstructions/cells/NX34_1_P50/02_reconstruction/NX34_1_P50_reconstruction.json,8.0,607.220605530739,7.3471335228272014,-81.07220605530739
NX34_1_P50,P50,data/validated_reconstructions/cells/NX34_1_P50/02_reconstruction/NX34_1_P50_reconstruction.json,10.0,747.7281729574571,9.302905135778772,-82.47728172957457
NX34_1_P50,P50,data/validated_reconstructions/cells/NX34_1_P50/02_reconstruction/NX34_1_P50_reconstruction.json,12.0,887.2195561407991,11.25413406100849,-83.87219556140799
NX34_1_P50,P50,data/validated_reconstructions/cells/NX34_1_P50/02_reconstruction/NX34_1_P50_reconstruction.json,15.0,1092.692674155154,14.16831546405097,-85.92692674155154
NX34_1_P50,P50,data/validated_reconstructions/cells/NX34_1_P50/02_reconstruction/NX34_1_P50_reconstruction.json,20.0,1418.0873107102514,18.988820270040353,-89.18087310710251
NX34_2_P50,P50,data/validated_reconstructions/cells/NX34_2_P50/02_reconstruction/NX34_2_P50_reconstruction.json,2.0,165.37499605758939,1.6700460164227626,-76.6537499605759
NX34_2_P50,P50,data/validated_reconstructions/cells/NX34_2_P50/02_reconstruction/NX34_2_P50_reconstruction.json,3.0,234.94002698459724,2.622615987740118,-77.34940026984597
NX34_2_P50,P50,data/validated_reconstructions/cells/NX34_2_P50/02_reconstruction/NX34_2_P50_reconstruction.json,4.0,303.9497000603447,3.592257511893456,-78.03949700060345
NX34_2_P50,P50,data/validated_reconstructions/cells/NX34_2_P50/02_reconstruction/NX34_2_P50_reconstruction.json,5.0,372.7043298466356,4.569795906716057,-78.72704329846636
NX34_2_P50,P50,data/validated_reconstructions/cells/NX34_2_P50/02_reconstruction/NX34_2_P50_reconstruction.json,6.0,441.31906176242666,5.551261323899245,-79.41319061762427
NX34_2_P50,P50,data/validated_reconstructions/cells/NX34_2_P50/02_reconstruction/NX34_2_P50_reconstruction.json,7.0,509.84181810229217,6.534615686567231,-80.09841818102292
NX34_2_P50,P50,data/validated_reconstructions/cells/NX34_2_P50/02_reconstruction/NX34_2_P50_reconstruction.json,8.0,578.2818337466693,7.518670259742472,-80.7828183374667
NX34_2_P50,P50,data/validated_reconstructions/cells/NX34_2_P50/02_reconstruction/NX34_2_P50_reconstruction.json,10.0,714.7896399733539,9.486084811230066,-82.14789639973354
NX34_2_P50,P50,data/validated_reconstructions/cells/NX34_2_P50/02_reconstruction/NX34_2_P50_reconstruction.json,12.0,850.3207881815911,11.449966612478342,-83.50320788181591
NX34_2_P50,P50,data/validated_reconstructions/cells/NX34_2_P50/02_reconstruction/NX34_2_P50_reconstruction.json,15.0,1049.9714643343807,14.386186211057085,-85.49971464334381
NX34_2_P50,P50,data/validated_reconstructions/cells/NX34_2_P50/02_reconstruction/NX34_2_P50_reconstruction.json,20.0,1366.1600184275017,19.25249906134354,-88.66160018427502
NX44_28_P50,P50,data/validated_reconstructions/cells/NX44_28_P50/02_reconstruction/NX44_28_P50_reconstruction.json,2.0,163.9930374254149,1.619318357023046,-76.63993037425415
NX44_28_P50,P50,data/validated_reconstructions/cells/NX44_28_P50/02_reconstruction/NX44_28_P50_reconstruction.json,3.0,231.00182989609408,2.5486277113443467,-77.31001829896094
NX44_28_P50,P50,data/validated_reconstructions/cells/NX44_28_P50/02_reconstruction/NX44_28_P50_reconstruction.json,4.0,297.1728109294176,3.5022976247926745,-77.97172810929418
NX44_28_P50,P50,data/validated_reconstructions/cells/NX44_28_P50/02_reconstruction/NX44_28_P50_reconstruction.json,5.0,362.94871490697744,4.46809680542529,-78.62948714906977
NX44_28_P50,P50,data/validated_reconstructions/cells/NX44_28_P50/02_reconstruction/NX44_28_P50_reconstruction.json,6.0,428.5051148596409,5.440328257962233,-79.28505114859641
NX44_28_P50,P50,data/validated_reconstructions/cells/NX44_28_P50/02_reconstruction/NX44_28_P50_reconstruction.json,7.0,493.9202611899361,6.415953296010218,-79.93920261189936
NX44_28_P50,P50,data/validated_reconstructions/cells/NX44_28_P50/02_reconstruction/NX44_28_P50_reconstruction.json,8.0,559.2209489323665,7.393172621514316,-80.59220948932366
NX44_28_P50,P50,data/validated_reconstructions/cells/NX44_28_P50/02_reconstruction/NX44_28_P50_reconstruction.json,10.0,689.3999410287194,9.348127465111773,-81.8939994102872
NX44_28_P50,P50,data/validated_reconstructions/cells/NX44_28_P50/02_reconstruction/NX44_28_P50_reconstruction.json,12.0,818.5932450205697,11.299743448640315,-83.1859324502057
NX44_28_P50,P50,data/validated_reconstructions/cells/NX44_28_P50/02_reconstruction/NX44_28_P50_reconstruction.json,15.0,1008.852478375016,14.21609558505299,-85.08852478375016
NX44_28_P50,P50,data/validated_reconstructions/cells/NX44_28_P50/02_reconstruction/NX44_28_P50_reconstruction.json,20.0,1310.0967368636987,19.04317942662747,-88.10096736863699
NX45_low_P50,P50,data/validated_reconstructions/cells/NX45_low_P50/02_reconstruction/NX45_low_P50_reconstruction.json,2.0,210.167921768074,1.8461501946216734,-77.10167921768074
NX45_low_P50,P50,data/validated_reconstructions/cells/NX45_low_P50/02_reconstruction/NX45_low_P50_reconstruction.json,3.0,307.0165982546115,2.8380824953184236,-78.07016598254611
NX45_low_P50,P50,data/validated_reconstructions/cells/NX45_low_P50/02_reconstruction/NX45_low_P50_reconstruction.json,4.0,403.76701948937495,3.832661152129548,-79.03767019489375
NX45_low_P50,P50,data/validated_reconstructions/cells/NX45_low_P50/02_reconstruction/NX45_low_P50_reconstruction.json,5.0,500.4760366966437,4.828149850235545,-80.00476036696644
NX45_low_P50,P50,data/validated_reconstructions/cells/NX45_low_P50/02_reconstruction/NX45_low_P50_reconstruction.json,6.0,597.161734479836,5.8239041226990285,-80.97161734479836
NX45_low_P50,P50,data/validated_reconstructions/cells/NX45_low_P50/02_reconstruction/NX45_low_P50_reconstruction.json,7.0,693.8232123492909,6.819602460033316,-81.93823212349291
NX45_low_P50,P50,data/validated_reconstructions/cells/NX45_low_P50/02_reconstruction/NX45_low_P50_reconstruction.json,8.0,790.4367158261152,7.815047140055524,-82.90436715826115
NX45_low_P50,P50,data/validated_reconstructions/cells/NX45_low_P50/02_reconstruction/NX45_low_P50_reconstruction.json,10.0,983.2663571497875,9.80467530973095,-84.83266357149787
NX45_low_P50,P50,data/validated_reconstructions/cells/NX45_low_P50/02_reconstruction/NX45_low_P50_reconstruction.json,12.0,1174.8182442655889,11.79214890023046,-86.74818244265589
NX45_low_P50,P50,data/validated_reconstructions/cells/NX45_low_P50/02_reconstruction/NX45_low_P50_reconstruction.json,15.0,1457.0948649758434,14.768883502602556,-89.57094864975844
NX45_low_P50,P50,data/validated_reconstructions/cells/NX45_low_P50/02_reconstruction/NX45_low_P50_reconstruction.json,20.0,1904.2682337036752,19.718617731112587,-94.04268233703675
NX45_up_P50,P50,data/validated_reconstructions/cells/NX45_up_P50/02_reconstruction/NX45_up_P50_reconstruction.json,2.0,162.35538102812512,1.4838352689404866,-76.62355381028125
NX45_up_P50,P50,data/validated_reconstructions/cells/NX45_up_P50/02_reconstruction/NX45_up_P50_reconstruction.json,3.0,223.85876231078896,2.394651749132779,-77.23858762310789
NX45_up_P50,P50,data/validated_reconstructions/cells/NX45_up_P50/02_reconstruction/NX45_up_P50_reconstruction.json,4.0,284.5626971038371,3.335758173004925,-77.84562697103837
NX45_up_P50,P50,data/validated_reconstructions/cells/NX45_up_P50/02_reconstruction/NX45_up_P50_reconstruction.json,5.0,344.8904662067605,4.291941246276566,-78.4489046620676
NX45_up_P50,P50,data/validated_reconstructions/cells/NX45_up_P50/02_reconstruction/NX45_up_P50_reconstruction.json,6.0,405.00934225544967,5.256134452709809,-79.0500934225545
NX45_up_P50,P50,data/validated_reconstructions/cells/NX45_up_P50/02_reconstruction/NX45_up_P50_reconstruction.json,7.0,464.99400194594216,6.224576911396453,-79.64994001945942
NX45_up_P50,P50,data/validated_reconstructions/cells/NX45_up_P50/02_reconstruction/NX45_up_P50_reconstruction.json,8.0,524.8705922958336,7.195008176628629,-80.24870592295834
NX45_up_P50,P50,data/validated_reconstructions/cells/NX45_up_P50/02_reconstruction/NX45_up_P50_reconstruction.json,10.0,644.2305377601101,9.136460084646728,-81.4423053776011
NX45_up_P50,P50,data/validated_reconstructions/cells/NX45_up_P50/02_reconstruction/NX45_up_P50_reconstruction.json,12.0,762.6818726010029,11.073530671047608,-82.62681872601003
NX45_up_P50,P50,data/validated_reconstructions/cells/NX45_up_P50/02_reconstruction/NX45_up_P50_reconstruction.json,15.0,937.1167360702585,13.964675006419933,-84.37116736070259
NX45_up_P50,P50,data/validated_reconstructions/cells/NX45_up_P50/02_reconstruction/NX45_up_P50_reconstruction.json,20.0,1213.2992032133557,18.739486102642665,-87.13299203213356
NX48_8_P50,P50,data/validated_reconstructions/cells/NX48_8_P50/02_reconstruction/NX48_8_P50_reconstruction.json,2.0,172.4929849650522,1.5225135925801354,-76.72492984965052
NX48_8_P50,P50,data/validated_reconstructions/cells/NX48_8_P50/02_reconstruction/NX48_8_P50_reconstruction.json,3.0,238.9776243297021,2.4068983151989545,-77.38977624329702
NX48_8_P50,P50,data/validated_reconstructions/cells/NX48_8_P50/02_reconstruction/NX48_8_P50_reconstruction.json,4.0,304.04961941286217,3.326500936888602,-78.04049619412862
NX48_8_P50,P50,data/validated_reconstructions/cells/NX48_8_P50/02_reconstruction/NX48_8_P50_reconstruction.json,5.0,368.42868047640707,4.265880137962589,-78.68428680476407
NX48_8_P50,P50,data/validated_reconstructions/cells/NX48_8_P50/02_reconstruction/NX48_8_P50_reconstruction.json,6.0,432.4137618325409,5.216757478926931,-79.32413761832541
NX48_8_P50,P50,data/validated_reconstructions/cells/NX48_8_P50/02_reconstruction/NX48_8_P50_reconstruction.json,7.0,496.1467584521486,6.174344155064762,-79.96146758452149
NX48_8_P50,P50,data/validated_reconstructions/cells/NX48_8_P50/02_reconstruction/NX48_8_P50_reconstruction.json,8.0,559.6910578764806,7.13563208176186,-80.5969105787648
NX48_8_P50,P50,data/validated_reconstructions/cells/NX48_8_P50/02_reconstruction/NX48_8_P50_reconstruction.json,10.0,686.2200923932235,9.061965722571953,-81.86220092393224
NX48_8_P50,P50,data/validated_reconstructions/cells/NX48_8_P50/02_reconstruction/NX48_8_P50_reconstruction.json,12.0,811.6694125542068,10.986100210330163,-83.11669412554207
NX48_8_P50,P50,data/validated_reconstructions/cells/NX48_8_P50/02_reconstruction/NX48_8_P50_reconstruction.json,15.0,996.2897105512695,13.859017823438185,-84.9628971055127
NX48_8_P50,P50,data/validated_reconstructions/cells/NX48_8_P50/02_reconstruction/NX48_8_P50_reconstruction.json,20.0,1288.44263125648,18.602038572985265,-87.8844263125648
NX57_11_P20,P20,data/validated_reconstructions/cells/NX57_11_P20/02_reconstruction/NX57_11_P20_reconstruction.json,2.0,120.63657090326387,1.665070453858655,-76.20636570903264
NX57_11_P20,P20,data/validated_reconstructions/cells/NX57_11_P20/02_reconstruction/NX57_11_P20_reconstruction.json,3.0,171.22427748657287,2.6181274271325994,-76.71224277486573
NX57_11_P20,P20,data/validated_reconstructions/cells/NX57_11_P20/02_reconstruction/NX57_11_P20_reconstruction.json,4.0,221.42080871014684,3.587576581536317,-77.21420808710147
NX57_11_P20,P20,data/validated_reconstructions/cells/NX57_11_P20/02_reconstruction/NX57_11_P20_reconstruction.json,5.0,271.4348388945382,4.564740158126671,-77.71434838894538
NX57_11_P20,P20,data/validated_reconstructions/cells/NX57_11_P20/02_reconstruction/NX57_11_P20_reconstruction.json,6.0,321.3476179167344,5.545798463863149,-78.21347617916734
NX57_11_P20,P20,data/validated_reconstructions/cells/NX57_11_P20/02_reconstruction/NX57_11_P20_reconstruction.json,7.0,371.1932885707327,6.528755502697624,-78.71193288570733
NX57_11_P20,P20,data/validated_reconstructions/cells/NX57_11_P20/02_reconstruction/NX57_11_P20_reconstruction.json,8.0,420.9783802326868,7.512430200243252,-79.20978380232687
NX57_11_P20,P20,data/validated_reconstructions/cells/NX57_11_P20/02_reconstruction/NX57_11_P20_reconstruction.json,10.0,520.2766054409182,9.479120810842502,-80.20276605440918
NX57_11_P20,P20,data/validated_reconstructions/cells/NX57_11_P20/02_reconstruction/NX57_11_P20_reconstruction.json,12.0,618.8630968349642,11.4422854201901,-81.18863096834964
NX57_11_P20,P20,data/validated_reconstructions/cells/NX57_11_P20/02_reconstruction/NX57_11_P20_reconstruction.json,15.0,764.0890195886626,14.377364214696065,-82.64089019588663
NX57_11_P20,P20,data/validated_reconstructions/cells/NX57_11_P20/02_reconstruction/NX57_11_P20_reconstruction.json,20.0,994.0821170746659,19.241479286694663,-84.94082117074666
NX5_22_P10,P10,data/validated_reconstructions/cells/NX5_22_P10/02_reconstruction/NX5_22_P10_reconstruction.json,2.0,131.08477208025988,1.667091472537449,-76.3108477208026
NX5_22_P10,P10,data/validated_reconstructions/cells/NX5_22_P10/02_reconstruction/NX5_22_P10_reconstruction.json,3.0,186.11786120518587,2.618318931604185,-76.86117861205186
NX5_22_P10,P10,data/validated_reconstructions/cells/NX5_22_P10/02_reconstruction/NX5_22_P10_reconstruction.json,4.0,240.6990874887228,3.586879582855181,-77.40699087488723
NX5_22_P10,P10,data/validated_reconstructions/cells/NX5_22_P10/02_reconstruction/NX5_22_P10_reconstruction.json,5.0,295.07073014746794,4.563537655277938,-77.95070730147468
NX5_22_P10,P10,data/validated_reconstructions/cells/NX5_22_P10/02_reconstruction/NX5_22_P10_reconstruction.json,6.0,349.3266379725142,5.544267907596601,-78.49326637972514
NX5_22_P10,P10,data/validated_reconstructions/cells/NX5_22_P10/02_reconstruction/NX5_22_P10_reconstruction.json,7.0,403.50635521219687,6.526988183857385,-79.03506355212197
NX5_22_P10,P10,data/validated_reconstructions/cells/NX5_22_P10/02_reconstruction/NX5_22_P10_reconstruction.json,8.0,457.61820710855545,7.5104764368782835,-79.57618207108555
NX5_22_P10,P10,data/validated_reconstructions/cells/NX5_22_P10/02_reconstruction/NX5_22_P10_reconstruction.json,10.0,565.5427230469598,9.476867418530171,-80.6554272304696
NX5_22_P10,P10,data/validated_reconstructions/cells/NX5_22_P10/02_reconstruction/NX5_22_P10_reconstruction.json,12.0,672.6909393194262,11.439768866108311,-81.72690939319426
NX5_22_P10,P10,data/validated_reconstructions/cells/NX5_22_P10/02_reconstruction/NX5_22_P10_reconstruction.json,15.0,830.5263646096392,14.374452703757227,-83.30526364609639
NX5_22_P10,P10,data/validated_reconstructions/cells/NX5_22_P10/02_reconstruction/NX5_22_P10_reconstruction.json,20.0,1080.485840439853,19.237826581540048,-85.80485840439853
NX5_9_P10,P10,data/validated_reconstructions/cells/NX5_9_P10/02_reconstruction/NX5_9_P10_reconstruction.json,2.0,235.54518895521,1.7484216381461928,-77.3554518895521
NX5_9_P10,P10,data/validated_reconstructions/cells/NX5_9_P10/02_reconstruction/NX5_9_P10_reconstruction.json,3.0,338.95227041877547,2.7255352880155312,-78.38952270418775
NX5_9_P10,P10,data/validated_reconstructions/cells/NX5_9_P10/02_reconstruction/NX5_9_P10_reconstruction.json,4.0,441.98687975238755,3.711333808494306,-79.41986879752388
NX5_9_P10,P10,data/validated_reconstructions/cells/NX5_9_P10/02_reconstruction/NX5_9_P10_reconstruction.json,5.0,544.8623545344446,4.700536481535139,-80.44862354534445
NX5_9_P10,P10,data/validated_reconstructions/cells/NX5_9_P10/02_reconstruction/NX5_9_P10_reconstruction.json,6.0,647.6530949329515,5.6911634093336465,-81.47653094932951
NX5_9_P10,P10,data/validated_reconstructions/cells/NX5_9_P10/02_reconstruction/NX5_9_P10_reconstruction.json,7.0,750.3829267339711,6.6822653355323505,-82.50382926733971
NX5_9_P10,P10,data/validated_reconstructions/cells/NX5_9_P10/02_reconstruction/NX5_9_P10_reconstruction.json,8.0,853.0394074987925,7.673294882092911,-83.53039407498792
NX5_9_P10,P10,data/validated_reconstructions/cells/NX5_9_P10/02_reconstruction/NX5_9_P10_reconstruction.json,10.0,1057.8894145340996,9.653838988985765,-85.578894145341
NX5_9_P10,P10,data/validated_reconstructions/cells/NX5_9_P10/02_reconstruction/NX5_9_P10_reconstruction.json,12.0,1261.350282210067,11.631167223099574,-87.61350282210067
NX5_9_P10,P10,data/validated_reconstructions/cells/NX5_9_P10/02_reconstruction/NX5_9_P10_reconstruction.json,15.0,1561.145221481344,14.589881562915487,-90.61145221481344
NX5_9_P10,P10,data/validated_reconstructions/cells/NX5_9_P10/02_reconstruction/NX5_9_P10_reconstruction.json,20.0,2036.0317002520603,19.501692943262345,-95.3603170025206
NX64_1_P10,P10,data/validated_reconstructions/cells/NX64_1_P10/02_reconstruction/NX64_1_P10_reconstruction.json,2.0,244.7723548488696,1.7883434155623996,-77.4477235484887
NX64_1_P10,P10,data/validated_reconstructions/cells/NX64_1_P10/02_reconstruction/NX64_1_P10_reconstruction.json,3.0,354.3628196711836,2.771711560390751,-78.54362819671184
NX64_1_P10,P10,data/validated_reconstructions/cells/NX64_1_P10/02_reconstruction/NX64_1_P10_reconstruction.json,4.0,463.68039921670174,3.761138370296227,-79.63680399216702
NX64_1_P10,P10,data/validated_reconstructions/cells/NX64_1_P10/02_reconstruction/NX64_1_P10_reconstruction.json,5.0,572.8800090678745,4.752920258464795,-80.72880009067875
NX64_1_P10,P10,data/validated_reconstructions/cells/NX64_1_P10/02_reconstruction/NX64_1_P10_reconstruction.json,6.0,682.0156686205606,5.745646199238697,-81.8201566862056
NX64_1_P10,P10,data/validated_reconstructions/cells/NX64_1_P10/02_reconstruction/NX64_1_P10_reconstruction.json,7.0,791.1017039249926,6.738628150739087,-82.91101703924993
NX64_1_P10,P10,data/validated_reconstructions/cells/NX64_1_P10/02_reconstruction/NX64_1_P10_reconstruction.json,8.0,900.1193230499382,7.731462646823636,-84.00119323049938
NX64_1_P10,P10,data/validated_reconstructions/cells/NX64_1_P10/02_reconstruction/NX64_1_P10_reconstruction.json,10.0,1117.6800120381345,9.71571865348823,-86.17680012038134
NX64_1_P10,P10,data/validated_reconstructions/cells/NX64_1_P10/02_reconstruction/NX64_1_P10_reconstruction.json,12.0,1333.77856867736,11.697190731390902,-88.3377856867736
NX64_1_P10,P10,data/validated_reconstructions/cells/NX64_1_P10/02_reconstruction/NX64_1_P10_reconstruction.json,15.0,1652.2076859519386,14.663265459644252,-91.52207685951939
NX64_1_P10,P10,data/validated_reconstructions/cells/NX64_1_P10/02_reconstruction/NX64_1_P10_reconstruction.json,20.0,2156.6273039401053,19.590567596620605,-96.56627303940105
NX64_2_P10,P10,data/validated_reconstructions/cells/NX64_2_P10/02_reconstruction/NX64_2_P10_reconstruction.json,2.0,202.32536789043252,1.535347620489494,-77.02325367890433
NX64_2_P10,P10,data/validated_reconstructions/cells/NX64_2_P10/02_reconstruction/NX64_2_P10_reconstruction.json,3.0,281.1348858873288,2.446775193998321,-77.81134885887329
NX64_2_P10,P10,data/validated_reconstructions/cells/NX64_2_P10/02_reconstruction/NX64_2_P10_reconstruction.json,4.0,358.7706728459594,3.3862242124017627,-78.5877067284596
NX64_2_P10,P10,data/validated_reconstructions/cells/NX64_2_P10/02_reconstruction/NX64_2_P10_reconstruction.json,5.0,435.8358143414648,4.3405162966519555,-79.35835814341465
NX64_2_P10,P10,data/validated_reconstructions/cells/NX64_2_P10/02_reconstruction/NX64_2_P10_reconstruction.json,6.0,512.5773698746286,5.303105737431672,-80.12577369874629
NX64_2_P10,P10,data/validated_reconstructions/cells/NX64_2_P10/02_reconstruction/NX64_2_P10_reconstruction.json,7.0,589.109713994111,6.270324324684809,-80.89109713994111
NX64_2_P10,P10,data/validated_reconstructions/cells/NX64_2_P10/02_reconstruction/NX64_2_P10_reconstruction.json,8.0,665.4777561831295,7.239897538155012,-81.6547775618313
NX64_2_P10,P10,data/validated_reconstructions/cells/NX64_2_P10/02_reconstruction/NX64_2_P10_reconstruction.json,10.0,817.6600384524249,9.180571709291424,-83.17660038452425
NX64_2_P10,P10,data/validated_reconstructions/cells/NX64_2_P10/02_reconstruction/NX64_2_P10_reconstruction.json,12.0,968.6400278823825,11.117888038839581,-84.68640027882383
NX64_2_P10,P10,data/validated_reconstructions/cells/NX64_2_P10/02_reconstruction/NX64_2_P10_reconstruction.json,15.0,1190.9313918362272,14.010874334356808,-86.90931391836227
NX64_2_P10,P10,data/validated_reconstructions/cells/NX64_2_P10/02_reconstruction/NX64_2_P10_reconstruction.json,20.0,1542.8238658858902,18.79159176139745,-90.4282386588589
NX65_16_P10,P10,data/validated_reconstructions/cells/NX65_16_P10/02_reconstruction/NX65_16_P10_reconstruction.json,2.0,188.9004918914793,1.4731359433870819,-76.8890049189148
NX65_16_P10,P10,data/validated_reconstructions/cells/NX65_16_P10/02_reconstruction/NX65_16_P10_reconstruction.json,3.0,260.18553331524856,2.3897958660297873,-77.60185533315249
NX65_16_P10,P10,data/validated_reconstructions/cells/NX65_16_P10/02_reconstruction/NX65_16_P10_reconstruction.json,4.0,330.65749357231624,3.335753376240178,-78.30657493572316
NX65_16_P10,P10,data/validated_reconstructions/cells/NX65_16_P10/02_reconstruction/NX65_16_P10_reconstruction.json,5.0,400.75705561396546,4.295715124182412,-79.00757055613965
NX65_16_P10,P10,data/validated_reconstructions/cells/NX65_16_P10/02_reconstruction/NX65_16_P10_reconstruction.json,6.0,470.6531152939192,5.262891554757253,-79.70653115293919
NX65_16_P10,P10,data/validated_reconstructions/cells/NX65_16_P10/02_reconstruction/NX65_16_P10_reconstruction.json,7.0,540.4186693018431,6.233756846449228,-80.40418669301843
NX65_16_P10,P10,data/validated_reconstructions/cells/NX65_16_P10/02_reconstruction/NX65_16_P10_reconstruction.json,8.0,610.0760277921793,7.206219928868953,-81.1007602779218
NX65_16_P10,P10,data/validated_reconstructions/cells/NX65_16_P10/02_reconstruction/NX65_16_P10_reconstruction.json,10.0,748.9673387124469,9.151006474353991,-82.48967338712447
NX65_16_P10,P10,data/validated_reconstructions/cells/NX65_16_P10/02_reconstruction/NX65_16_P10_reconstruction.json,12.0,886.8295356389524,11.090897731596218,-83.86829535638952
NX65_16_P10,P10,data/validated_reconstructions/cells/NX65_16_P10/02_reconstruction/NX65_16_P10_reconstruction.json,15.0,1089.8786772295607,13.985963903641657,-85.89878677229561
NX65_16_P10,P10,data/validated_reconstructions/cells/NX65_16_P10/02_reconstruction/NX65_16_P10_reconstruction.json,20.0,1411.404473286548,18.767519984921424,-89.11404473286548
NX65_5_P10,P10,data/validated_reconstructions/cells/NX65_5_P10/02_reconstruction/NX65_5_P10_reconstruction.json,2.0,148.15116764316372,1.659074084295724,-76.48151167643164
NX65_5_P10,P10,data/validated_reconstructions/cells/NX65_5_P10/02_reconstruction/NX65_5_P10_reconstruction.json,3.0,210.04108030924158,2.6053010896191684,-77.10041080309242
NX65_5_P10,P10,data/validated_reconstructions/cells/NX65_5_P10/02_reconstruction/NX65_5_P10_reconstruction.json,4.0,271.36023843782766,3.570225031111392,-77.71360238437828
NX65_5_P10,P10,data/validated_reconstructions/cells/NX65_5_P10/02_reconstruction/NX65_5_P10_reconstruction.json,5.0,332.4116602970079,4.544213621315228,-78.32411660297008
NX65_5_P10,P10,data/validated_reconstructions/cells/NX65_5_P10/02_reconstruction/NX65_5_P10_reconstruction.json,6.0,393.31453984183185,5.522879249679347,-78.93314539841832
NX65_5_P10,P10,data/validated_reconstructions/cells/NX65_5_P10/02_reconstruction/NX65_5_P10_reconstruction.json,7.0,454.120277157692,6.503905803593916,-79.54120277157692
NX65_5_P10,P10,data/validated_reconstructions/cells/NX65_5_P10/02_reconstruction/NX65_5_P10_reconstruction.json,8.0,514.8421328104589,7.485924321042257,-80.14842132810459
NX65_5_P10,P10,data/validated_reconstructions/cells/NX65_5_P10/02_reconstruction/NX65_5_P10_reconstruction.json,10.0,635.9355188547837,9.449696412127938,-81.35935518854784
NX65_5_P10,P10,data/validated_reconstructions/cells/NX65_5_P10/02_reconstruction/NX65_5_P10_reconstruction.json,12.0,756.1461409452818,11.410073262152208,-82.56146140945282
NX65_5_P10,P10,data/validated_reconstructions/cells/NX65_5_P10/02_reconstruction/NX65_5_P10_reconstruction.json,15.0,933.2113685239023,14.34072370286867,-84.33211368523902
NX65_5_P10,P10,data/validated_reconstructions/cells/NX65_5_P10/02_reconstruction/NX65_5_P10_reconstruction.json,20.0,1213.609358006805,19.196202477884846,-87.13609358006805
NX6_29_P20,P20,data/validated_reconstructions/cells/NX6_29_P20/02_reconstruction/NX6_29_P20_reconstruction.json,2.0,156.96943158111196,1.4295082314535617,-76.56969431581112
NX6_29_P20,P20,data/validated_reconstructions/cells/NX6_29_P20/02_reconstruction/NX6_29_P20_reconstruction.json,3.0,214.09787259521522,2.28463783626495,-77.14097872595215
NX6_29_P20,P20,data/validated_reconstructions/cells/NX6_29_P20/02_reconstruction/NX6_29_P20_reconstruction.json,4.0,269.759760158027,3.180280881002503,-77.69759760158027
NX6_29_P20,P20,data/validated_reconstructions/cells/NX6_29_P20/02_reconstruction/NX6_29_P20_reconstruction.json,5.0,324.68589981159965,4.100073218590058,-78.246858998116
NX6_29_P20,P20,data/validated_reconstructions/cells/NX6_29_P20/02_reconstruction/NX6_29_P20_reconstruction.json,6.0,379.1874525281088,5.034544994078073,-78.79187452528109
NX6_29_P20,P20,data/validated_reconstructions/cells/NX6_29_P20/02_reconstruction/NX6_29_P20_reconstruction.json,7.0,433.41587807389885,5.977937729775691,-79.33415878073899
NX6_29_P20,P20,data/validated_reconstructions/cells/NX6_29_P20/02_reconstruction/NX6_29_P20_reconstruction.json,8.0,487.443239620292,6.926517499515639,-79.87443239620292
NX6_29_P20,P20,data/validated_reconstructions/cells/NX6_29_P20/02_reconstruction/NX6_29_P20_reconstruction.json,10.0,594.9423331528237,8.829790926910327,-80.94942333152824
NX6_29_P20,P20,data/validated_reconstructions/cells/NX6_29_P20/02_reconstruction/NX6_29_P20_reconstruction.json,12.0,701.4571900707338,10.731760939243228,-82.01457190070734
NX6_29_P20,P20,data/validated_reconstructions/cells/NX6_29_P20/02_reconstruction/NX6_29_P20_reconstruction.json,15.0,858.1416935171603,13.56976479382301,-83.5814169351716
NX6_29_P20,P20,data/validated_reconstructions/cells/NX6_29_P20/02_reconstruction/NX6_29_P20_reconstruction.json,20.0,1105.9940354175353,18.245520328474868,-86.05994035417535
NX6_4_P20,P20,data/validated_reconstructions/cells/NX6_4_P20/02_reconstruction/NX6_4_P20_reconstruction.json,2.0,92.5542932489293,1.5253584851021975,-75.9255429324893
NX6_4_P20,P20,data/validated_reconstructions/cells/NX6_4_P20/02_reconstruction/NX6_4_P20_reconstruction.json,3.0,128.31020179258417,2.430635849582299,-76.28310201792584
NX6_4_P20,P20,data/validated_reconstructions/cells/NX6_4_P20/02_reconstruction/NX6_4_P20_reconstruction.json,4.0,163.48947752930485,3.363487052510305,-76.63489477529305
NX6_4_P20,P20,data/validated_reconstructions/cells/NX6_4_P20/02_reconstruction/NX6_4_P20_reconstruction.json,5.0,198.37762450512315,4.311812147620964,-76.98377624505123
NX6_4_P20,P20,data/validated_reconstructions/cells/NX6_4_P20/02_reconstruction/NX6_4_P20_reconstruction.json,6.0,233.09659957007227,5.2691900510745375,-77.33096599570072
NX6_4_P20,P20,data/validated_reconstructions/cells/NX6_4_P20/02_reconstruction/NX6_4_P20_reconstruction.json,7.0,267.7048877319976,6.2318429103258195,-77.67704887731998
NX6_4_P20,P20,data/validated_reconstructions/cells/NX6_4_P20/02_reconstruction/NX6_4_P20_reconstruction.json,8.0,302.2272498968647,7.197344014032442,-78.02227249896865
NX6_4_P20,P20,data/validated_reconstructions/cells/NX6_4_P20/02_reconstruction/NX6_4_P20_reconstruction.json,10.0,370.9978231840509,9.130818699082766,-78.70997823184051
NX6_4_P20,P20,data/validated_reconstructions/cells/NX6_4_P20/02_reconstruction/NX6_4_P20_reconstruction.json,12.0,439.20451332578807,11.06152704082125,-79.39204513325788
NX6_4_P20,P20,data/validated_reconstructions/cells/NX6_4_P20/02_reconstruction/NX6_4_P20_reconstruction.json,15.0,539.6045290455347,13.944647466870785,-80.39604529045535
NX6_4_P20,P20,data/validated_reconstructions/cells/NX6_4_P20/02_reconstruction/NX6_4_P20_reconstruction.json,20.0,698.5098814318121,18.70731920150418,-81.98509881431812
NX72_1_P10,P10,data/validated_reconstructions/cells/NX72_1_P10/02_reconstruction/NX72_1_P10_reconstruction.json,2.0,163.89641260355887,1.8050886615391302,-76.63896412603559
NX72_1_P10,P10,data/validated_reconstructions/cells/NX72_1_P10/02_reconstruction/NX72_1_P10_reconstruction.json,3.0,237.82554687921618,2.77913219270745,-77.37825546879216
NX72_1_P10,P10,data/validated_reconstructions/cells/NX72_1_P10/02_reconstruction/NX72_1_P10_reconstruction.json,4.0,311.3887037997088,3.762034411628686,-78.11388703799709
NX72_1_P10,P10,data/validated_reconstructions/cells/NX72_1_P10/02_reconstruction/NX72_1_P10_reconstruction.json,5.0,384.77843011912256,4.749153981922741,-78.84778430119123
NX72_1_P10,P10,data/validated_reconstructions/cells/NX72_1_P10/02_reconstruction/NX72_1_P10_reconstruction.json,6.0,458.07055347707006,5.738393341595127,-79.5807055347707
NX72_1_P10,P10,data/validated_reconstructions/cells/NX72_1_P10/02_reconstruction/NX72_1_P10_reconstruction.json,7.0,531.2948963709473,6.728642747654468,-80.31294896370947
NX72_1_P10,P10,data/validated_reconstructions/cells/NX72_1_P10/02_reconstruction/NX72_1_P10_reconstruction.json,8.0,604.4502333815757,7.71923775528025,-81.04450233381576
NX72_1_P10,P10,data/validated_reconstructions/cells/NX72_1_P10/02_reconstruction/NX72_1_P10_reconstruction.json,10.0,750.3984127424303,9.699879359369843,-82.5039841274243
NX72_1_P10,P10,data/validated_reconstructions/cells/NX72_1_P10/02_reconstruction/NX72_1_P10_reconstruction.json,12.0,895.3299493814995,11.678309992094732,-83.953299493815
NX72_1_P10,P10,data/validated_reconstructions/cells/NX72_1_P10/02_reconstruction/NX72_1_P10_reconstruction.json,15.0,1108.8553174828987,14.640129471812639,-86.08855317482899
NX72_1_P10,P10,data/validated_reconstructions/cells/NX72_1_P10/02_reconstruction/NX72_1_P10_reconstruction.json,20.0,1447.051002120486,19.560028970758296,-89.47051002120486
NX72_2_P10,P10,data/validated_reconstructions/cells/NX72_2_P10/02_reconstruction/NX72_2_P10_reconstruction.json,2.0,167.88250128171427,1.7153991930020172,-76.67882501281714
NX72_2_P10,P10,data/validated_reconstructions/cells/NX72_2_P10/02_reconstruction/NX72_2_P10_reconstruction.json,3.0,240.26065315051568,2.686514362796507,-77.40260653150516
NX72_2_P10,P10,data/validated_reconstructions/cells/NX72_2_P10/02_reconstruction/NX72_2_P10_reconstruction.json,4.0,312.325653948875,3.6681576004500123,-78.12325653948875
NX72_2_P10,P10,data/validated_reconstructions/cells/NX72_2_P10/02_reconstruction/NX72_2_P10_reconstruction.json,5.0,384.25131946755755,4.654262815145646,-78.84251319467558
NX72_2_P10,P10,data/validated_reconstructions/cells/NX72_2_P10/02_reconstruction/NX72_2_P10_reconstruction.json,6.0,456.10128834006645,5.642386574314186,-79.56101288340066
NX72_2_P10,P10,data/validated_reconstructions/cells/NX72_2_P10/02_reconstruction/NX72_2_P10_reconstruction.json,7.0,527.8982651596095,6.63130921002003,-80.2789826515961
NX72_2_P10,P10,data/validated_reconstructions/cells/NX72_2_P10/02_reconstruction/NX72_2_P10_reconstruction.json,8.0,599.6369906662437,7.620320017182969,-80.99636990666244
NX72_2_P10,P10,data/validated_reconstructions/cells/NX72_2_P10/02_reconstruction/NX72_2_P10_reconstruction.json,10.0,742.777583240884,9.596919783079052,-82.42777583240884
NX72_2_P10,P10,data/validated_reconstructions/cells/NX72_2_P10/02_reconstruction/NX72_2_P10_reconstruction.json,12.0,884.9366782098726,11.570053753479833,-83.84936678209873
NX72_2_P10,P10,data/validated_reconstructions/cells/NX72_2_P10/02_reconstruction/NX72_2_P10_reconstruction.json,15.0,1094.3938165320872,14.521560090046611,-85.94393816532087
NX72_2_P10,P10,data/validated_reconstructions/cells/NX72_2_P10/02_reconstruction/NX72_2_P10_reconstruction.json,20.0,1426.167578924229,19.418523681260773,-89.26167578924229
NX73_19_P10,P10,data/validated_reconstructions/cells/NX73_19_P10/02_reconstruction/NX73_19_P10_reconstruction.json,2.0,207.96348467823975,1.7355416100790055,-77.0796348467824
NX73_19_P10,P10,data/validated_reconstructions/cells/NX73_19_P10/02_reconstruction/NX73_19_P10_reconstruction.json,3.0,298.62627103597674,2.713984549302161,-77.98626271035977
NX73_19_P10,P10,data/validated_reconstructions/cells/NX73_19_P10/02_reconstruction/NX73_19_P10_reconstruction.json,4.0,389.01808756915557,3.700409053418085,-78.89018087569156
NX73_19_P10,P10,data/validated_reconstructions/cells/NX73_19_P10/02_reconstruction/NX73_19_P10_reconstruction.json,5.0,479.2948380913643,4.68992471820348,-79.79294838091364
NX73_19_P10,P10,data/validated_reconstructions/cells/NX73_19_P10/02_reconstruction/NX73_19_P10_reconstruction.json,6.0,569.510190500128,5.680697248775385,-80.69510190500128
NX73_19_P10,P10,data/validated_reconstructions/cells/NX73_19_P10/02_reconstruction/NX73_19_P10_reconstruction.json,7.0,659.6797520556279,6.6718404284897606,-81.59679752055628
NX73_19_P10,P10,data/validated_reconstructions/cells/NX73_19_P10/02_reconstruction/NX73_19_P10_reconstruction.json,8.0,749.7898344936416,7.662836785417744,-82.49789834493642
NX73_19_P10,P10,data/validated_reconstructions/cells/NX73_19_P10/02_reconstruction/NX73_19_P10_reconstruction.json,10.0,929.6125995251529,9.64314498139035,-84.29612599525153
NX73_19_P10,P10,data/validated_reconstructions/cells/NX73_19_P10/02_reconstruction/NX73_19_P10_reconstruction.json,12.0,1108.2229607292718,11.620053094366638,-86.08222960729272
NX73_19_P10,P10,data/validated_reconstructions/cells/NX73_19_P10/02_reconstruction/NX73_19_P10_reconstruction.json,15.0,1371.408155051239,14.577848215203199,-88.71408155051239
NX73_19_P10,P10,data/validated_reconstructions/cells/NX73_19_P10/02_reconstruction/NX73_19_P10_reconstruction.json,20.0,1788.3120682994231,19.487496251435164,-92.88312068299423
NX73_21_P10,P10,data/validated_reconstructions/cells/NX73_21_P10/02_reconstruction/NX73_21_P10_reconstruction.json,2.0,163.27943124963156,1.7667616483607695,-76.63279431249632
NX73_21_P10,P10,data/validated_reconstructions/cells/NX73_21_P10/02_reconstruction/NX73_21_P10_reconstruction.json,3.0,235.4891110372094,2.7353332799781946,-77.3548911103721
NX73_21_P10,P10,data/validated_reconstructions/cells/NX73_21_P10/02_reconstruction/NX73_21_P10_reconstruction.json,4.0,307.28527653789257,3.714755349328242,-78.07285276537893
NX73_21_P10,P10,data/validated_reconstructions/cells/NX73_21_P10/02_reconstruction/NX73_21_P10_reconstruction.json,5.0,378.88660804156444,4.699324370306303,-78.78886608041564
NX73_21_P10,P10,data/validated_reconstructions/cells/NX73_21_P10/02_reconstruction/NX73_21_P10_reconstruction.json,6.0,450.3789581367357,5.686474526069826,-79.50378958136736
NX73_21_P10,P10,data/validated_reconstructions/cells/NX73_21_P10/02_reconstruction/NX73_21_P10_reconstruction.json,7.0,521.7969587584918,6.674858339334027,-80.21796958758492
NX73_21_P10,P10,data/validated_reconstructions/cells/NX73_21_P10/02_reconstruction/NX73_21_P10_reconstruction.json,8.0,593.1423483337767,7.663673216938371,-80.93142348333777
NX73_21_P10,P10,data/validated_reconstructions/cells/NX73_21_P10/02_reconstruction/NX73_21_P10_reconstruction.json,10.0,735.4698264213681,9.640687371589538,-82.35469826421368
NX73_21_P10,P10,data/validated_reconstructions/cells/NX73_21_P10/02_reconstruction/NX73_21_P10_reconstruction.json,12.0,876.7981957960927,11.61510330130672,-83.76798195796093
NX73_21_P10,P10,data/validated_reconstructions/cells/NX73_21_P10/02_reconstruction/NX73_21_P10_reconstruction.json,15.0,1085.007473083661,14.569831306977244,-85.85007473083661
NX73_21_P10,P10,data/validated_reconstructions/cells/NX73_21_P10/02_reconstruction/NX73_21_P10_reconstruction.json,20.0,1414.773629729116,19.4748558088104,-89.14773629729116
NX74_20_P20,P20,data/validated_reconstructions/cells/NX74_20_P20/02_reconstruction/NX74_20_P20_reconstruction.json,2.0,97.81983047534197,1.7974728624417833,-75.97819830475342
NX74_20_P20,P20,data/validated_reconstructions/cells/NX74_20_P20/02_reconstruction/NX74_20_P20_reconstruction.json,3.0,141.73444941748556,2.7677491718680254,-76.41734449417486
NX74_20_P20,P20,data/validated_reconstructions/cells/NX74_20_P20/02_reconstruction/NX74_20_P20_reconstruction.json,4.0,185.3939639329795,3.7472470914539704,-76.8539396393298
NX74_20_P20,P20,data/validated_reconstructions/cells/NX74_20_P20/02_reconstruction/NX74_20_P20_reconstruction.json,5.0,228.9269341557187,4.731496823872083,-77.28926934155719
NX74_20_P20,P20,data/validated_reconstructions/cells/NX74_20_P20/02_reconstruction/NX74_20_P20_reconstruction.json,6.0,272.3866633559098,5.718314672801217,-77.7238666335591
NX74_20_P20,P20,data/validated_reconstructions/cells/NX74_20_P20/02_reconstruction/NX74_20_P20_reconstruction.json,7.0,315.79577266902135,6.70647304009201,-78.15795772669021
NX74_20_P20,P20,data/validated_reconstructions/cells/NX74_20_P20/02_reconstruction/NX74_20_P20_reconstruction.json,8.0,359.15660536271616,7.695205283393056,-78.59156605362716
NX74_20_P20,P20,data/validated_reconstructions/cells/NX74_20_P20/02_reconstruction/NX74_20_P20_reconstruction.json,10.0,445.64865405021123,9.672503070302097,-79.45648654050211
NX74_20_P20,P20,data/validated_reconstructions/cells/NX74_20_P20/02_reconstruction/NX74_20_P20_reconstruction.json,12.0,531.5257011610313,11.647765293249092,-80.31525701161031
NX74_20_P20,P20,data/validated_reconstructions/cells/NX74_20_P20/02_reconstruction/NX74_20_P20_reconstruction.json,15.0,658.0336860109327,14.604677317773564,-81.58033686010933
NX74_20_P20,P20,data/validated_reconstructions/cells/NX74_20_P20/02_reconstruction/NX74_20_P20_reconstruction.json,20.0,858.3876209274634,19.515285236142827,-83.58387620927464
NX74_26_P20,P20,data/validated_reconstructions/cells/NX74_26_P20/02_reconstruction/NX74_26_P20_reconstruction.json,2.0,100.00188094361278,1.650959997439971,-76.00001880943613
NX74_26_P20,P20,data/validated_reconstructions/cells/NX74_26_P20/02_reconstruction/NX74_26_P20_reconstruction.json,3.0,141.69137639482017,2.614895881448757,-76.4169137639482
NX74_26_P20,P20,data/validated_reconstructions/cells/NX74_26_P20/02_reconstruction/NX74_26_P20_reconstruction.json,4.0,183.17960011128918,3.5921585339033633,-76.83179600111289
NX74_26_P20,P20,data/validated_reconstructions/cells/NX74_26_P20/02_reconstruction/NX74_26_P20_reconstruction.json,5.0,224.57973026379534,4.57501250904527,-77.24579730263795
NX74_26_P20,P20,data/validated_reconstructions/cells/NX74_26_P20/02_reconstruction/NX74_26_P20_reconstruction.json,6.0,265.9325580019697,5.560397081660708,-77.6593255800197
NX74_26_P20,P20,data/validated_reconstructions/cells/NX74_26_P20/02_reconstruction/NX74_26_P20_reconstruction.json,7.0,307.2528499364523,6.5467972884558225,-78.07252849936452
NX74_26_P20,P20,data/validated_reconstructions/cells/NX74_26_P20/02_reconstruction/NX74_26_P20_reconstruction.json,8.0,348.53839381476774,7.533336044628733,-78.48538393814768
NX74_26_P20,P20,data/validated_reconstructions/cells/NX74_26_P20/02_reconstruction/NX74_26_P20_reconstruction.json,10.0,430.91351307657675,9.50474740385254,-79.30913513076577
NX74_26_P20,P20,data/validated_reconstructions/cells/NX74_26_P20/02_reconstruction/NX74_26_P20_reconstruction.json,12.0,512.7222414936767,11.471991628342918,-80.12722241493677
NX74_26_P20,P20,data/validated_reconstructions/cells/NX74_26_P20/02_reconstruction/NX74_26_P20_reconstruction.json,15.0,633.2577405841079,14.41292790351984,-81.33257740584108
NX74_26_P20,P20,data/validated_reconstructions/cells/NX74_26_P20/02_reconstruction/NX74_26_P20_reconstruction.json,20.0,824.1806130381306,19.287482572115664,-83.2418061303813
NX7_19_P20,P20,data/validated_reconstructions/cells/NX7_19_P20/02_reconstruction/NX7_19_P20_reconstruction.json,2.0,212.46041187188354,1.3437545895331255,-77.12460411871884
NX7_19_P20,P20,data/validated_reconstructions/cells/NX7_19_P20/02_reconstruction/NX7_19_P20_reconstruction.json,3.0,286.05542597750286,2.1815037064129665,-77.86055425977503
NX7_19_P20,P20,data/validated_reconstructions/cells/NX7_19_P20/02_reconstruction/NX7_19_P20_reconstruction.json,4.0,357.65178993038944,3.064870965805473,-78.5765178993039
NX7_19_P20,P20,data/validated_reconstructions/cells/NX7_19_P20/02_reconstruction/NX7_19_P20_reconstruction.json,5.0,428.2488544332793,3.9746174859677974,-79.2824885443328
NX7_19_P20,P20,data/validated_reconstructions/cells/NX7_19_P20/02_reconstruction/NX7_19_P20_reconstruction.json,6.0,498.26795450146903,4.90035462948997,-79.98267954501469
NX7_19_P20,P20,data/validated_reconstructions/cells/NX7_19_P20/02_reconstruction/NX7_19_P20_reconstruction.json,7.0,567.9143564256705,5.835849917295057,-80.6791435642567
NX7_19_P20,P20,data/validated_reconstructions/cells/NX7_19_P20/02_reconstruction/NX7_19_P20_reconstruction.json,8.0,637.2869047991443,6.77708314016062,-81.37286904799144
NX7_19_P20,P20,data/validated_reconstructions/cells/NX7_19_P20/02_reconstruction/NX7_19_P20_reconstruction.json,10.0,775.2865219989686,8.666432005917953,-82.75286521998969
NX7_19_P20,P20,data/validated_reconstructions/cells/NX7_19_P20/02_reconstruction/NX7_19_P20_reconstruction.json,12.0,911.9946809771576,10.554477705552914,-84.11994680977158
NX7_19_P20,P20,data/validated_reconstructions/cells/NX7_19_P20/02_reconstruction/NX7_19_P20_reconstruction.json,15.0,1113.063077328607,13.36994586865602,-86.13063077328607
NX7_19_P20,P20,data/validated_reconstructions/cells/NX7_19_P20/02_reconstruction/NX7_19_P20_reconstruction.json,20.0,1431.0818452888711,18.0014500427892,-89.31081845288871
NX83_11_P20,P20,data/validated_reconstructions/cells/NX83_11_P20/02_reconstruction/NX83_11_P20_reconstruction.json,2.0,190.517414506634,1.611474253620658,-76.90517414506634
NX83_11_P20,P20,data/validated_reconstructions/cells/NX83_11_P20/02_reconstruction/NX83_11_P20_reconstruction.json,3.0,268.22463490453856,2.550068090926594,-77.68224634904539
NX83_11_P20,P20,data/validated_reconstructions/cells/NX83_11_P20/02_reconstruction/NX83_11_P20_reconstruction.json,4.0,345.1376484284367,3.5111225666715415,-78.45137648428437
NX83_11_P20,P20,data/validated_reconstructions/cells/NX83_11_P20/02_reconstruction/NX83_11_P20_reconstruction.json,5.0,421.6896557515298,4.482524033798607,-79.2168965575153
NX83_11_P20,P20,data/validated_reconstructions/cells/NX83_11_P20/02_reconstruction/NX83_11_P20_reconstruction.json,6.0,498.04519809891445,5.459110181252428,-79.98045198098914
NX83_11_P20,P20,data/validated_reconstructions/cells/NX83_11_P20/02_reconstruction/NX83_11_P20_reconstruction.json,7.0,574.2741915953786,6.438252968331134,-80.74274191595379
NX83_11_P20,P20,data/validated_reconstructions/cells/NX83_11_P20/02_reconstruction/NX83_11_P20_reconstruction.json,8.0,650.3955881066744,7.4184321426194435,-81.50395588106674
NX83_11_P20,P20,data/validated_reconstructions/cells/NX83_11_P20/02_reconstruction/NX83_11_P20_reconstruction.json,10.0,802.1957732396785,9.378333608487877,-83.02195773239679
NX83_11_P20,P20,data/validated_reconstructions/cells/NX83_11_P20/02_reconstruction/NX83_11_P20_reconstruction.json,12.0,952.8873881764994,11.334292254083413,-84.528873881765
NX83_11_P20,P20,data/validated_reconstructions/cells/NX83_11_P20/02_reconstruction/NX83_11_P20_reconstruction.json,15.0,1174.8486365383726,14.256970417024313,-86.74848636538373
NX83_11_P20,P20,data/validated_reconstructions/cells/NX83_11_P20/02_reconstruction/NX83_11_P20_reconstruction.json,20.0,1526.3425802033523,19.095477456768258,-90.26342580203352
NX90_20_P50,P50,data/validated_reconstructions/cells/NX90_20_P50/02_reconstruction/NX90_20_P50_reconstruction.json,2.0,138.06882673634675,1.4653379156513604,-76.38068826736347
NX90_20_P50,P50,data/validated_reconstructions/cells/NX90_20_P50/02_reconstruction/NX90_20_P50_reconstruction.json,3.0,189.8921360841925,2.3771171451967037,-76.89892136084192
NX90_20_P50,P50,data/validated_reconstructions/cells/NX90_20_P50/02_reconstruction/NX90_20_P50_reconstruction.json,4.0,241.06787520082662,3.318564385349743,-77.41067875200827
NX90_20_P50,P50,data/validated_reconstructions/cells/NX90_20_P50/02_reconstruction/NX90_20_P50_reconstruction.json,5.0,291.93907984054874,4.274690797820704,-77.91939079840549
NX90_20_P50,P50,data/validated_reconstructions/cells/NX90_20_P50/02_reconstruction/NX90_20_P50_reconstruction.json,6.0,342.64078975363503,5.238627538123327,-78.42640789753635
NX90_20_P50,P50,data/validated_reconstructions/cells/NX90_20_P50/02_reconstruction/NX90_20_P50_reconstruction.json,7.0,393.23313966556555,6.206707099676883,-78.93233139665566
NX90_20_P50,P50,data/validated_reconstructions/cells/NX90_20_P50/02_reconstruction/NX90_20_P50_reconstruction.json,8.0,443.73670549445166,7.176708085798367,-79.43736705494452
NX90_20_P50,P50,data/validated_reconstructions/cells/NX90_20_P50/02_reconstruction/NX90_20_P50_reconstruction.json,10.0,544.4162768035824,9.117149477370116,-80.44416276803582
NX90_20_P50,P50,data/validated_reconstructions/cells/NX90_20_P50/02_reconstruction/NX90_20_P50_reconstruction.json,12.0,644.3324744292837,11.053018813620064,-81.44332474429284
NX90_20_P50,P50,data/validated_reconstructions/cells/NX90_20_P50/02_reconstruction/NX90_20_P50_reconstruction.json,15.0,791.4747273381465,13.941987940663607,-82.91474727338147
NX90_20_P50,P50,data/validated_reconstructions/cells/NX90_20_P50/02_reconstruction/NX90_20_P50_reconstruction.json,20.0,1024.4480359705406,18.71219433257978,-85.2444803597054
NX90_22_P50,P50,data/validated_reconstructions/cells/NX90_22_P50/02_reconstruction/NX90_22_P50_reconstruction.json,2.0,152.14750260382743,1.4169190489101582,-76.52147502603827
NX90_22_P50,P50,data/validated_reconstructions/cells/NX90_22_P50/02_reconstruction/NX90_22_P50_reconstruction.json,3.0,207.1762417122997,2.2808982568828533,-77.071762417123
NX90_22_P50,P50,data/validated_reconstructions/cells/NX90_22_P50/02_reconstruction/NX90_22_P50_reconstruction.json,4.0,260.93702953156424,3.182578450434524,-77.60937029531564
NX90_22_P50,P50,data/validated_reconstructions/cells/NX90_22_P50/02_reconstruction/NX90_22_P50_reconstruction.json,5.0,314.0546651359003,4.106418044437836,-78.140546651359
NX90_22_P50,P50,data/validated_reconstructions/cells/NX90_22_P50/02_reconstruction/NX90_22_P50_reconstruction.json,6.0,366.7977966097624,5.043718576743392,-78.66797796609762
NX90_22_P50,P50,data/validated_reconstructions/cells/NX90_22_P50/02_reconstruction/NX90_22_P50_reconstruction.json,7.0,419.2979183264512,5.9892016480244905,-79.19297918326451
NX90_22_P50,P50,data/validated_reconstructions/cells/NX90_22_P50/02_reconstruction/NX90_22_P50_reconstruction.json,8.0,471.616893863758,6.93941729034318,-79.71616893863758
NX90_22_P50,P50,data/validated_reconstructions/cells/NX90_22_P50/02_reconstruction/NX90_22_P50_reconstruction.json,10.0,575.7411496334881,8.845221228904377,-80.75741149633488
NX90_22_P50,P50,data/validated_reconstructions/cells/NX90_22_P50/02_reconstruction/NX90_22_P50_reconstruction.json,12.0,678.930790280009,10.74927239500709,-81.78930790280009
NX90_22_P50,P50,data/validated_reconstructions/cells/NX90_22_P50/02_reconstruction/NX90_22_P50_reconstruction.json,15.0,830.7418744944243,13.590209607288811,-83.30741874494424
NX90_22_P50,P50,data/validated_reconstructions/cells/NX90_22_P50/02_reconstruction/NX90_22_P50_reconstruction.json,20.0,1070.9071780846045,18.271206695513474,-85.70907178084605
NX93_low_P20,P20,data/validated_reconstructions/cells/NX93_low_P20/02_reconstruction/NX93_low_P20_reconstruction.json,2.0,210.44180579945362,1.656237165781053,-77.10441805799454
NX93_low_P20,P20,data/validated_reconstructions/cells/NX93_low_P20/02_reconstruction/NX93_low_P20_reconstruction.json,3.0,297.51996205560545,2.5670281175852963,-77.97519962055605
NX93_low_P20,P20,data/validated_reconstructions/cells/NX93_low_P20/02_reconstruction/NX93_low_P20_reconstruction.json,4.0,382.96605316211014,3.4990833360104716,-78.8296605316211
NX93_low_P20,P20,data/validated_reconstructions/cells/NX93_low_P20/02_reconstruction/NX93_low_P20_reconstruction.json,5.0,467.5370865214063,4.444971776532345,-79.67537086521406
NX93_low_P20,P20,data/validated_reconstructions/cells/NX93_low_P20/02_reconstruction/NX93_low_P20_reconstruction.json,6.0,551.5802838942051,5.3998391133749175,-80.51580283894205
NX93_low_P20,P20,data/validated_reconstructions/cells/NX93_low_P20/02_reconstruction/NX93_low_P20_reconstruction.json,7.0,635.2717890589531,6.360424548796984,-81.35271789058953
NX93_low_P20,P20,data/validated_reconstructions/cells/NX93_low_P20/02_reconstruction/NX93_low_P20_reconstruction.json,8.0,718.6944676478703,7.324474016095127,-82.1869446764787
NX93_low_P20,P20,data/validated_reconstructions/cells/NX93_low_P20/02_reconstruction/NX93_low_P20_reconstruction.json,10.0,884.7517675433522,9.256964047028228,-83.84751767543352
NX93_low_P20,P20,data/validated_reconstructions/cells/NX93_low_P20/02_reconstruction/NX93_low_P20_reconstruction.json,12.0,1049.3384230470012,11.189074364209999,-85.49338423047001
NX93_low_P20,P20,data/validated_reconstructions/cells/NX93_low_P20/02_reconstruction/NX93_low_P20_reconstruction.json,15.0,1291.4906718322243,14.078079907192485,-87.91490671832224
NX93_low_P20,P20,data/validated_reconstructions/cells/NX93_low_P20/02_reconstruction/NX93_low_P20_reconstruction.json,20.0,1674.588603690121,18.858285269233285,-91.74588603690121
NX93_up_P20,P20,data/validated_reconstructions/cells/NX93_up_P20/02_reconstruction/NX93_up_P20_reconstruction.json,2.0,104.1326286088946,1.5837331655237206,-76.04132628608895
NX93_up_P20,P20,data/validated_reconstructions/cells/NX93_up_P20/02_reconstruction/NX93_up_P20_reconstruction.json,3.0,145.96641970828017,2.5275380360204207,-76.4596641970828
NX93_up_P20,P20,data/validated_reconstructions/cells/NX93_up_P20/02_reconstruction/NX93_up_P20_reconstruction.json,4.0,187.46183579218751,3.4917469729591817,-76.87461835792188
NX93_up_P20,P20,data/validated_reconstructions/cells/NX93_up_P20/02_reconstruction/NX93_up_P20_reconstruction.json,5.0,228.80451897474217,4.465196832689079,-77.28804518974742
NX93_up_P20,P20,data/validated_reconstructions/cells/NX93_up_P20/02_reconstruction/NX93_up_P20_reconstruction.json,6.0,270.0642740077413,5.443183073488022,-77.70064274007741
NX93_up_P20,P20,data/validated_reconstructions/cells/NX93_up_P20/02_reconstruction/NX93_up_P20_reconstruction.json,7.0,311.2697857817807,6.423311064993966,-78.1126978578178
NX93_up_P20,P20,data/validated_reconstructions/cells/NX93_up_P20/02_reconstruction/NX93_up_P20_reconstruction.json,8.0,352.42639260366957,7.40419181072327,-78.5242639260367
NX93_up_P20,P20,data/validated_reconstructions/cells/NX93_up_P20/02_reconstruction/NX93_up_P20_reconstruction.json,10.0,434.51761284286476,9.364928169304449,-79.34517612842865
NX93_up_P20,P20,data/validated_reconstructions/cells/NX93_up_P20/02_reconstruction/NX93_up_P20_reconstruction.json,12.0,516.0231552792851,11.32121712356693,-80.16023155279285
NX93_up_P20,P20,data/validated_reconstructions/cells/NX93_up_P20/02_reconstruction/NX93_up_P20_reconstruction.json,15.0,636.0906443985967,14.243788182443238,-81.36090644398597
NX93_up_P20,P20,data/validated_reconstructions/cells/NX93_up_P20/02_reconstruction/NX93_up_P20_reconstruction.json,20.0,826.2451076281322,19.08112452081508,-83.26245107628132
NX22_1_P10,P10,data/validated_reconstructions/cells/NX22_1_P10/02_reconstruction/NX22_1_P10_reconstruction.json,24.0,2738.5652138860605,23.672372002164867,-102.3856521388606
NX22_1_P10,P10,data/validated_reconstructions/cells/NX22_1_P10/02_reconstruction/NX22_1_P10_reconstruction.json,26.0,2928.133974354074,25.64490409188486,-104.28133974354074
NX22_1_P10,P10,data/validated_reconstructions/cells/NX22_1_P10/02_reconstruction/NX22_1_P10_reconstruction.json,28.0,3109.2456464376764,27.615674962259096,-106.09245646437677
NX22_1_P10,P10,data/validated_reconstructions/cells/NX22_1_P10/02_reconstruction/NX22_1_P10_reconstruction.json,30.0,3282.036551068566,29.584738052926955,-107.82036551068566
NX22_1_P10,P10,data/validated_reconstructions/cells/NX22_1_P10/02_reconstruction/NX22_1_P10_reconstruction.json,32.0,3446.7392664768936,31.552135994758157,-109.46739266476894
NX22_4_P10,P10,data/validated_reconstructions/cells/NX22_4_P10/02_reconstruction/NX22_4_P10_reconstruction.json,24.0,1755.9277728752932,23.368002387697693,-92.55927772875293
NX22_4_P10,P10,data/validated_reconstructions/cells/NX22_4_P10/02_reconstruction/NX22_4_P10_reconstruction.json,26.0,1876.6290230026457,25.315877739472462,-93.76629023002646
NX22_4_P10,P10,data/validated_reconstructions/cells/NX22_4_P10/02_reconstruction/NX22_4_P10_reconstruction.json,28.0,1991.944224446364,27.26045264466967,-94.91944224446364
NX22_4_P10,P10,data/validated_reconstructions/cells/NX22_4_P10/02_reconstruction/NX22_4_P10_reconstruction.json,30.0,2101.9605381777396,29.201827701304953,-96.0196053817774
NX22_4_P10,P10,data/validated_reconstructions/cells/NX22_4_P10/02_reconstruction/NX22_4_P10_reconstruction.json,32.0,2206.8263149938884,31.1400835161631,-97.06826314993889
NX5_22_P10,P10,data/validated_reconstructions/cells/NX5_22_P10/02_reconstruction/NX5_22_P10_reconstruction.json,24.0,1264.7959873946818,23.10501739106796,-87.64795987394682
NX5_22_P10,P10,data/validated_reconstructions/cells/NX5_22_P10/02_reconstruction/NX5_22_P10_reconstruction.json,26.0,1351.2080400215125,25.03136404135598,-88.51208040021513
NX5_22_P10,P10,data/validated_reconstructions/cells/NX5_22_P10/02_reconstruction/NX5_22_P10_reconstruction.json,28.0,1433.7627641255779,26.95310927331261,-89.33762764125578
NX5_22_P10,P10,data/validated_reconstructions/cells/NX5_22_P10/02_reconstruction/NX5_22_P10_reconstruction.json,30.0,1512.5229399322905,28.87039191104418,-90.1252293993229
NX5_22_P10,P10,data/validated_reconstructions/cells/NX5_22_P10/02_reconstruction/NX5_22_P10_reconstruction.json,32.0,1587.5950523203016,30.783323714335566,-90.87595052320302
NX5_9_P10,P10,data/validated_reconstructions/cells/NX5_9_P10/02_reconstruction/NX5_9_P10_reconstruction.json,24.0,2386.2401555104866,23.41524346267078,-98.86240155510487
NX5_9_P10,P10,data/validated_reconstructions/cells/NX5_9_P10/02_reconstruction/NX5_9_P10_reconstruction.json,26.0,2550.440405783287,25.36717327578266,-100.50440405783287
NX5_9_P10,P10,data/validated_reconstructions/cells/NX5_9_P10/02_reconstruction/NX5_9_P10_reconstruction.json,28.0,2707.3147473907566,27.31603826704831,-102.07314747390757
NX5_9_P10,P10,data/validated_reconstructions/cells/NX5_9_P10/02_reconstruction/NX5_9_P10_reconstruction.json,30.0,2856.981418812556,29.261934584961413,-103.56981418812556
NX5_9_P10,P10,data/validated_reconstructions/cells/NX5_9_P10/02_reconstruction/NX5_9_P10_reconstruction.json,32.0,2999.64199052347,31.20493889248964,-104.9964199052347
NX64_1_P10,P10,data/validated_reconstructions/cells/NX64_1_P10/02_reconstruction/NX64_1_P10_reconstruction.json,24.0,2528.62167243524,23.519212879588544,-100.2862167243524
NX64_1_P10,P10,data/validated_reconstructions/cells/NX64_1_P10/02_reconstruction/NX64_1_P10_reconstruction.json,26.0,2703.037713539686,25.47951836072639,-102.03037713539686
NX64_1_P10,P10,data/validated_reconstructions/cells/NX64_1_P10/02_reconstruction/NX64_1_P10_reconstruction.json,28.0,2869.672579192779,27.437283244515033,-103.69672579192779
NX64_1_P10,P10,data/validated_reconstructions/cells/NX64_1_P10/02_reconstruction/NX64_1_P10_reconstruction.json,30.0,3028.6517175689296,29.392586915217873,-105.2865171756893
NX64_1_P10,P10,data/validated_reconstructions/cells/NX64_1_P10/02_reconstruction/NX64_1_P10_reconstruction.json,32.0,3180.189133551663,31.345492620793003,-106.80189133551663
NX64_2_P10,P10,data/validated_reconstructions/cells/NX64_2_P10/02_reconstruction/NX64_2_P10_reconstruction.json,24.0,1802.2341801880245,22.580301419189656,-93.02234180188024
NX64_2_P10,P10,data/validated_reconstructions/cells/NX64_2_P10/02_reconstruction/NX64_2_P10_reconstruction.json,26.0,1923.8450606623119,24.46347431824477,-94.23845060662312
NX64_2_P10,P10,data/validated_reconstructions/cells/NX64_2_P10/02_reconstruction/NX64_2_P10_reconstruction.json,28.0,2040.0222982637458,26.33953089379728,-95.40022298263746
NX64_2_P10,P10,data/validated_reconstructions/cells/NX64_2_P10/02_reconstruction/NX64_2_P10_reconstruction.json,30.0,2150.8556544529183,28.208684177034044,-96.50855654452918
NX64_2_P10,P10,data/validated_reconstructions/cells/NX64_2_P10/02_reconstruction/NX64_2_P10_reconstruction.json,32.0,2256.496021384572,30.071106438669094,-97.56496021384572
NX65_16_P10,P10,data/validated_reconstructions/cells/NX65_16_P10/02_reconstruction/NX65_16_P10_reconstruction.json,24.0,1648.4693507499273,22.555643596630755,-91.48469350749927
NX65_16_P10,P10,data/validated_reconstructions/cells/NX65_16_P10/02_reconstruction/NX65_16_P10_reconstruction.json,26.0,1759.612192346087,24.43827065991048,-92.59612192346087
NX65_16_P10,P10,data/validated_reconstructions/cells/NX65_16_P10/02_reconstruction/NX65_16_P10_reconstruction.json,28.0,1865.7925080530076,26.313656112877133,-93.65792508053008
NX65_16_P10,P10,data/validated_reconstructions/cells/NX65_16_P10/02_reconstruction/NX65_16_P10_reconstruction.json,30.0,1967.0913959127759,28.182034399398834,-94.67091395912776
NX65_16_P10,P10,data/validated_reconstructions/cells/NX65_16_P10/02_reconstruction/NX65_16_P10_reconstruction.json,32.0,2063.6460713488505,30.04359327344301,-95.6364607134885
NX65_5_P10,P10,data/validated_reconstructions/cells/NX65_5_P10/02_reconstruction/NX65_5_P10_reconstruction.json,24.0,1420.357298467276,23.05592970116017,-89.20357298467276
NX65_5_P10,P10,data/validated_reconstructions/cells/NX65_5_P10/02_reconstruction/NX65_5_P10_reconstruction.json,26.0,1517.2879479340907,24.97817344618712,-90.1728794793409
NX65_5_P10,P10,data/validated_reconstructions/cells/NX65_5_P10/02_reconstruction/NX65_5_P10_reconstruction.json,28.0,1609.8912117243144,26.89557673088385,-91.09891211724315
NX65_5_P10,P10,data/validated_reconstructions/cells/NX65_5_P10/02_reconstruction/NX65_5_P10_reconstruction.json,30.0,1698.2376573431352,28.808284397928748,-91.98237657343135
NX65_5_P10,P10,data/validated_reconstructions/cells/NX65_5_P10/02_reconstruction/NX65_5_P10_reconstruction.json,32.0,1782.446837720603,30.716413256368973,-92.82446837720603
NX72_1_P10,P10,data/validated_reconstructions/cells/NX72_1_P10/02_reconstruction/NX72_1_P10_reconstruction.json,24.0,1696.4402693253546,23.48205839845048,-91.96440269325355
NX72_1_P10,P10,data/validated_reconstructions/cells/NX72_1_P10/02_reconstruction/NX72_1_P10_reconstruction.json,26.0,1813.3671482658967,25.438785785108742,-93.13367148265897
NX72_1_P10,P10,data/validated_reconstructions/cells/NX72_1_P10/02_reconstruction/NX72_1_P10_reconstruction.json,28.0,1925.0759544748576,27.392786969200113,-94.25075954474858
NX72_1_P10,P10,data/validated_reconstructions/cells/NX72_1_P10/02_reconstruction/NX72_1_P10_reconstruction.json,30.0,2031.651244831451,29.344140041228144,-95.31651244831451
NX72_1_P10,P10,data/validated_reconstructions/cells/NX72_1_P10/02_reconstruction/NX72_1_P10_reconstruction.json,32.0,2133.2368210217223,31.292907946452353,-96.33236821021723
NX72_2_P10,P10,data/validated_reconstructions/cells/NX72_2_P10/02_reconstruction/NX72_2_P10_reconstruction.json,24.0,1670.8305307417133,23.317731678707,-91.70830530741713
NX72_2_P10,P10,data/validated_reconstructions/cells/NX72_2_P10/02_reconstruction/NX72_2_P10_reconstruction.json,26.0,1785.543170136978,25.261724182849658,-92.85543170136978
NX72_2_P10,P10,data/validated_reconstructions/cells/NX72_2_P10/02_reconstruction/NX72_2_P10_reconstruction.json,28.0,1895.1373305896468,27.202164710491452,-93.95137330589647
NX72_2_P10,P10,data/validated_reconstructions/cells/NX72_2_P10/02_reconstruction/NX72_2_P10_reconstruction.json,30.0,1999.6957528589803,29.139164019797978,-94.9969575285898
NX72_2_P10,P10,data/validated_reconstructions/cells/NX72_2_P10/02_reconstruction/NX72_2_P10_reconstruction.json,32.0,2099.359357639341,31.072810667406298,-95.99359357639341
NX73_19_P10,P10,data/validated_reconstructions/cells/NX73_19_P10/02_reconstruction/NX73_19_P10_reconstruction.json,24.0,2095.764422365832,23.398852109069672,-95.95764422365832
NX73_19_P10,P10,data/validated_reconstructions/cells/NX73_19_P10/02_reconstruction/NX73_19_P10_reconstruction.json,26.0,2239.918498706018,25.3495509248299,-97.39918498706018
NX73_19_P10,P10,data/validated_reconstructions/cells/NX73_19_P10/02_reconstruction/NX73_19_P10_reconstruction.json,28.0,2377.641327001115,27.297102508052536,-98.77641327001115
NX73_19_P10,P10,data/validated_reconstructions/cells/NX73_19_P10/02_reconstruction/NX73_19_P10_reconstruction.json,30.0,2509.036629982806,29.24160669943661,-100.09036629982806
NX73_19_P10,P10,data/validated_reconstructions/cells/NX73_19_P10/02_reconstruction/NX73_19_P10_reconstruction.json,32.0,2634.281310920264,31.183143077699167,-101.34281310920264
NX73_21_P10,P10,data/validated_reconstructions/cells/NX73_21_P10/02_reconstruction/NX73_21_P10_reconstruction.json,24.0,1657.942929215241,23.382410386832063,-91.57942929215241
NX73_21_P10,P10,data/validated_reconstructions/cells/NX73_21_P10/02_reconstruction/NX73_21_P10_reconstruction.json,26.0,1771.952852721772,25.331109685653665,-92.71952852721772
NX73_21_P10,P10,data/validated_reconstructions/cells/NX73_21_P10/02_reconstruction/NX73_21_P10_reconstruction.json,28.0,1880.8745599756023,27.276582198535586,-93.80874559975602
NX73_21_P10,P10,data/validated_reconstructions/cells/NX73_21_P10/02_reconstruction/NX73_21_P10_reconstruction.json,30.0,1984.7905879245432,29.218922014742652,-94.84790587924543
NX73_21_P10,P10,data/validated_reconstructions/cells/NX73_21_P10/02_reconstruction/NX73_21_P10_reconstruction.json,32.0,2083.841215980672,31.158204911851527,-95.83841215980672
