age_group,factor,level,n,proximal_epsp_mV_median,proximal_epsp_mV_q25,proximal_epsp_mV_q75,distal_epsp_mV_median,distal_epsp_mV_q25,distal_epsp_mV_q75,distal_to_proximal_ratio_median,distal_to_proximal_ratio_q25,distal_to_proximal_ratio_q75,temporal_ratio_max_median,temporal_ratio_max_q25,temporal_ratio_max_q75,spatial_ratio_n8_median,spatial_ratio_n8_q25,spatial_ratio_n8_q75
P20,,,12,0.5356099643131316,0.41759003997515265,0.5988352966142116,0.44163640591109754,0.4039157729646554,0.5089317239352837,0.8846377293020462,0.8579354432630989,0.9254790923795546,0.9670875411342699,0.9660198742988588,0.9677621061986267,0.9671908075635619,0.9588366791239401,0.9730911686501363
P20,rm_ohm_cm2,5047.192800643038,12,0.43385321666902144,0.3303411167297554,0.47932655644339306,0.3332345270962449,0.29109325560285626,0.37091466426278785,0.8145154987592691,0.7636214650516551,0.8734306349614691,0.9522976251781029,0.9516821736186812,0.9533307335705435,0.9707051503918658,0.9626813595229874,0.9749314834515372
P20,rm_ohm_cm2,7570.789200964557,12,0.4942285312886341,0.38202958507064366,0.5570262596651396,0.39410221126844647,0.35343771775462685,0.4525240167874891,0.8598217174871953,0.8234897278281634,0.9074331551052691,0.9622940084056728,0.9611570984911104,0.9627339294612325,0.9685815205483441,0.9603721794697709,0.9737701155990588
P20,rm_ohm_cm2,10094.385601286076,12,0.5356099643131316,0.41759003997515265,0.5988352966142116,0.44163640591109754,0.4039157729646554,0.5089317239352837,0.8846377293020462,0.8579354432630989,0.9254790923795546,0.9670875411342699,0.9660198742988588,0.9677621061986267,0.9671908075635619,0.9588366791239401,0.9730911686501363
P20,rm_ohm_cm2,15141.578401929113,12,0.5904007702679905,0.4647256587895008,0.6536314878705944,0.5047276769735518,0.45221966347943265,0.5835895367349515,0.9123529756138405,0.8962269014136833,0.9443021525728431,0.9717463570646313,0.9710211345982127,0.9726043168389197,0.9654534942651694,0.9572884296373223,0.972308830352508
P20,rm_ohm_cm2,20188.771202572152,12,0.6259505174721411,0.4953576838293827,0.688987451471391,0.5467426897597107,0.48348104116980295,0.6320252023439608,0.928203976099302,0.9170220780038034,0.9540278737380505,0.9740955570948995,0.9732949398023868,0.9753012202268952,0.9643896355239114,0.9565735110595992,0.9717485072707166
P20,ra_ohm_cm,75.0,12,0.5191077179392991,0.412518624074643,0.5677088210498056,0.46229590739817894,0.4053790167982605,0.5341031639318956,0.943794223317592,0.929898920135938,0.9619339177069977,0.9728318802343126,0.9715311640130548,0.9737324122738038,0.9696801120695011,0.9650425259814621,0.9756366691341575
P20,ra_ohm_cm,100.0,12,0.524451384520674,0.414129835724534,0.5769128969314252,0.4539155530001082,0.40479465149728355,0.5252768300811859,0.9236314867512665,0.9058814213596923,0.9495911753701235,0.9706914973825166,0.9699376047664537,0.9715687707800655,0.9686482447119446,0.9631228956593482,0.9751319849299283
P20,ra_ohm_cm,150.0,12,0.5356099643131316,0.41759003997515265,0.5988352966142116,0.44163640591109754,0.4039157729646554,0.5089317239352837,0.8846377293020462,0.8579354432630989,0.9254790923795546,0.9670875411342699,0.9660198742988588,0.9677621061986267,0.9671908075635619,0.9588366791239401,0.9730911686501363
P20,ra_ohm_cm,200.0,12,0.5465803200928931,0.4211432692659116,0.6136512177706201,0.4310996884796481,0.38331900643099104,0.4932059438289258,0.8481492551618586,0.8114841818330351,0.9019706501203718,0.9635436658822005,0.9620717707365384,0.9638608341249983,0.9653215553534374,0.9547340033234333,0.9698286424070972
P20,ra_ohm_cm,300.0,12,0.5688567816095258,0.428051314390828,0.6182185295793907,0.4229795405997905,0.3660959792713072,0.4635113048164001,0.782456261881205,0.7259183487865876,0.8560115398373757,0.9557934453411061,0.9551533835902674,0.957921650620253,0.9587597027093353,0.9450626551215583,0.9642091652957145
P20,cm_uF_cm2,0.5,12,0.8193762466112702,0.6433097604622873,0.905140107868533,0.6843994268375013,0.6212969780147297,0.786571571616534,0.8954362543955179,0.8689385064040805,0.9255969178378047,0.9481843744030676,0.9470315257396884,0.9493024864747966,0.9506212257698163,0.9428630218617621,0.9598434196156087
P20,cm_uF_cm2,0.75,12,0.6447365007199011,0.504249186876546,0.716012728781596,0.535002111109236,0.4874196515531892,0.61577948296258,0.8896100341430953,0.863716277021406,0.9256601110039016,0.9604055761336903,0.9596067327471174,0.9610541181462132,0.9606417869032801,0.9534977396281878,0.9686525293366903
P20,cm_uF_cm2,1.0,12,0.5356099643131316,0.41759003997515265,0.5988352966142116,0.44163640591109754,0.4039157729646554,0.5089317239352837,0.8846377293020462,0.8579354432630989,0.9254790923795546,0.9670875411342699,0.9660198742988588,0.9677621061986267,0.9671908075635619,0.9588366791239401,0.9730911686501363
P20,cm_uF_cm2,1.5,12,0.4051142851489402,0.3138331797988947,0.45940159206806186,0.32959470581543115,0.2996162036911869,0.3804609855769989,0.8750123581166975,0.8453615910049493,0.9247821957123956,0.974038124321974,0.9729285681102315,0.9743259274189922,0.9726772816046967,0.9621120935742838,0.9765737958272481
P20,cm_uF_cm2,2.0,12,0.3289122348239033,0.2530969328242634,0.3702961785370995,0.26390781481988057,0.23809576159795398,0.3049139625253545,0.8652355693237355,0.8299402579633268,0.9238036369941508,0.9773825535705197,0.9768429087235733,0.9781219421035832,0.9721536750782123,0.9654406590132378,0.9785060671409825
P20,process_diameter_um,0.15,12,1.0647690109267813,0.7971521574367806,1.17111010930725,0.7678460126948465,0.6782502426934371,0.8458527138639269,0.7597788432907359,0.7130601811283748,0.833610554634347,0.9317812734444699,0.9296883856515287,0.9335146910444349,0.9340993206325747,0.9209701324225734,0.9434280338675546
P20,process_diameter_um,0.225,12,0.7151647010827986,0.5488565629268116,0.8017861580237984,0.5597240833750163,0.5011936164247608,0.6357117768354499,0.8417044534699777,0.8079326716797852,0.8958991426337607,0.9571115358829996,0.9551722002209182,0.9576093276833638,0.9564515248363505,0.9450507366905219,0.9630575565132442
P20,process_diameter_um,0.3,12,0.5356099643131316,0.41759003997515265,0.5988352966142116,0.44163640591109754,0.4039157729646554,0.5089317239352837,0.8846377293020462,0.8579354432630989,0.9254790923795546,0.9670875411342699,0.9660198742988588,0.9677621061986267,0.9671908075635619,0.9588366791239401,0.9730911686501363
P20,process_diameter_um,0.45,12,0.35420603064771683,0.2821676558634785,0.39040272871120507,0.3084107017314466,0.27640859061135714,0.3606193648796001,0.9275233342728884,0.9084352115159315,0.9532823049476397,0.9750381910875924,0.9746552968804788,0.9755978324998373,0.9780446388503492,0.9736542542384808,0.9827740297277184
P20,process_diameter_um,0.6,12,0.26453956293095615,0.21302755853975341,0.2932184336491517,0.2373238611701609,0.20975526903788477,0.27820797119519725,0.9480051966753578,0.9330195705742814,0.9662867313103454,0.9783654121080152,0.97773185148233,0.978786155389912,0.9835242267381934,0.9809548891355846,0.9872239522331343
P20,weight_uS,1.25e-05,12,0.13509805744591574,0.1050240862761278,0.15125270887322273,0.11252013065776367,0.1027904775961872,0.1302887181675949,0.8971760593317195,0.8652491064108081,0.9369927866926577,0.9797554020996468,0.9794908945959278,0.9800954143818791,0.9881401238089486,0.9852847622656915,0.9910715862796584
P20,weight_uS,2.5e-05,12,0.2694780328451003,0.2096287305697544,0.30146898181116555,0.22361374333866024,0.20435709273316505,0.2585064560018395,0.8929291467601954,0.8627808179670715,0.933099826736349,0.9755002708145544,0.9749716367970631,0.9757881579572397,0.9818714632133653,0.9752747502695581,0.9839241003236754
P20,weight_uS,5e-05,12,0.5356099643131316,0.41759003997515265,0.5988352966142116,0.44163640591109754,0.4039157729646554,0.5089317239352837,0.8846377293020462,0.8579354432630989,0.9254790923795546,0.9670875411342699,0.9660198742988588,0.9677621061986267,0.9671908075635619,0.9588366791239401,0.9730911686501363
P20,weight_uS,0.0001,12,1.0580260375374095,0.8285906641396927,1.1815990681585475,0.8617940762893994,0.7893580437908554,0.9870611158157736,0.8714742274646816,0.846664027839867,0.9108847258213894,0.9508560320360473,0.9493047250325399,0.9521924837769684,0.939171350758436,0.9278685489483537,0.95072586455513
P20,weight_uS,0.0002,12,2.0652147592229824,1.631444721564808,2.3015044654366363,1.6441083886104408,1.5101203833815724,1.8803009732188478,0.8508192357707473,0.8150069361322628,0.8840382313010705,0.9222580314966259,0.919613926649903,0.9250182988756441,0.8906303877584374,0.8726106080039939,0.9086245817813501
P20,tau1_ms,0.2,12,0.45672723839157214,0.35588643739971104,0.5110256818207226,0.37691775340692857,0.34470293744604064,0.43480284139318925,0.8860549153492187,0.858864877230206,0.9270055731732246,0.9697222726199186,0.9687715466017257,0.9702859046486351,0.9716387841741854,0.9634229272310975,0.976126552182063
P20,tau1_ms,0.35,12,0.4987441292575525,0.38873792750608516,0.557884275209851,0.4113539385922067,0.3762225602434306,0.47425869742582805,0.8851657620817124,0.8582767039776695,0.926126140448206,0.9683319915280004,0.9673115385651223,0.9689591697666503,0.9692750867591469,0.9609303007001198,0.9745783286901292
P20,tau1_ms,0.5,12,0.5356099643131316,0.41759003997515265,0.5988352966142116,0.44163640591109754,0.4039157729646554,0.5089317239352837,0.8846377293020462,0.8579354432630989,0.9254790923795546,0.9670875411342699,0.9660198742988588,0.9677621061986267,0.9671908075635619,0.9588366791239401,0.9730911686501363
P20,tau1_ms,0.75,12,0.5893834322957687,0.45976847632960016,0.6581011941467416,0.4860453534320257,0.444418530065839,0.5597503799447878,0.884419472019969,0.8579170665084267,0.924743849107709,0.9653723595100091,0.964245119027164,0.9661166308153929,0.9641284270726317,0.955963901272514,0.9709446837296287
P20,tau1_ms,1.0,12,0.6358719724317723,0.49636238917236497,0.7088897302273374,0.524772244928478,0.4795781237355179,0.604047175493239,0.8847895104525278,0.858480513837843,0.924307275904138,0.9641602717643526,0.9629798522144389,0.9649937058123308,0.9614415426544666,0.9535551021074786,0.9691242725543395
P20,tau2_ms,1.5,12,0.39344934853498614,0.303222269376068,0.4432788422934273,0.31603176842099856,0.28539254987349594,0.364755756478349,0.865545894771573,0.8318162674017755,0.9222577729688128,0.9600372371190797,0.9582876230178435,0.9620691024845697,0.9704837442299663,0.9612744956763755,0.9760034782633636
P20,tau2_ms,2.0,12,0.44671995861728675,0.3462550007495011,0.5056834269426993,0.36344741855896245,0.3304843903585173,0.41926825319171357,0.8747114195588654,0.8452093173059346,0.9238897717658718,0.9634641338631003,0.9626641844634487,0.9644808354975154,0.9711156095789324,0.9603754488880979,0.9743896628367246
P20,tau2_ms,3.0,12,0.5356099643131316,0.41759003997515265,0.5988352966142116,0.44163640591109754,0.4039157729646554,0.5089317239352837,0.8846377293020462,0.8579354432630989,0.9254790923795546,0.9670875411342699,0.9660198742988588,0.9677621061986267,0.9671908075635619,0.9588366791239401,0.9730911686501363
P20,tau2_ms,5.0,12,0.6707241975985596,0.5256193638253741,0.7426995188353516,0.5592010778193455,0.50824884216172,0.643522141363718,0.8937738490171572,0.8676808508678732,0.9266427085711337,0.9685801637975371,0.9675794878946402,0.969714353074951,0.9592886705551393,0.9522818054860895,0.9672223852076036
P20,tau2_ms,8.0,12,0.8153796124383916,0.6410993213165099,0.8990357671477298,0.6840217671980966,0.6197000128884405,0.7863294258914202,0.8984995343693614,0.8725927194329633,0.9270921507432912,0.9684612893159805,0.9668596772732632,0.9700097427872211,0.9502034328795719,0.9427290522148379,0.9591942770824378
P50,,,11,0.3636617471300525,0.2633918026551427,0.39525152380509354,0.21652459876884222,0.1805172772902779,0.29354339455720435,0.694415651707059,0.607400579146157,0.8310425358343626,0.9256989127962921,0.9214510269318898,0.9289701646133361,0.9696671222678316,0.9680373974861409,0.9730680847595272
P50,rm_ohm_cm2,1197.2193484590446,11,0.24474364541718785,0.1830283908058874,0.27315961485906826,0.11485838957331396,0.08938820903541966,0.17337889025574071,0.5373727748084972,0.44788518745054906,0.7140493770195989,0.8855603420751792,0.8808455115494821,0.8913436377261972,0.9767999693176891,0.975313032012145,0.9792666079342314
P50,rm_ohm_cm2,1795.829022688567,11,0.31515881069748275,0.22891434167493685,0.3424690673320967,0.16714791868115242,0.1397606988594262,0.2404510714644914,0.6327894086319169,0.5424577897243834,0.7883725849795087,0.9103339038863353,0.9059865857492255,0.9148483150750728,0.972471606487039,0.970856429058417,0.9753592239373363
P50,rm_ohm_cm2,2394.438696918089,11,0.3636617471300525,0.2633918026551427,0.39525152380509354,0.21652459876884222,0.1805172772902779,0.29354339455720435,0.694415651707059,0.607400579146157,0.8310425358343626,0.9256989127962921,0.9214510269318898,0.9289701646133361,0.9696671222678316,0.9680373974861409,0.9730680847595272
P50,rm_ohm_cm2,3591.658045377134,11,0.43234313104836986,0.3133100177172139,0.4729759030559606,0.3007842440732702,0.24316667842249728,0.3748513787603187,0.7695844153652894,0.6919904233205763,0.8779928524218927,0.9418503023896491,0.9390274088504293,0.9448469139260443,0.9661996141331828,0.9640832921579088,0.970692361289074
P50,rm_ohm_cm2,4788.877393836178,11,0.48125537552952835,0.35735686212481,0.5292147821971795,0.3650495343090796,0.29086244865383293,0.4361784784752203,0.8138104482665405,0.7452480086907364,0.9031942474457497,0.9503659538840605,0.9489108780974265,0.9534943998323547,0.964375347032029,0.9614457678976003,0.9696187025342748
P50,ra_ohm_cm,75.0,11,0.33684880319825083,0.25427653503270164,0.37174370299455717,0.26156289212536876,0.21074726945008848,0.31154349392490843,0.8276304887887449,0.7672447696786433,0.9107682677925242,0.9288265893245171,0.9277054608343978,0.9305544393012852,0.9757194183506649,0.9717304353578375,0.9797758049702634
P50,ra_ohm_cm,100.0,11,0.34651000934843523,0.25268645340909046,0.3805748215112601,0.24732235491741505,0.19918544043695618,0.3049882739703307,0.779221304832975,0.7068243979892729,0.883274596295333,0.9277491275291117,0.9252989799130331,0.9297711435457561,0.9734684953082594,0.9704563932375374,0.9777964567299907
P50,ra_ohm_cm,150.0,11,0.3636617471300525,0.2633918026551427,0.39525152380509354,0.21652459876884222,0.1805172772902779,0.29354339455720435,0.694415651707059,0.607400579146157,0.8310425358343626,0.9256989127962921,0.9214510269318898,0.9289701646133361,0.9696671222678316,0.9680373974861409,0.9730680847595272
P50,ra_ohm_cm,200.0,11,0.3739505653871191,0.2734488150744454,0.4079434035273195,0.19578873791851947,0.16234533588760058,0.28323260593140986,0.6235360320029532,0.5306434370336629,0.7821850702149264,0.9234847947219803,0.9182136094057322,0.9285682678329904,0.9669896147769683,0.9651797121786116,0.9694564494369171
P50,ra_ohm_cm,300.0,11,0.37882966847173805,0.28792850329792685,0.4283848694793946,0.1711854162321771,0.13076414366027223,0.26275435401247904,0.5136339213626824,0.4217421514953185,0.6947940512735828,0.9202686953370376,0.9125233414334893,0.9279647436231775,0.962491341648163,0.9616410041187355,0.9647705314616964
P50,cm_uF_cm2,0.5,11,0.4607544738203444,0.33366294672559604,0.5040211949388009,0.28506786633212755,0.23552776220839178,0.37717676080068685,0.7040529714130495,0.6254238908641285,0.8326753857888309,0.8796886049079942,0.8770063169398541,0.8831758404280807,0.9673871838379156,0.9603054620839404,0.9730907339643142
P50,cm_uF_cm2,0.75,11,0.4050870077227984,0.29340332637720223,0.4416775103428634,0.24578888840059676,0.2040435816384658,0.32929923314603116,0.6991932665457842,0.6162672382923633,0.8319877032768257,0.9083148090856822,0.9043484435857151,0.9114174671823678,0.9694093508745478,0.9645089175704668,0.9741239793721563
P50,cm_uF_cm2,1.0,11,0.3636617471300525,0.2633918026551427,0.39525152380509354,0.21652459876884222,0.1805172772902779,0.29354339455720435,0.694415651707059,0.607400579146157,0.8310425358343626,0.9256989127962921,0.9214510269318898,0.9289701646133361,0.9696671222678316,0.9680373974861409,0.9730680847595272
P50,cm_uF_cm2,1.5,11,0.305508017816976,0.2211789404908231,0.33017538522585,0.17556585624274135,0.14743364658657754,0.24322643444698855,0.6852535324957028,0.5908545703683793,0.8284228505313085,0.9452200684786091,0.9412920285628186,0.9491436137344554,0.970555422136695,0.9686714809444184,0.9728571542843908
P50,cm_uF_cm2,2.0,11,0.26420564051204565,0.19151225318950793,0.2861744846908749,0.14798701824337002,0.12418208907735817,0.20903720783140045,0.6767001111665586,0.5759861287361521,0.8249366640742155,0.9561063188614547,0.9523939989517817,0.9603004258184645,0.9677669297677817,0.9665490607402403,0.9758851485819064
P50,process_diameter_um,0.15,11,0.6900747858632883,0.5293395131074448,0.7812302152204964,0.30553763414631874,0.23672203034290362,0.45689208942054904,0.5022471017624235,0.41635777889148473,0.6782550221279204,0.8998444638592916,0.889260241096266,0.90884317538067,0.9441052812181188,0.9362615771439445,0.9530101929041102
P50,process_diameter_um,0.225,11,0.4844276274944548,0.35582285506766453,0.5291279381569822,0.2526352400648193,0.2091745769340676,0.3622510237264862,0.6198684350451992,0.5286608290597214,0.7771748831866081,0.917743713703747,0.9119226126532018,0.9235337098544387,0.9606943649784251,0.9569142148408414,0.9651621139564048
P50,process_diameter_um,0.3,11,0.3636617471300525,0.2633918026551427,0.39525152380509354,0.21652459876884222,0.1805172772902779,0.29354339455720435,0.694415651707059,0.607400579146157,0.8310425358343626,0.9256989127962921,0.9214510269318898,0.9289701646133361,0.9696671222678316,0.9680373974861409,0.9730680847595272
P50,process_diameter_um,0.45,11,0.2337620385957564,0.17180067004885302,0.25981512707481613,0.16834533121068773,0.1360105620708154,0.20964362664985714,0.782081174337857,0.7087005246699615,0.8866717771535186,0.9317473135911659,0.9294171623512331,0.9331966349546503,0.9800432368687017,0.9790906893645257,0.9825830456919022
P50,process_diameter_um,0.6,11,0.17121342322694488,0.1307038457044314,0.19327107477320027,0.13665743855464996,0.10878623368505913,0.1616300272418485,0.8312645465009777,0.769779444261299,0.9148681124521112,0.9342188354319234,0.9328205344027629,0.9348954240718812,0.9854520305225796,0.9846634752271497,0.9876149129039717
P50,weight_uS,1.25e-05,11,0.09180986229506516,0.06639925060258633,0.09964555281375453,0.054910874665111464,0.04597806694631856,0.07494039176403788,0.7022331592622334,0.6120293340638727,0.8410485835156862,0.9355367987224343,0.9339594503278585,0.9392284298348976,0.9857216485918886,0.9848919952772425,0.9906952398424622
P50,weight_uS,2.5e-05,11,0.18301960614483903,0.13242895300282242,0.19873276552672792,0.10929713775436767,0.09138316132304425,0.14882894408992797,0.6995978837490713,0.6104703189348158,0.8376640720768049,0.9322042545912556,0.9296990065033437,0.9356367904117543,0.9815935729638255,0.9796800199962524,0.982904877723833
P50,weight_uS,5e-05,11,0.3636617471300525,0.2633918026551427,0.39525152380509354,0.21652459876884222,0.1805172772902779,0.29354339455720435,0.694415651707059,0.607400579146157,0.8310425358343626,0.9256989127962921,0.9214510269318898,0.9289701646133361,0.9696671222678316,0.9680373974861409,0.9730680847595272
P50,weight_uS,0.0001,11,0.7179937396870599,0.5210141262155688,0.78179539603628,0.42499377717786047,0.3523696746339908,0.5713348979478781,0.6844052960057518,0.6014500574379428,0.8183607569581313,0.90992056491561,0.905999716338265,0.916281065815016,0.9509841807852065,0.9405639954267306,0.9592989285805127
P50,weight_uS,0.0002,11,1.4000486789635431,1.0196903710017509,1.5298903270686637,0.8194486984183129,0.6725036235528634,1.0847392042488408,0.6656379172519628,0.5902544235638887,0.7950191950536647,0.8844890948942083,0.8786383930126991,0.893145362713772,0.9152669606661681,0.8955076077340406,0.9305431907175885
P50,tau1_ms,0.2,11,0.3156435690879249,0.22859462459696545,0.3424954587840432,0.18696549764101178,0.15611173722309246,0.25443544017244335,0.694219644490378,0.6052727307472191,0.8321007100273954,0.926487494940851,0.9228994170339824,0.9297120887305816,0.9714496551962886,0.9707961891119194,0.9741395248339428
P50,tau1_ms,0.35,11,0.34235299193824176,0.24795116293393704,0.3717408197075329,0.2031391187135796,0.16950463227663448,0.27602192277980464,0.6940482187340469,0.6059018254344118,0.831374550043524,0.9256951437667982,0.9217699821758326,0.9290199911527673,0.9708594863582918,0.9692815378338675,0.9729912128756496
P50,tau1_ms,0.5,11,0.3636617471300525,0.2633918026551427,0.39525152380509354,0.21652459876884222,0.1805172772902779,0.29354339455720435,0.694415651707059,0.607400579146157,0.8310425358343626,0.9256989127962921,0.9214510269318898,0.9289701646133361,0.9696671222678316,0.9680373974861409,0.9730680847595272
P50,tau1_ms,0.75,11,0.39096517330617075,0.2831648404357381,0.425575575438657,0.23443216201602013,0.19512893885431026,0.31641489972307824,0.6957356740212121,0.6106434700422674,0.8310006399951642,0.926654170499806,0.9228242280223473,0.9302846895289301,0.9692962899025241,0.9658598346752642,0.973419125384096
P50,tau1_ms,1.0,11,0.411510602541199,0.2980380196810657,0.4484936410693052,0.24841596981103464,0.20644908381642324,0.3338816432409928,0.6972544567986732,0.6137800415707723,0.8312036346448961,0.9283530768458395,0.9254322207251211,0.9325956525882565,0.9689757213093494,0.9641424027829137,0.9736740074905075
P50,tau2_ms,1.5,11,0.3077603182293416,0.2225565949903796,0.33226157767308706,0.17387483339413734,0.14600867288901753,0.2433949854287789,0.6790451590193595,0.5827002133329691,0.825133858215418,0.8869642294493532,0.8820106863215075,0.8959865955236307,0.9697970843283631,0.9675158849553889,0.9725037725458482
P50,tau2_ms,2.0,11,0.33069885194207416,0.23945966021938858,0.3580325203649366,0.1913630375505022,0.16047608269349212,0.2639996337995498,0.686182624466564,0.5939148883210876,0.8281488804192427,0.9042466519195772,0.9002846064880854,0.9108253867388605,0.9688810024464836,0.968680506415541,0.9723374592362382
P50,tau2_ms,3.0,11,0.3636617471300525,0.2633918026551427,0.39525152380509354,0.21652459876884222,0.1805172772902779,0.29354339455720435,0.694415651707059,0.607400579146157,0.8310425358343626,0.9256989127962921,0.9214510269318898,0.9289701646133361,0.9696671222678316,0.9680373974861409,0.9730680847595272
P50,tau2_ms,5.0,11,0.4051600654022849,0.2934388482866268,0.44216911960501193,0.24779893079126225,0.20536942981361506,0.3304039708123696,0.7018680473771096,0.6201896995341907,0.8330534496390224,0.9423839130093207,0.9401475485311127,0.9459167245744544,0.9698465978135021,0.9643318670089676,0.9748015263402579
P50,tau2_ms,8.0,11,0.4418645989433685,0.31995765222372086,0.4835386812947533,0.2748199122258228,0.22684362428570637,0.36257448964267525,0.7063108040435712,0.6281747638186559,0.8339224214072947,0.9531609671804244,0.9506892819131069,0.9563732055203596,0.9686634511999452,0.9616405192986066,0.9741213584386414
P10,,,12,0.9219822005025406,0.870021149757104,1.154636920537488,0.8829892164213575,0.8565290771295011,1.1247458324115698,0.9732930141386449,0.9639360870363396,0.9784002717403333,0.9761563776943305,0.9750146488683704,0.9771490542136241,0.9520677897228496,0.9412377157288337,0.9540751824941374
P10,rm_ohm_cm2,14870.505041502616,12,0.8029190733192095,0.7538648112410868,1.0057873087594693,0.7551102365310669,0.7286490315743315,0.9670307539028791,0.9610361890436069,0.9412383993286718,0.9671223300348892,0.971355042860119,0.9700357423735543,0.972017988441523,0.9559802336768217,0.9460579482028937,0.9568733037261312
P10,rm_ohm_cm2,22305.757562253923,12,0.8758371987987061,0.823771347378063,1.096906772631467,0.8297107337705967,0.8123331258415014,1.0638244626456164,0.9692842110913025,0.9562173784660698,0.9745944948701857,0.9745510629121855,0.973435154145132,0.9754461251977871,0.9535051518480966,0.9430117770380179,0.9551164152894467
P10,rm_ohm_cm2,29741.010083005232,12,0.9219822005025406,0.870021149757104,1.154636920537488,0.8829892164213575,0.8565290771295011,1.1247458324115698,0.9732930141386449,0.9639360870363396,0.9784002717403333,0.9761563776943305,0.9750146488683704,0.9771490542136241,0.9520677897228496,0.9412377157288337,0.9540751824941374
P10,rm_ohm_cm2,44611.515124507845,12,0.9785843682374988,0.9265290208506904,1.2254956951708706,0.9477203414183109,0.9142849192963602,1.1990782399610218,0.9782663415786965,0.9718151554618137,0.9822514548537737,0.9777625271235443,0.9765602640051612,0.9788505817638913,0.9504487391586287,0.9392354288204887,0.9528793723869888
P10,rm_ohm_cm2,59482.020166010465,12,1.0127761967944338,0.9605328140039475,1.2683157884196063,0.9864335134850606,0.948942236815725,1.2437520917875737,0.9808177121770952,0.9758168128634024,0.9841949589105354,0.9785642710329734,0.9773211028890638,0.9796993384960744,0.9495512049573254,0.9381238777912266,0.9522045082757782
P10,ra_ohm_cm,75.0,12,0.9182903440198587,0.8716098338614096,1.150781267841797,0.9011651826138944,0.8663424093942744,1.1358536047523842,0.9866255326099584,0.982320443353154,0.9892029480671996,0.981851095485563,0.9803189370637916,0.9823561867415257,0.9521186376207145,0.9409589314815341,0.9546078563661771
P10,ra_ohm_cm,100.0,12,0.9193777677646295,0.8710595738476812,1.1519811752138303,0.8951643669914446,0.8629857635990774,1.1320715301743753,0.9821619368919408,0.9762848733134343,0.9856017858390671,0.9798162706154105,0.9785109737279128,0.9805706472336237,0.9521035981735222,0.9410709384252022,0.954545016849573
P10,ra_ohm_cm,150.0,12,0.9219822005025406,0.870021149757104,1.154636920537488,0.8829892164213575,0.8565290771295011,1.1247458324115698,0.9732930141386449,0.9639360870363396,0.9784002717403333,0.9761563776943305,0.9750146488683704,0.9771490542136241,0.9520677897228496,0.9412377157288337,0.9540751824941374
P10,ra_ohm_cm,200.0,12,0.9252525999305377,0.8695461185227451,1.157683617514504,0.8707306044444394,0.8562180669265587,1.1177567685220744,0.9646231941530816,0.9511107298660461,0.9711865528877461,0.973155375870976,0.9716503642372375,0.9738395488893417,0.9520101546136271,0.9413204383572488,0.9530295937593424
P10,ra_ohm_cm,300.0,12,0.9338707152522048,0.8790513251669267,1.165214478820804,0.8734454869664958,0.8270545739256967,1.1048200486539947,0.9471844693263272,0.9237017779830077,0.9566336667767775,0.9670574833093206,0.9653949200139291,0.9675207938468061,0.9486095227571367,0.9411717964485058,0.9518549850086034
P10,cm_uF_cm2,0.5,12,1.5769923850461325,1.4901910965143728,1.9731795168640218,1.5136090825175472,1.4651170603554426,1.9218694785070234,0.9732452173528896,0.9648297914677804,0.9783420974619763,0.9651621706762716,0.962775370687816,0.9661837903751549,0.9156503435366126,0.8969228730776317,0.9199989037100023
P10,cm_uF_cm2,0.75,12,1.1602139396815545,1.095587611687872,1.4527119044184964,1.1125400076740561,1.0779038055089352,1.415108855481627,0.9732905240113263,0.9644782823828808,0.9784156498734053,0.9721535567816684,0.9703110692628426,0.9733205756982647,0.9389553656880936,0.9252109339875475,0.941981485187753
P10,cm_uF_cm2,1.0,12,0.9219822005025406,0.870021149757104,1.154636920537488,0.8829892164213575,0.8565290771295011,1.1247458324115698,0.9732930141386449,0.9639360870363396,0.9784002717403333,0.9761563776943305,0.9750146488683704,0.9771490542136241,0.9520677897228496,0.9412377157288337,0.9540751824941374
P10,cm_uF_cm2,1.5,12,0.657473118796851,0.6194611997373016,0.8230759980931559,0.6276841779704725,0.6124946269140672,0.8016222874438661,0.9733695590557391,0.9624117140938597,0.9782485564275769,0.9807245720972402,0.9796213658498234,0.9811480576061646,0.9662483256740392,0.9587428888483052,0.966619912536441
P10,cm_uF_cm2,2.0,12,0.5130623390671758,0.48377159393283264,0.6416577996404911,0.487991977993282,0.4796070449269898,0.6247194743555333,0.9732066020223997,0.960288139571795,0.9779932153834682,0.9830129958285754,0.9821017441099317,0.9832519117624323,0.9713999260948967,0.9664407839877702,0.9739994540766725
P10,process_diameter_um,0.15,12,1.71987620373406,1.6454976599743247,2.1708998289104535,1.5736880952965748,1.5281170830755997,2.009594459027735,0.925720307618996,0.9035295572566806,0.9383453800905619,0.9441727163685849,0.9412100188536503,0.9444123020664417,0.913055379321275,0.8954483723110657,0.914728955528531
P10,process_diameter_um,0.225,12,1.2007573415077744,1.1355248836047522,1.5082648772327083,1.1297209516762337,1.1120050550879483,1.4479850002937056,0.9592831336794031,0.9460630554406668,0.9667991438326172,0.966636757633115,0.9647809370218454,0.9675282724260533,0.9384782135487364,0.9246755245958893,0.9401125623222972
P10,process_diameter_um,0.3,12,0.9219822005025406,0.870021149757104,1.154636920537488,0.8829892164213575,0.8565290771295011,1.1247458324115698,0.9732930141386449,0.9639360870363396,0.9784002717403333,0.9761563776943305,0.9750146488683704,0.9771490542136241,0.9520677897228496,0.9412377157288337,0.9540751824941374
P10,process_diameter_um,0.45,12,0.6294477323274421,0.5932185400846031,0.7855706024740137,0.6113303765608791,0.587504119478556,0.7743111812600247,0.9853481505406794,0.9790697390609593,0.987930432838543,0.9845654591344032,0.983645460847684,0.9850369184610035,0.9668136099971898,0.9592498612991888,0.9685842934034381
P10,process_diameter_um,0.6,12,0.4770959660576679,0.4498306305605375,0.5951489049968224,0.46655178804857655,0.44638805318278685,0.589433792498216,0.990219497246853,0.9855175520697335,0.9918521171910692,0.9880482921154494,0.9871676838718062,0.988261302502038,0.9747159053881174,0.9688311669085504,0.9761025626133357
P10,weight_uS,1.25e-05,12,0.23245257233178762,0.21937686732722028,0.2916263347050929,0.2247604191600061,0.2183665403521573,0.2869268976575441,0.9838326662154716,0.9729919838117036,0.9869665919597715,0.9898161010643527,0.9894930035036046,0.9900450292015401,0.9871047886273263,0.9845529774489251,0.9876580980766292
P10,weight_uS,2.5e-05,12,0.4635937516786086,0.43749935112931837,0.5812624510022353,0.44681232010800187,0.4337090036570004,0.5699723538923749,0.9804214591259865,0.9699326155091337,0.9835171429099168,0.9851695065906453,0.9845661781984356,0.9856579167880349,0.9754252121297491,0.9697272978492916,0.9758969983454356
P10,weight_uS,5e-05,12,0.9219822005025406,0.870021149757104,1.154636920537488,0.8829892164213575,0.8565290771295011,1.1247458324115698,0.9732930141386449,0.9639360870363396,0.9784002717403333,0.9761563776943305,0.9750146488683704,0.9771490542136241,0.9520677897228496,0.9412377157288337,0.9540751824941374
P10,weight_uS,0.0001,12,1.823458009116969,1.7204477101643825,2.2782971998538244,1.724970869451731,1.6712154688910275,2.1911705649241,0.9621290465190262,0.952416457584592,0.9687101167773299,0.9591798543088144,0.9570433272251614,0.961120086845937,0.9082981909810723,0.8885704744686281,0.9130567948007582
P10,weight_uS,0.0002,12,3.567324289181798,3.3649398558837937,4.437086285245567,3.297194784456231,3.1875358230456214,4.167075656894308,0.9382488612810591,0.9308832804134775,0.9488671858342286,0.9307214896128801,0.927154488282843,0.9325369663220848,0.8313553970380625,0.7981068184038344,0.8403456267403486
P10,tau1_ms,0.2,12,0.7839279620799218,0.7397525789158763,0.9820475239984638,0.7516980822664294,0.7292054085787711,0.9577269998434907,0.9746244767097327,0.9650451378989875,0.9792713732806854,0.9789488180184351,0.9780006469002084,0.9798088609447305,0.9590478496672132,0.9497280379334972,0.9606203785354765
P10,tau1_ms,0.35,12,0.8569709954208165,0.8086742346120666,1.073373272313205,0.8211529485570566,0.7965549708578834,1.0460862097118522,0.9738477915955543,0.9643989992500168,0.9787608643114618,0.9774768566683033,0.9764315041091649,0.9784095648721605,0.9553493695661672,0.9452307902106574,0.9571572683662288
P10,tau1_ms,0.5,12,0.9219822005025406,0.870021149757104,1.154636920537488,0.8829892164213575,0.8565290771295011,1.1247458324115698,0.9732930141386449,0.9639360870363396,0.9784002717403333,0.9761563776943305,0.9750146488683704,0.9771490542136241,0.9520677897228496,0.9412377157288337,0.9540751824941374
P10,tau1_ms,0.75,12,1.019521581420186,0.9620755243143329,1.2765303786823416,0.9758280766242251,0.9465727845101597,1.2428011230180154,0.9727237129916984,0.9634067815600342,0.9779890649942495,0.9742230110200789,0.9729215884516238,0.9753054345822882,0.9471445300723442,0.9352433951787258,0.9494416171152831
P10,tau1_ms,1.0,12,1.107628157715034,1.0452553276443375,1.3866148071126396,1.059799779159718,1.0279783674750895,1.3494998132053624,0.9724046120187544,0.9630809652417796,0.9777260064724909,0.9725918690150669,0.9711339825833153,0.9737606619837607,0.9426703222989465,0.9297933281918935,0.9452318774545376
P10,tau2_ms,1.5,12,0.6184079669378377,0.5828537944481909,0.7733229717161869,0.5875732818605357,0.5774096516134435,0.7520975455150101,0.9719401089743578,0.9592566147184881,0.9771804556894158,0.977528863377179,0.9767744882757273,0.9781453486306023,0.9666989831004796,0.9610445684894653,0.9687720007234796
P10,tau2_ms,2.0,12,0.7276549642501493,0.6855717639146768,0.9108194632158728,0.6942198006711209,0.6772998841229949,0.8865380082320584,0.9726586115145063,0.9617961703907958,0.9777883145695381,0.977503271548445,0.9764398320003752,0.9780630488550395,0.9627651992028594,0.9543865534440372,0.9632059613050239
P10,tau2_ms,3.0,12,0.9219822005025406,0.870021149757104,1.154636920537488,0.8829892164213575,0.8565290771295011,1.1247458324115698,0.9732930141386449,0.9639360870363396,0.9784002717403333,0.9761563776943305,0.9750146488683704,0.9771490542136241,0.9520677897228496,0.9412377157288337,0.9540751824941374
P10,tau2_ms,5.0,12,1.2471945243887603,1.1782060953765203,1.5615629863239349,1.1975976518235498,1.1595558968452018,1.522087439561215,0.9738919132319543,0.965382011586239,0.9788948804674358,0.9732900168262109,0.9713143498877949,0.9746617647612383,0.9335691546937247,0.9186162239929256,0.9369849540532968
P10,tau2_ms,8.0,12,1.6376198991825532,1.5480231185386053,2.0488873148039843,1.5743687057968714,1.5232612094204292,1.9976705430100168,0.9742072273772072,0.9660523100158778,0.9791342271395167,0.9698160764596365,0.9673108223139413,0.9711186015755556,0.9107378997888487,0.8909502677667671,0.9153274882742396
