age_group,factor,metric,n,median_relative_to_baseline,min_relative_to_baseline,max_relative_to_baseline,robust_within_25_percent
P10,cm_uF_cm2,proximal_epsp_mV,60,1.0,0.5527079497886631,1.7146183955830436,False
P10,cm_uF_cm2,distal_epsp_mV,60,1.0,0.5484838936456827,1.7192006464997416,False
P10,cm_uF_cm2,distal_to_proximal_ratio,60,1.0,0.9655044366646164,1.0114250801659628,True
P10,cm_uF_cm2,temporal_ratio_max,60,1.0,0.9856107250253174,1.0080610089099118,True
P10,cm_uF_cm2,spatial_ratio_n8,60,1.0,0.9411915388690834,1.0365828951871363,True
P10,process_diameter_um,proximal_epsp_mV,60,1.0,0.5044165325892457,1.9761203149582875,False
P10,process_diameter_um,distal_epsp_mV,60,1.0,0.5151574933078793,1.8689427034649182,False
P10,process_diameter_um,distal_to_proximal_ratio,60,1.0,0.8724083436321555,1.0523739460642443,True
P10,process_diameter_um,temporal_ratio_max,60,1.0,0.9581878027006987,1.0139204769516277,True
P10,process_diameter_um,spatial_ratio_n8,60,1.0,0.9426379124406403,1.0370889603908262,True
P10,ra_ohm_cm,proximal_epsp_mV,60,1.0,0.9839279151948936,1.0507988754229747,True
P10,ra_ohm_cm,distal_epsp_mV,60,1.0,0.9296417893884359,1.032757400082275,True
P10,ra_ohm_cm,distal_to_proximal_ratio,60,1.0,0.8847000231269092,1.049627095779379,True
P10,ra_ohm_cm,temporal_ratio_max,60,1.0,0.9848598111617354,1.0071149123406735,True
P10,ra_ohm_cm,spatial_ratio_n8,60,1.0,0.9922422225518632,1.0013167191471235,True
P10,rm_ohm_cm2,proximal_epsp_mV,60,1.0,0.8586729708448468,1.10670884907821,True
P10,rm_ohm_cm2,distal_epsp_mV,60,1.0,0.8270999653403253,1.1288080967503675,True
P10,rm_ohm_cm2,distal_to_proximal_ratio,60,1.0,0.9338052221928038,1.0381149099642277,True
P10,rm_ohm_cm2,temporal_ratio_max,60,1.0,0.9943050869520533,1.0028304497015001,True
P10,rm_ohm_cm2,spatial_ratio_n8,60,1.0,0.9957387097004977,1.006632283978605,True
P10,tau1_ms,proximal_epsp_mV,60,1.0,0.8501357112464933,1.2016262053622226,True
P10,tau1_ms,distal_epsp_mV,60,1.0,0.8512363257636326,1.2003854003348011,True
P10,tau1_ms,distal_to_proximal_ratio,60,1.0,0.9988084678674234,1.001476774896451,True
P10,tau1_ms,temporal_ratio_max,60,1.0,0.9958647081121643,1.0032399036500612,True
P10,tau1_ms,spatial_ratio_n8,60,1.0,0.9845885982801781,1.0115522727918012,True
P10,tau2_ms,proximal_epsp_mV,60,1.0,0.6663163471221621,1.7814292620710659,False
P10,tau2_ms,distal_epsp_mV,60,1.0,0.6604867381302805,1.7895491658732177,False
P10,tau2_ms,distal_to_proximal_ratio,60,1.0,0.9662049867277233,1.0147311659000906,True
P10,tau2_ms,temporal_ratio_max,60,1.0,0.9906212409051295,1.002138917919547,True
P10,tau2_ms,spatial_ratio_n8,60,1.0,0.9335203236258767,1.0276353351858167,True
P10,weight_uS,proximal_epsp_mV,60,1.0,0.2519941457824753,3.8767932654720543,False
P10,weight_uS,distal_epsp_mV,60,1.0,0.25397165466052896,3.764138905306907,False
P10,weight_uS,distal_to_proximal_ratio,60,1.0,0.9584822297512825,1.0116436121071437,True
P10,weight_uS,temporal_ratio_max,60,1.0,0.9487484201627396,1.0155935253140211,True
P10,weight_uS,spatial_ratio_n8,60,1.0,0.8111215158742308,1.0597968247873903,True
P20,cm_uF_cm2,proximal_epsp_mV,60,1.0,0.5909928142078681,1.5603492645974395,False
P20,cm_uF_cm2,distal_epsp_mV,60,1.0,0.5800951316213421,1.5743929367542338,False
P20,cm_uF_cm2,distal_to_proximal_ratio,60,1.0,0.9020607996046092,1.051909386510931,True
P20,cm_uF_cm2,temporal_ratio_max,60,1.0,0.9786546761464417,1.0131956560403266,True
P20,cm_uF_cm2,spatial_ratio_n8,60,1.0,0.9695866576485309,1.0200065838018535,True
P20,process_diameter_um,proximal_epsp_mV,60,1.0,0.46809189217927916,2.188304995023287,False
P20,process_diameter_um,distal_epsp_mV,60,1.0,0.5155030947951991,1.8326459159813908,False
P20,process_diameter_um,distal_to_proximal_ratio,60,1.0,0.6983050597104934,1.2187253209755817,False
P20,process_diameter_um,temporal_ratio_max,60,1.0,0.9537325664792308,1.0168263323840845,True
P20,process_diameter_um,spatial_ratio_n8,60,1.0,0.9486757488476797,1.0268826750854056,True
P20,ra_ohm_cm,proximal_epsp_mV,60,1.0,0.9187003056919404,1.1600924971003996,True
P20,ra_ohm_cm,distal_epsp_mV,60,1.0,0.8100099817762769,1.1196236434816977,True
P20,ra_ohm_cm,distal_to_proximal_ratio,60,1.0,0.7035562682134068,1.21468729422261,False
P20,ra_ohm_cm,temporal_ratio_max,60,1.0,0.9858576779229115,1.0095596328878664,True
P20,ra_ohm_cm,spatial_ratio_n8,60,1.0,0.981817144293528,1.0076570012907484,True
P20,rm_ohm_cm2,proximal_epsp_mV,60,1.0,0.7602774879121104,1.221503923169526,True
P20,rm_ohm_cm2,distal_epsp_mV,60,1.0,0.6668511012741284,1.314373483803683,False
P20,rm_ohm_cm2,distal_to_proximal_ratio,60,1.0,0.7878296466267214,1.1634058332453605,True
P20,rm_ohm_cm2,temporal_ratio_max,60,1.0,0.9838087749690759,1.0084737971416855,True
P20,rm_ohm_cm2,spatial_ratio_n8,60,1.0,0.994533412935295,1.007252851779036,True
P20,tau1_ms,proximal_epsp_mV,60,1.0,0.8521968888137826,1.1906071364758493,True
P20,tau1_ms,distal_epsp_mV,60,1.0,0.8532406980261776,1.1903283319576385,True
P20,tau1_ms,distal_to_proximal_ratio,60,1.0000144343309687,0.9982652914415718,1.0072938046736228,True
P20,tau1_ms,temporal_ratio_max,60,1.0,0.9960736434083035,1.0035734365856404,True
P20,tau1_ms,spatial_ratio_n8,60,1.0,0.9901674153470831,1.0076305639671732,True
P20,tau2_ms,proximal_epsp_mV,60,1.0,0.7095301110661177,1.5601904715103923,False
P20,tau2_ms,distal_epsp_mV,60,1.0,0.6960415775731896,1.5801455975445575,False
P20,tau2_ms,distal_to_proximal_ratio,60,1.0,0.9114381645165347,1.0653201595440034,True
P20,tau2_ms,temporal_ratio_max,60,1.0,0.9899449488644718,1.0033677530888092,True
P20,tau2_ms,spatial_ratio_n8,60,1.0,0.9684760622156061,1.0139432667777926,True
P20,weight_uS,proximal_epsp_mV,60,1.0,0.2513575505274796,3.9153277230963393,False
P20,weight_uS,distal_epsp_mV,60,1.0,0.2542356427987923,3.7491578568898074,False
P20,weight_uS,distal_to_proximal_ratio,60,1.0,0.937579174803957,1.0176795562330987,True
P20,weight_uS,temporal_ratio_max,60,1.0,0.9416493773624676,1.0178877264493666,True
P20,weight_uS,spatial_ratio_n8,60,1.0,0.8685454211595393,1.0395562939408645,True
P50,cm_uF_cm2,proximal_epsp_mV,55,1.0,0.684994284914646,1.3187045598673204,False
P50,cm_uF_cm2,distal_epsp_mV,55,1.0,0.6701964078300355,1.3354234324766823,False
P50,cm_uF_cm2,distal_to_proximal_ratio,55,1.0,0.915004968392394,1.054953726961351,True
P50,cm_uF_cm2,temporal_ratio_max,55,1.0,0.9499265276264018,1.0340947237793927,True
P50,cm_uF_cm2,spatial_ratio_n8,55,0.9997203560086342,0.9874226006502623,1.0102019010303385,True
P50,process_diameter_um,proximal_epsp_mV,55,1.0,0.452070268471213,2.195423693397559,False
P50,process_diameter_um,distal_epsp_mV,55,1.0,0.5146992322963914,1.8284199043519336,False
P50,process_diameter_um,distal_to_proximal_ratio,55,1.0,0.5974669162647681,1.4354130813529777,False
P50,process_diameter_um,temporal_ratio_max,55,1.0,0.9550212331619851,1.0174331693291803,True
P50,process_diameter_um,spatial_ratio_n8,55,1.0,0.9667741422807417,1.0203031868808992,True
P50,ra_ohm_cm,proximal_epsp_mV,55,1.0,0.8804900662603554,1.1707395406119154,True
P50,ra_ohm_cm,distal_epsp_mV,55,1.0,0.6398032301876154,1.3379651079426191,False
P50,ra_ohm_cm,distal_to_proximal_ratio,55,1.0,0.6042844697310872,1.430270809053501,False
P50,ra_ohm_cm,temporal_ratio_max,55,1.0,0.9845403568909593,1.0107827451691427,True
P50,ra_ohm_cm,spatial_ratio_n8,55,1.0,0.9904398781363,1.0089222658465464,True
P50,rm_ohm_cm2,proximal_epsp_mV,55,1.0,0.5964461953181323,1.5236153872520324,False
P50,rm_ohm_cm2,distal_epsp_mV,55,1.0,0.4436588501832761,1.8221556209309253,False
P50,rm_ohm_cm2,distal_to_proximal_ratio,55,1.0,0.6589522293866263,1.3526351065993631,False
P50,rm_ohm_cm2,temporal_ratio_max,55,1.0,0.9536212024577447,1.0317387397159468,True
P50,rm_ohm_cm2,spatial_ratio_n8,55,1.0,0.9903103018484687,1.0096775730007415,True
P50,tau1_ms,proximal_epsp_mV,55,1.0,0.862064572266317,1.1486094999170267,True
P50,tau1_ms,distal_epsp_mV,55,1.0,0.8619783873621799,1.1524229575518157,True
P50,tau1_ms,distal_to_proximal_ratio,55,1.0,0.9927206319698423,1.019323135169147,True
P50,tau1_ms,temporal_ratio_max,55,1.0009381035702025,0.9999959284499076,1.0050786258666413,True
P50,tau1_ms,spatial_ratio_n8,55,1.0,0.9945997184885033,1.004759113936743,True
P50,tau2_ms,proximal_epsp_mV,55,1.0,0.8062161600495832,1.269386160162343,False
P50,tau2_ms,distal_epsp_mV,55,1.0,0.7903815341995983,1.2894948237449826,False
P50,tau2_ms,distal_to_proximal_ratio,55,1.0,0.9338909742846807,1.0622124449532933,True
P50,tau2_ms,temporal_ratio_max,55,1.0,0.9505333231769031,1.0345010743711665,True
P50,tau2_ms,spatial_ratio_n8,55,0.9998728340334962,0.98904599833454,1.0062900824796865,True
P50,weight_uS,proximal_epsp_mV,55,1.0,0.25128992886253926,3.9194430000837617,False
P50,weight_uS,distal_epsp_mV,55,1.0,0.25342826037102967,3.794513069111915,False
P50,weight_uS,distal_to_proximal_ratio,55,1.0,0.9463802305107604,1.0151438334471523,True
P50,weight_uS,temporal_ratio_max,55,1.0,0.9455424812289686,1.0164362987791455,True
P50,weight_uS,spatial_ratio_n8,55,1.0,0.9099193718252758,1.0259138583485172,True
