age_group,metric,n,mean,sd,median,minimum,maximum
P10,proximal_epsp_mV,12,1.0041453425280895,0.24031723331441426,0.9219822005025406,0.6769290069323262,1.45734097011983
P10,intermediate_epsp_mV,12,0.9891181080568808,0.23716794851298095,0.9094168636506836,0.6523000637592133,1.4476061221661496
P10,distal_epsp_mV,12,0.9728004266392235,0.24036297040290278,0.8829892164213575,0.6314412383260759,1.4243437248481001
P10,distal_to_proximal_ratio,12,0.9673289458686065,0.021797717190997795,0.9732930141386449,0.9171647834490255,0.9907108901120366
P10,max_temporal_summation_ratio,12,0.9760762333077183,0.001321712368565775,0.9761563776943305,0.9739719309173878,0.9782442622484476
P10,max_spatial_summation_ratio,12,1.0,0.0,1.0,1.0,1.0
P10,max_spatial_summation_ratio_n_gt_1,12,0.9916070895619568,0.0018002017734798546,0.9921622387899556,0.9883404678668829,0.9944227423722191
P10,spatial_summation_ratio_n8,12,0.9476849362963857,0.01144585631942285,0.9520677897228496,0.9249014369929383,0.962594675626861
P20,proximal_epsp_mV,12,0.5402069518959548,0.14961629091208123,0.5356099643131316,0.34639218315038534,0.8375190504755068
P20,intermediate_epsp_mV,12,0.5267528702359646,0.15898702087648184,0.46963191253541225,0.346631076537534,0.8229009328012467
P20,distal_epsp_mV,12,0.46732181313268245,0.10808438079033802,0.44163640591109754,0.30951993526775823,0.6669932835338415
P20,distal_to_proximal_ratio,12,0.8779621463090481,0.0864093654991595,0.8846377293020462,0.6959296922206499,1.0001812112116293
P20,max_temporal_summation_ratio,12,0.9664152460963493,0.0021549676280838313,0.9670875411342699,0.9605028392043778,0.9681791910420288
P20,max_spatial_summation_ratio,12,1.0,0.0,1.0,1.0,1.0
P20,max_spatial_summation_ratio_n_gt_1,12,0.9937183922611521,0.003087504589783609,0.9942435925124791,0.9851739452445546,0.996448044683193
P20,spatial_summation_ratio_n8,12,0.9649170960382748,0.009859160988205268,0.9671908075635619,0.948249391843017,0.9771364041663548
P50,proximal_epsp_mV,11,0.3382858531860403,0.09694613324031773,0.3636617471300525,0.21041535295042024,0.5135269736601913
P50,intermediate_epsp_mV,11,0.31910751937653264,0.07731434519206863,0.3316694278730523,0.16822236074375496,0.47460374006399775
P50,distal_epsp_mV,11,0.2466597769386916,0.1137437642475554,0.21652459876884222,0.10463009772104215,0.4969694601868184
P50,distal_to_proximal_ratio,11,0.7119949020000568,0.1756751456438573,0.694415651707059,0.44229495943846514,0.9677572662729704
P50,max_temporal_summation_ratio,11,0.9251820690348848,0.005582403510364721,0.9256989127962921,0.9153885188783999,0.9339973066069864
P50,max_spatial_summation_ratio,11,1.0,0.0,1.0,1.0,1.0
P50,max_spatial_summation_ratio_n_gt_1,11,0.9954412211992208,0.0009912901474268731,0.9954700464866435,0.9936410084900926,0.9971086267915088
P50,spatial_summation_ratio_n8,11,0.9706184575997073,0.005316666747919179,0.9696671222678316,0.9620974500545105,0.9796437035555499
