cell_id,age_group,status,calibrated_rm_kohm_cm2,proximal_epsp_mV,intermediate_epsp_mV,distal_epsp_mV,distal_to_proximal_ratio,max_temporal_summation_ratio,max_spatial_summation_ratio,max_spatial_summation_ratio_n_gt_1,spatial_summation_ratio_n8,n_protocol_rows
NX15_26_P20,P20,complete,10.094385601286076,0.5583161799815315,0.5320337234237229,0.4889297585739172,0.8757219942830431,0.9605028392043778,1.0,0.9946134602693583,0.9684945536769108,12
NX16_1_P20,P20,complete,10.094385601286076,0.5573234108219651,0.5546953172108147,0.4834788105239767,0.8675013486530573,0.9668005046466385,1.0,0.9938737247556,0.965887061450213,12
NX16_2_P20,P20,complete,10.094385601286076,0.513896517804298,0.47192865684414187,0.4261423803851585,0.8292377270932239,0.9670874796625334,1.0,0.9928252104407042,0.9630014007885487,12
NX18_15_P50,P50,complete,2.394438696918089,0.2945431545475117,0.2975419909353576,0.23915670820485957,0.811958127399909,0.9256989127962921,1.0,0.9966157358334844,0.9796437035555499,12
NX22_1_P10,P10,complete,29.741010083005232,1.45734097011983,1.4476061221661496,1.4243437248481001,0.9773579100922299,0.9750370669689912,1.0,0.9883404678668829,0.9249014369929383,12
NX22_4_P10,P10,complete,29.741010083005232,0.9369085884201382,0.9260029020006044,0.900629294919554,0.9612776593693519,0.9771251948560582,1.0,0.9922109083207282,0.9517312004250282,12
NX30_15_P50,P50,complete,2.394438696918089,0.2365618135324894,0.16822236074375496,0.10463009772104215,0.44229495943846514,0.9317150306691955,1.0,0.9971086267915088,0.9748761205009285,12
NX30_16_P50,P50,complete,2.394438696918089,0.21747036630944194,0.28716095456532287,0.15101482614774397,0.694415651707059,0.9283465920998033,1.0,0.996239146932306,0.9712600490181259,12
NX34_1_P50,P50,complete,2.394438696918089,0.4092683842750091,0.3455134871276613,0.34793008090954913,0.8501269442688162,0.9153885188783999,1.0,0.9944900307743745,0.9668929551749387,12
NX34_2_P50,P50,complete,2.394438696918089,0.3698648179698125,0.33244820517444396,0.35782167053842784,0.9674390565247879,0.9192101446736757,1.0,0.9955369852566017,0.9691818397973433,12
NX44_28_P50,P50,complete,2.394438696918089,0.38123466333517797,0.3854403631156629,0.21652459876884222,0.5679562211751868,0.9295937371268689,1.0,0.9954657710607447,0.9692688767416753,12
NX45_low_P50,P50,complete,2.394438696918089,0.5135269736601913,0.47460374006399775,0.4969694601868184,0.9677572662729704,0.9216963729905466,1.0,0.9945736003694053,0.965089986125473,12
NX45_up_P50,P50,complete,2.394438696918089,0.3636617471300525,0.33937949733631,0.23523275995424342,0.6468449371171272,0.9240908366615622,1.0,0.9954700464866435,0.9704096626812816,12
NX48_8_P50,P50,complete,2.394438696918089,0.4343753195585407,0.24718613057430616,0.21331132941423903,0.49107608054488255,0.9260596260071687,1.0,0.9951251482209509,0.9620974500545105,12
NX57_11_P20,P20,complete,10.094385601286076,0.4817141595242873,0.45004849942353076,0.4571304314370366,0.9489661501511016,0.9670876026060062,1.0,0.9953711865754011,0.9698266787748953,12
NX5_22_P10,P10,complete,29.741010083005232,0.6769290069323262,0.6523000637592133,0.6314412383260759,0.9328027486776058,0.9782442622484476,1.0,0.9944227423722191,0.962594675626861,12
NX5_9_P10,P10,complete,29.741010083005232,1.2682528965189306,1.2414429913632432,1.2317820669362334,0.9712432514975511,0.9758469411424213,1.0,0.9894162851806807,0.9353180820516032,12
NX64_1_P10,P10,complete,29.741010083005232,1.3419715586888117,1.315808045016766,1.3171817967457997,0.9815273566846431,0.9749473945665081,1.0,0.9893792695718401,0.931816537891921,12
NX64_2_P10,P10,complete,29.741010083005232,0.960657373011955,0.935433605253138,0.8810811114872195,0.9171647834490255,0.9764658142462397,1.0,0.9912560371740974,0.9503280221522725,12
NX65_16_P10,P10,complete,29.741010083005232,0.864383708599405,0.8620065200215095,0.8547748043860253,0.9888835199948997,0.9739719309173878,1.0,0.9921135692591828,0.9549500438628035,12
NX65_5_P10,P10,complete,29.741010083005232,0.7592144523525377,0.7493344433299569,0.7374917192442467,0.9713878825133269,0.975305543500233,1.0,0.9933616992926148,0.9582680197850669,12
NX6_29_P20,P20,complete,10.094385601286076,0.5917823662137636,0.46733516822668264,0.4118389199807524,0.6959296922206499,0.9674372758205191,1.0,0.9937828274634624,0.9606470549926727,12
NX6_4_P20,P20,complete,10.094385601286076,0.34639218315038534,0.346631076537534,0.30951993526775823,0.8935534643210493,0.9678966018633233,1.0,0.996448044683193,0.9733583626526596,12
NX72_1_P10,P10,complete,29.741010083005232,0.907055812584943,0.8928308253007629,0.8848973213554956,0.9755709726766428,0.9772358110838509,1.0,0.9924949054418762,0.952404379020671,12
NX72_2_P10,P10,complete,29.741010083005232,0.8883645177548516,0.8797392948601015,0.8571138347106597,0.9648222295920021,0.9772206322863218,1.0,0.992480917838873,0.9529123487549711,12
NX73_19_P10,P10,complete,29.741010083005232,1.1167649285436738,1.0903790698458806,1.0890670875700152,0.9751981457639629,0.9745370650550559,1.0,0.9909726887624537,0.9432109269545773,12
NX73_21_P10,P10,complete,29.741010083005232,0.8719002968096703,0.8765334137652445,0.8638011191412573,0.9907108901120366,0.9769771428211044,1.0,0.9928355836620318,0.9537835620379154,12
NX74_20_P20,P20,complete,10.094385601286076,0.4214516170906819,0.41028880529091794,0.4104783729534347,0.9739632173842481,0.9680542031722008,1.0,0.9961085243092478,0.9753648213976723,12
NX74_26_P20,P20,complete,10.094385601286076,0.4060053086285649,0.37955475862978005,0.36682698335300756,0.9035029236245782,0.9662746906247354,1.0,0.996159584754484,0.9771364041663548,12
NX7_19_P20,P20,complete,10.094385601286076,0.6199940878155559,0.7449172367309274,0.5689376200193834,0.9176500731223723,0.9652554253212291,1.0,0.9851739452445546,0.9534055515177424,12
NX83_11_P20,P20,complete,10.094385601286076,0.7639301820483269,0.7407047395013393,0.6669932835338415,0.8731076467556651,0.9646898648822054,1.0,0.9926277097437084,0.9506317672159827,12
NX90_20_P50,P50,complete,2.394438696918089,0.29022179177779606,0.30101655563198904,0.2100197284328118,0.7236525112270351,0.9212056808732331,1.0,0.9936410084900926,0.9784152676791223,12
NX90_22_P50,P50,complete,2.394438696918089,0.21041535295042024,0.3316694278730523,0.1406462860470299,0.6684221663243846,0.9339973066069864,1.0,0.9955873329753165,0.9696671222678316,12
NX93_low_P20,P20,complete,10.094385601286076,0.8375190504755068,0.8229009328012467,0.6333572885656054,0.75623030688796,0.9681791910420288,1.0,0.991926110407155,0.948249391843017,12
NX93_up_P20,P20,complete,10.094385601286076,0.38415835919659,0.39999552821093687,0.38422797299831757,1.0001812112116293,0.9677172743103944,1.0,0.9957103784869563,0.9730021039826285,12
