cell_id,age_group,n_segments,total_cable_length_um,maximum_branch_order,n_terminals,input_resistance_MOhm,tau_ms,tau_fit_r2,maximum_path_distance_um,mean_soma_normalised_attenuation,minimum_soma_normalised_attenuation,resting_stable,matrix_mode,n_transfer_rows,calibrated_rm_kohm_cm2,calibration_source,qc_status
NX15_26_P20,P20,737,1785.1,28,407,589.9719114602575,9.496623556182987,0.9986585357360368,82.74999999999999,0.9436890848620777,0.8449856990978328,True,representative,81,10.094385601286076,"GM4.5 extended cohort calibration, 445 simulations",accepted
NX16_1_P20,P20,709,1859.3,20,382,606.9326191619496,9.270143739017122,0.9970753663302037,59.599999999999994,0.9267501512787458,0.8587397747289797,True,representative,81,10.094385601286076,"GM4.5 extended cohort calibration, 445 simulations",accepted
NX16_2_P20,P20,635,2036.6,21,336,558.444072121965,9.104153939789263,0.99623036808178,56.5,0.9097988652063947,0.8112169231596263,True,representative,81,10.094385601286076,"GM4.5 extended cohort calibration, 445 simulations",accepted
NX18_15_P50,P50,578,1730.9,20,315,151.0052941959799,2.130378271214373,0.9950064411412268,51.35,0.8819583604215799,0.7304313033352696,True,representative,81,2.394438696918089,"GM4.5 extended cohort calibration, 445 simulations",accepted
NX22_1_P10,P10,384,799.6,16,209,3260.1225612795347,29.329848992829895,0.9999665562227801,52.49999999999999,0.9926207510779456,0.9775536122865306,True,representative,81,29.741010083005232,"GM4.5 extended cohort calibration, 445 simulations",accepted
NX22_4_P10,P10,523,1307.4,20,294,2088.007905495651,28.950606828106952,0.9998796094781138,44.24999999999999,0.985832187002316,0.9657883927586337,True,representative,81,29.741010083005232,"GM4.5 extended cohort calibration, 445 simulations",accepted
NX30_15_P50,P50,857,2946.3,21,471,114.83641072433386,1.7805799276684657,0.9797101931344732,69.09999999999998,0.7282537947133305,0.4074563678325924,True,representative,81,2.394438696918089,"GM4.5 extended cohort calibration, 445 simulations",accepted
NX30_16_P50,P50,832,2242.6,21,451,149.43821382218232,1.765516935377801,0.9789111504332102,69.89999999999999,0.735565168944286,0.47407212091612777,True,representative,81,2.394438696918089,"GM4.5 extended cohort calibration, 445 simulations",accepted
NX34_1_P50,P50,610,1412.5,21,334,210.35222901888915,1.9159762370435152,0.9846397428857709,67.10000000000001,0.7923144797078041,0.5739433321006729,True,representative,81,2.394438696918089,"GM4.5 extended cohort calibration, 445 simulations",accepted
NX34_2_P50,P50,754,1457.2,21,413,192.91682912470236,2.0427095875065038,0.9929178167761866,53.550000000000004,0.8489743750882933,0.6339176765354743,True,representative,81,2.394438696918089,"GM4.5 extended cohort calibration, 445 simulations",accepted
NX44_28_P50,P50,750,1565.9,26,408,190.57654465097755,1.981669003011109,0.9917647410622483,54.599999999999994,0.8078873604351455,0.5415205504787154,True,representative,81,2.394438696918089,"GM4.5 extended cohort calibration, 445 simulations",accepted
NX45_low_P50,P50,376,1048.7,14,208,248.38787494479106,2.236869324055068,0.9978228051204445,40.24999999999999,0.9273394026504646,0.8480122440758402,True,representative,81,2.394438696918089,"GM4.5 extended cohort calibration, 445 simulations",accepted
NX45_up_P50,P50,736,1742.3,23,396,186.76062112626255,1.837851673344452,0.9811701569773289,61.349999999999994,0.7621211135855637,0.5178554983752925,True,representative,81,2.394438696918089,"GM4.5 extended cohort calibration, 445 simulations",accepted
NX48_8_P50,P50,482,1584.1,17,270,198.9689792857746,1.8656594016136607,0.9885446801731019,68.39999999999999,0.7318127440875238,0.46356567292592016,True,representative,81,2.394438696918089,"GM4.5 extended cohort calibration, 445 simulations",accepted
NX57_11_P20,P20,734,2040.2,19,405,524.9492811262741,9.57186507600175,0.9989150767095336,58.6,0.9533592605640203,0.8630122439005382,True,representative,81,10.094385601286076,"GM4.5 extended cohort calibration, 445 simulations",accepted
NX5_22_P10,P10,665,1871.4,21,358,1502.5343652495649,28.622360952725764,0.9997631956146452,57.2,0.9812671806254053,0.9426826402399341,True,representative,81,29.741010083005232,"GM4.5 extended cohort calibration, 445 simulations",accepted
NX5_9_P10,P10,353,933.8,18,200,2838.000151953338,29.010115336413516,0.9998937797282842,46.8,0.9873863622828883,0.97430402350413,True,representative,81,29.741010083005232,"GM4.5 extended cohort calibration, 445 simulations",accepted
NX64_1_P10,P10,417,911.4,18,224,3008.4893908349586,29.139521344664775,0.9999277622406392,46.69999999999999,0.9899842140903231,0.973772940572818,True,representative,81,29.741010083005232,"GM4.5 extended cohort calibration, 445 simulations",accepted
NX64_2_P10,P10,487,1343.8,21,267,2136.799664967259,27.967021250735684,0.9994126256033109,57.00000000000001,0.9714597076180164,0.9314371268032097,True,representative,81,29.741010083005232,"GM4.5 extended cohort calibration, 445 simulations",accepted
NX65_16_P10,P10,473,1461.9,18,263,1954.2444483299475,27.94047710633874,0.9993524831538663,54.2,0.9710925968043801,0.9414495064707422,True,representative,81,29.741010083005232,"GM4.5 extended cohort calibration, 445 simulations",accepted
NX65_5_P10,P10,498,1690.6,15,273,1687.0333459192436,28.56085883763709,0.9997387321904672,59.349999999999994,0.9815414697869371,0.946875884495011,True,representative,81,29.741010083005232,"GM4.5 extended cohort calibration, 445 simulations",accepted
NX6_29_P20,P20,722,1934.0,24,386,599.9947010204608,8.919646343873397,0.9952685451467798,78.35000000000002,0.8907807278588885,0.7616169630903579,True,representative,81,10.094385601286076,"GM4.5 extended cohort calibration, 445 simulations",accepted
NX6_4_P20,P20,1203,3016.7,22,666,374.23190152736083,9.222038555431098,0.9972931978504184,61.90000000000001,0.923848875799412,0.8076506554380064,True,representative,81,10.094385601286076,"GM4.5 extended cohort calibration, 445 simulations",accepted
NX72_1_P10,P10,446,1354.4,16,258,2018.1350311526116,29.09159660490253,0.9999222673151261,66.50000000000001,0.9901069635582186,0.9528147032222782,True,representative,81,29.741010083005232,"GM4.5 extended cohort calibration, 445 simulations",accepted
NX72_2_P10,P10,617,1416.8,25,339,1986.4352953379566,28.888523100213664,0.999857122157224,48.449999999999996,0.9856894033853855,0.9623257186485268,True,representative,81,29.741010083005232,"GM4.5 extended cohort calibration, 445 simulations",accepted
NX73_19_P10,P10,300,1131.5,12,170,2492.372593266147,28.98997205307057,0.9998866113251347,46.65,0.9886229963922962,0.9750873292168509,True,representative,81,29.741010083005232,"GM4.5 extended cohort calibration, 445 simulations",accepted
NX73_21_P10,P10,543,1405.2,19,312,1971.611642122221,28.967572599824152,0.9998888706537296,59.050000000000004,0.9868756707180133,0.9538025619871963,True,representative,81,29.741010083005232,"GM4.5 extended cohort calibration, 445 simulations",accepted
NX74_20_P20,P20,639,2302.4,17,353,449.71886115499586,9.76577932754728,0.999603544826121,59.25,0.96884101433925,0.8503516756790312,True,representative,81,10.094385601286076,"GM4.5 extended cohort calibration, 445 simulations",accepted
NX74_26_P20,P20,748,2456.4,19,413,434.7905393414379,9.597693703967357,0.9989185800605286,57.39999999999999,0.9553832913736868,0.9043277915080464,True,representative,81,10.094385601286076,"GM4.5 extended cohort calibration, 445 simulations",accepted
NX7_19_P20,P20,486,1480.8,20,269,781.7715894609279,8.755638361638395,0.9935776411045127,73.99999999999999,0.8791833371467492,0.7563465820587328,True,representative,81,10.094385601286076,"GM4.5 extended cohort calibration, 445 simulations",accepted
NX83_11_P20,P20,403,1297.9,16,220,809.3384251144585,9.47075174077322,0.9984552043378703,48.25,0.937664916400145,0.8720320437554027,True,representative,81,10.094385601286076,"GM4.5 extended cohort calibration, 445 simulations",accepted
NX90_20_P50,P50,633,2011.0,18,345,158.6283559476655,1.8198075434040188,0.978875512834914,61.4,0.7460021136530871,0.4971000689057797,True,representative,81,2.394438696918089,"GM4.5 extended cohort calibration, 445 simulations",accepted
NX90_22_P50,P50,556,1981.8,18,304,174.07518449645067,1.7517313996546815,0.9788636783784596,59.05,0.7157090213845126,0.4009691414533485,True,representative,81,2.394438696918089,"GM4.5 extended cohort calibration, 445 simulations",accepted
NX93_low_P20,P20,480,1198.6,20,263,892.5578303389017,9.348198810553658,0.9984076722787972,61.00000000000001,0.9281747192523562,0.7935467489605273,True,representative,81,10.094385601286076,"GM4.5 extended cohort calibration, 445 simulations",accepted
NX93_up_P20,P20,1153,2510.9,26,625,438.380654767694,9.457371488532312,0.9983036670418519,57.650000000000006,0.9411725593274806,0.870815993111377,True,representative,81,10.094385601286076,"GM4.5 extended cohort calibration, 445 simulations",accepted
