cell_id,age_group,qc_status,n_errors,n_warnings,errors,warnings
NX15_26_P20,P20,accepted,0,0,,
NX16_1_P20,P20,accepted,0,0,,
NX16_2_P20,P20,accepted,0,0,,
NX18_15_P50,P50,accepted,0,0,,
NX22_1_P10,P10,accepted,0,0,,
NX22_4_P10,P10,accepted,0,0,,
NX30_15_P50,P50,accepted,0,0,,
NX30_16_P50,P50,accepted,0,0,,
NX34_1_P50,P50,accepted,0,0,,
NX34_2_P50,P50,accepted,0,0,,
NX44_28_P50,P50,accepted,0,0,,
NX45_low_P50,P50,accepted,0,0,,
NX45_up_P50,P50,accepted,0,0,,
NX48_8_P50,P50,accepted,0,0,,
NX57_11_P20,P20,accepted,0,0,,
NX5_22_P10,P10,accepted,0,0,,
NX5_9_P10,P10,accepted,0,0,,
NX64_1_P10,P10,accepted,0,0,,
NX64_2_P10,P10,accepted,0,0,,
NX65_16_P10,P10,accepted,0,0,,
NX65_5_P10,P10,accepted,0,0,,
NX6_29_P20,P20,accepted,0,0,,
NX6_4_P20,P20,accepted,0,0,,
NX72_1_P10,P10,accepted,0,0,,
NX72_2_P10,P10,accepted,0,0,,
NX73_19_P10,P10,accepted,0,0,,
NX73_21_P10,P10,accepted,0,0,,
NX74_20_P20,P20,accepted,0,0,,
NX74_26_P20,P20,accepted,0,0,,
NX7_19_P20,P20,accepted,0,0,,
NX83_11_P20,P20,accepted,0,0,,
NX90_20_P50,P50,accepted,0,0,,
NX90_22_P50,P50,accepted,0,0,,
NX93_low_P20,P20,accepted,0,0,,
NX93_up_P20,P20,accepted,0,0,,
