age_group,metric,n,mean,sd,median,iqr,minimum,maximum,mean_ci_low,mean_ci_high
P10,input_resistance_MOhm,12,2245.3155329923693,539.5933057275629,2053.0714683241313,611.509639263792,1502.5343652495649,3260.1225612795347,1971.0642431634956,2552.156899581149
P10,tau_ms,12,28.788206250621943,0.44103067963682013,28.959089713965554,0.42350022958217437,27.94047710633874,29.329848992829895,28.524527870791598,29.006306076829667
P10,maximum_path_distance_um,12,53.22083333333333,6.806663123644944,53.349999999999994,10.88750000000001,44.24999999999999,66.50000000000001,49.56135416666667,56.908437500000005
P10,mean_soma_normalised_attenuation,12,0.9843732919451772,0.006944217292613525,0.9863539288601646,0.007490403320248751,0.9710925968043801,0.9926207510779456,0.9804182463457258,0.9878879466707486
P10,minimum_soma_normalised_attenuation,12,0.9581578700171551,0.015522352068425838,0.9580641403178616,0.028078137874404274,0.9314371268032097,0.9775536122865306,0.949951043926668,0.9667039206104322
P10,total_cable_length_um,12,1302.3166666666666,316.0495036982004,1349.1,346.0,799.6,1871.4,1137.5356250000002,1466.9866666666662
P10,maximum_branch_order,12,18.25,3.360871099202489,18.0,4.25,12.0,25.0,16.416666666666668,20.083333333333332
P10,n_terminals,12,263.9166666666667,56.688075278561705,265.0,78.25,170.0,358.0,232.65833333333333,293.4166666666667
P10,n_segments,12,475.5,105.25337394721714,480.0,119.25,300.0,665.0,418.825,535.6812499999999
P20,input_resistance_MOhm,12,588.4235322163903,163.85252758265923,574.2079917911112,203.75805217852377,374.23190152736083,892.5578303389017,500.39933026040103,680.6072601097413
P20,tau_ms,12,9.331658720275653,0.29367339591339237,9.402785149542986,0.32286653461703807,8.755638361638395,9.76577932754728,9.164955899658105,9.483031263901305
P20,maximum_path_distance_um,12,62.93749999999999,10.075287611504967,59.425,7.337500000000006,48.25,82.74999999999999,57.953958333333325,68.53000000000002
P20,mean_soma_normalised_attenuation,12,0.9298872336174339,0.02637096591777999,0.9329198178262506,0.02577025563640567,0.8791833371467492,0.96884101433925,0.9147400280320507,0.9433850681026551
P20,minimum_soma_normalised_attenuation,12,0.8328869245407048,0.04641119943863935,0.847668687388432,0.06083850238461119,0.7563465820587328,0.9043277915080464,0.8078549690343723,0.8576183901123552
P20,total_cable_length_um,12,1993.2416666666668,528.4575693956092,1985.3,631.8750000000002,1198.6,3016.7,1718.4872916666668,2287.620625
P20,maximum_branch_order,12,21.0,3.5161962919661303,20.0,3.5,16.0,28.0,19.25,23.083333333333332
P20,n_terminals,12,393.75,133.59036778015235,384.0,89.25,220.0,666.0,327.4979166666667,474.3375
P20,n_segments,12,720.75,242.86102460610527,715.5,142.0,403.0,1203.0,599.8125000000001,859.7604166666666
P50,input_resistance_MOhm,11,179.6315033943645,35.76836761410028,186.76062112626255,41.12607913341577,114.83641072433386,248.38787494479106,159.61597179142797,199.8823900173532
P50,tau_ms,11,1.920795391263059,0.15965343658165287,1.8656594016136607,0.21199555972256423,1.7517313996546815,2.236869324055068,1.8361327419422369,2.014555382007204
P50,maximum_path_distance_um,11,59.64090909090908,9.168991716154459,61.349999999999994,13.674999999999997,40.24999999999999,69.89999999999999,54.20897727272727,64.65465909090908
P50,mean_soma_normalised_attenuation,11,0.7889034486065083,0.07035780948716361,0.7621211135855637,0.09474191124581444,0.7157090213845126,0.9273394026504646,0.7523112451184495,0.8312678926581982
P50,minimum_soma_normalised_attenuation,11,0.5535312706304576,0.13730019525946363,0.5178554983752925,0.13511160739704964,0.4009691414533485,0.8480122440758402,0.4823294991579268,0.63641378506652
P50,total_cable_length_um,11,1793.0272727272727,502.8494189932192,1730.9,484.8499999999999,1048.7,2946.3,1527.6652272727274,2078.072727272727
P50,maximum_branch_order,11,20.0,3.1937438845342623,21.0,3.0,14.0,26.0,18.272727272727273,21.818181818181817
P50,n_terminals,11,355.90909090909093,80.05804712264039,345.0,101.0,208.0,471.0,308.62954545454545,399.2818181818181
P50,n_segments,11,651.2727272727273,149.45774714553335,633.0,185.0,376.0,857.0,565.0909090909091,733.4840909090908
