protocol,site_class,class_name,segment_id,location,path_distance_um,radial_distance_um,branch_order,tree,terminal_type,n_synapses,n_events,interval_ms,soma_epsp_mV,normalised_to_proximal,summation_ratio,peak_time_ms,cell_id,age_group,linear_prediction_mV,component_segment_ids,component_single_epsps_mV
single,proximal,proximal,667,0.5,6.3999999999999995,6.799119855514703,5,26,High,1,1,,0.5583161799815315,1.0,1.0,25.199999999999104,NX15_26_P20,P20,,,
single,intermediate,intermediate,268,0.5,23.300000000000004,25.569260221788426,8,11,Branch,1,1,,0.5320337234237229,0.9529254972358531,1.0,25.59999999999908,NX15_26_P20,P20,,,
single,distal,distal,632,0.5,51.14999999999999,28.75020009503114,12,24,High,1,1,,0.4889297585739172,0.8757219942830431,1.0,26.32499999999904,NX15_26_P20,P20,,,
temporal,distal,distal,632,0.5,51.14999999999999,28.75020009503114,12,24,High,1,2,2.0,0.9392368425635169,1.6822669237251657,0.9605028392043778,27.54999999999897,NX15_26_P20,P20,,,
temporal,distal,distal,632,0.5,51.14999999999999,28.75020009503114,12,24,High,1,2,5.0,0.8832135463170232,1.5819236088523154,0.9032110756493231,30.02499999999883,NX15_26_P20,P20,,,
temporal,distal,distal,632,0.5,51.14999999999999,28.75020009503114,12,24,High,1,2,10.0,0.7512156024915839,1.3455021176646418,0.7682244630421835,35.124999999999424,NX15_26_P20,P20,,,
temporal,distal,distal,632,0.5,51.14999999999999,28.75020009503114,12,24,High,1,2,20.0,0.586452763491522,1.0503954291830147,0.5997310996185367,45.775000000001846,NX15_26_P20,P20,,,
temporal,distal,distal,632,0.5,51.14999999999999,28.75020009503114,12,24,High,1,2,50.0,0.4938284245519924,0.8844959939515414,0.505009580509441,76.30000000000878,NX15_26_P20,P20,,,
spatial,distributed,,,0.5,0.2,,,,mixed,1,1,0.0,0.5662349849888813,1.014183370088991,1.0,25.07499999999911,NX15_26_P20,P20,0.5662349849888813,550,0.566234984989
spatial,distributed,,,0.5,1.9500000000000002,,,,mixed,2,2,0.0,1.123640801982873,2.012552819121312,0.9946134602693583,25.09999999999911,NX15_26_P20,P20,1.1297261165946537,550;132,0.566234984989;0.563491131606
spatial,distributed,,,0.5,5.987500000000001,,,,mixed,4,4,0.0,2.17434890854112,3.8944759018322648,0.9850801331732755,25.2999999999991,NX15_26_P20,P20,2.207281250852972,550;132;101;524,0.566234984989;0.563491131606;0.542445282937;0.535109851321
spatial,distributed,,,0.5,14.68125,,,,mixed,8,8,0.0,4.204323813006667,7.530363553400408,0.9684945536769108,25.399999999999093,NX15_26_P20,P20,4.341091849246709,550;132;101;524;88;436;719;261,0.566234984989;0.563491131606;0.542445282937;0.535109851321;0.537095952574;0.543938748146;0.524418648241;0.528357249433
single,proximal,proximal,241,0.5,12.15,8.779706851520338,7,11,High,1,1,,0.5573234108219651,1.0,1.0,25.224999999999103,NX16_1_P20,P20,,,
single,intermediate,intermediate,16,0.5,26.15,20.99959081267722,7,1,Branch,1,1,,0.5546953172108147,0.9952844370788687,1.0,25.224999999999103,NX16_1_P20,P20,,,
single,distal,distal,375,0.5,38.65,28.96188270041524,14,12,Branch,1,1,,0.4834788105239767,0.8675013486530573,1.0,26.549999999999027,NX16_1_P20,P20,,,
temporal,distal,distal,375,0.5,38.65,28.96188270041524,14,12,Branch,1,2,2.0,0.9348551160010743,1.6774014833188307,0.9668005046466385,27.74999999999896,NX16_1_P20,P20,,,
temporal,distal,distal,375,0.5,38.65,28.96188270041524,14,12,Branch,1,2,5.0,0.8771431599794397,1.5738494793997444,0.907116445319314,30.22499999999882,NX16_1_P20,P20,,,
temporal,distal,distal,375,0.5,38.65,28.96188270041524,14,12,Branch,1,2,10.0,0.744876485112357,1.336524665299418,0.7703300216043462,35.299999999999464,NX16_1_P20,P20,,,
temporal,distal,distal,375,0.5,38.65,28.96188270041524,14,12,Branch,1,2,20.0,0.580442786477505,1.0414828718955882,0.6002773791145494,46.0000000000019,NX16_1_P20,P20,,,
temporal,distal,distal,375,0.5,38.65,28.96188270041524,14,12,Branch,1,2,50.0,0.4883438802165756,0.8762306960985984,0.5050313163542021,76.52500000000883,NX16_1_P20,P20,,,
spatial,distributed,,,0.5,0.25,,,,mixed,1,1,0.0,0.5833562931978378,1.046710548795139,1.0,24.849999999999124,NX16_1_P20,P20,0.5833562931978378,39,0.583356293198
spatial,distributed,,,0.5,4.1499999999999995,,,,mixed,2,2,0.0,1.1300276847750723,2.027597733797792,0.9938737247556,25.09999999999911,NX16_1_P20,P20,1.1369932181806632,39;592,0.583356293198;0.553636924983
spatial,distributed,,,0.5,10.287499999999998,,,,mixed,4,4,0.0,2.189792188842617,3.929122922744291,0.9823456818034206,25.2499999999991,NX16_1_P20,P20,2.229146245975784,39;592;511;659,0.583356293198;0.553636924983;0.564527676977;0.527625350818
spatial,distributed,,,0.5,18.075,,,,mixed,8,8,0.0,4.17576991351757,7.492543525776102,0.965887061450213,25.499999999999087,NX16_1_P20,P20,4.32324862831058,39;592;511;659;6;439;423;347,0.583356293198;0.553636924983;0.564527676977;0.527625350818;0.559961139636;0.522251251017;0.518123358853;0.493766632828
single,proximal,proximal,343,0.5,10.649999999999999,,6,12,Branch,1,1,,0.513896517804298,1.0,1.0,25.174999999999105,NX16_2_P20,P20,,,
single,intermediate,intermediate,415,0.5,23.7,,7,13,High,1,1,,0.47192865684414187,0.918334023473305,1.0,25.849999999999067,NX16_2_P20,P20,,,
single,distal,distal,565,0.5,39.85,,11,13,High,1,1,,0.4261423803851585,0.8292377270932239,1.0,26.774999999999014,NX16_2_P20,P20,,,
temporal,distal,distal,565,0.5,39.85,,11,13,High,1,2,2.0,0.8242339212481511,1.6038908470713469,0.9670874796625334,27.974999999998946,NX16_2_P20,P20,,,
temporal,distal,distal,565,0.5,39.85,,11,13,High,1,2,5.0,0.774734794711037,1.5075696523907394,0.9090093245487714,30.39999999999881,NX16_2_P20,P20,,,
temporal,distal,distal,565,0.5,39.85,,11,13,High,1,2,10.0,0.6581730747075198,1.2807502131356439,0.772245504087913,35.474999999999504,NX16_2_P20,P20,,,
temporal,distal,distal,565,0.5,39.85,,11,13,High,1,2,20.0,0.5121540196188903,0.9966092430576241,0.6009188984629882,46.17500000000194,NX16_2_P20,P20,,,
temporal,distal,distal,565,0.5,39.85,,11,13,High,1,2,50.0,0.430452761116058,0.8376253704836019,0.5050574419833621,76.75000000000888,NX16_2_P20,P20,,,
spatial,distributed,,,0.5,0.25,,,,mixed,1,1,0.0,0.5456951474437943,1.0618774958339101,1.0,24.599999999999138,NX16_2_P20,P20,0.5456951474437943,105,0.545695147444
spatial,distributed,,,0.5,4.2,,,,mixed,2,2,0.0,1.0421154141021134,2.027870160620492,0.9928252104407042,24.999999999999115,NX16_2_P20,P20,1.0496464061781126,105;197,0.545695147444;0.503951258734
spatial,distributed,,,0.5,8.887500000000001,,,,mixed,4,4,0.0,2.062160702188592,4.012793686556763,0.9838181118534466,24.974999999999117,NX16_2_P20,P20,2.096079221700464,105;197;334;70,0.545695147444;0.503951258734;0.513320249709;0.533112565813
spatial,distributed,,,0.5,16.400000000000002,,,,mixed,8,8,0.0,3.7848773797543345,7.365057455391614,0.9630014007885487,25.549999999999084,NX16_2_P20,P20,3.930292704304591,105;197;334;70;575;627;24;456,0.545695147444;0.503951258734;0.513320249709;0.533112565813;0.436167422794;0.431284967473;0.521147065249;0.445614027088
single,proximal,proximal,319,0.5,8.000000000000002,11.320822125141914,3,14,High,1,1,,0.2945431545475117,1.0,1.0,23.224999999999216,NX18_15_P50,P50,,,
single,intermediate,intermediate,404,0.5,17.200000000000003,6.729623513061048,6,18,Branch,1,1,,0.2975419909353576,1.0101813141522602,1.0,23.199999999999218,NX18_15_P50,P50,,,
single,distal,distal,528,0.5,28.75,23.649126032217804,14,21,High,1,1,,0.23915670820485957,0.811958127399909,1.0,23.69999999999919,NX18_15_P50,P50,,,
temporal,distal,distal,528,0.5,28.75,23.649126032217804,14,21,High,1,2,2.0,0.44277420954635716,1.503257511540418,0.9256989127962921,25.024999999999114,NX18_15_P50,P50,,,
temporal,distal,distal,528,0.5,28.75,23.649126032217804,14,21,High,1,2,5.0,0.35442554374311896,1.203305995305173,0.7409901783719174,27.974999999998946,NX18_15_P50,P50,,,
temporal,distal,distal,528,0.5,28.75,23.649126032217804,14,21,High,1,2,10.0,0.26804624932489673,0.9100406686982065,0.5603987681066647,33.449999999999044,NX18_15_P50,P50,,,
temporal,distal,distal,528,0.5,28.75,23.649126032217804,14,21,High,1,2,20.0,0.24046815029747393,0.8164105890251979,0.502741804949688,43.67500000000137,NX18_15_P50,P50,,,
temporal,distal,distal,528,0.5,28.75,23.649126032217804,14,21,High,1,2,50.0,0.23915677759976006,0.8119583630017195,0.500000145082488,73.70000000000819,NX18_15_P50,P50,,,
spatial,distributed,,,0.5,0.45,,,,mixed,1,1,0.0,0.32527441289573744,1.1043353338000208,1.0,22.99999999999923,NX18_15_P50,P50,0.32527441289573744,73,0.325274412896
spatial,distributed,,,0.5,2.7750000000000004,,,,mixed,2,2,0.0,0.6403148765712956,2.1739255069599954,0.9966157358334844,23.024999999999228,NX18_15_P50,P50,0.6424892298492466,73;22,0.325274412896;0.317214816954
spatial,distributed,,,0.5,6.5875,,,,mixed,4,4,0.0,1.2488182027132666,4.239847993180314,0.9901429259963821,23.049999999999226,NX18_15_P50,P50,1.2612504416537433,73;22;104;41,0.325274412896;0.317214816954;0.318219224562;0.300541987243
spatial,distributed,,,0.5,11.931249999999999,,,,mixed,8,8,0.0,2.3082095865127314,7.836575221239449,0.9796437035555499,23.199999999999218,NX18_15_P50,P50,2.356172533070179,73;22;104;41;423;128;323;163,0.325274412896;0.317214816954;0.318219224562;0.300541987243;0.288192658349;0.297424947505;0.258826127389;0.250478358174
single,proximal,proximal,367,0.5,5.1000000000000005,7.264302244665135,3,15,Branch,1,1,,1.45734097011983,1.0,1.0,28.049999999998942,NX22_1_P10,P10,,,
single,intermediate,intermediate,315,0.5,13.9,17.852566534952548,7,11,Branch,1,1,,1.4476061221661496,0.9933201301869116,1.0,28.09999999999894,NX22_1_P10,P10,,,
single,distal,distal,111,0.5,24.9,21.19818440968746,15,3,High,1,1,,1.4243437248481001,0.9773579100922299,1.0,28.44999999999892,NX22_1_P10,P10,,,
temporal,distal,distal,111,0.5,24.9,21.19818440968746,15,3,High,1,2,2.0,2.7775758556631587,1.9059203800705418,0.9750370669689912,29.624999999998852,NX22_1_P10,P10,,,
temporal,distal,distal,111,0.5,24.9,21.19818440968746,15,3,High,1,2,5.0,2.722817058955215,1.8683459223213432,0.95581460129843,31.94999999999872,NX22_1_P10,P10,,,
temporal,distal,distal,111,0.5,24.9,21.19818440968746,15,3,High,1,2,10.0,2.557296797908222,1.7547690282102946,0.8977105572536385,36.749999999999794,NX22_1_P10,P10,,,
temporal,distal,distal,111,0.5,24.9,21.19818440968746,15,3,High,1,2,20.0,2.2349531096807596,1.5335828440320252,0.7845553958259294,47.050000000002136,NX22_1_P10,P10,,,
temporal,distal,distal,111,0.5,24.9,21.19818440968746,15,3,High,1,2,50.0,1.7156928725032117,1.1772762227100075,0.6022748731827996,77.87500000000914,NX22_1_P10,P10,,,
spatial,distributed,,,0.5,0.35,,,,mixed,1,1,0.0,1.4630621112733593,1.0039257395975485,1.0,27.999999999998945,NX22_1_P10,P10,1.4630621112733593,265,1.46306211127
spatial,distributed,,,0.5,1.8499999999999999,,,,mixed,2,2,0.0,2.888369542559289,1.9819449269458145,0.9883404678668829,27.999999999998945,NX22_1_P10,P10,2.9224438707778546,265;56,1.46306211127;1.4593817595
spatial,distributed,,,0.5,4.275,,,,mixed,4,4,0.0,5.632168728790688,3.8646883908901444,0.9667821473511019,28.024999999998943,NX22_1_P10,P10,5.825685491009878,265;56;144;359,1.46306211127;1.4593817595;1.44856624371;1.45467537652
spatial,distributed,,,0.5,8.99375,,,,mixed,8,8,0.0,10.73372179320279,7.365278279605498,0.9249014369929383,27.949999999998948,NX22_1_P10,P10,11.605260154098715,265;56;144;359;351;336;27;127,1.46306211127;1.4593817595;1.44856624371;1.45467537652;1.45159576673;1.44861506775;1.44639476474;1.43296906386
single,proximal,proximal,170,0.5,5.950000000000001,,4,5,Branch,1,1,,0.9369085884201382,1.0,1.0,27.874999999998952,NX22_4_P10,P10,,,
single,intermediate,intermediate,204,0.5,16.849999999999998,,7,7,Branch,1,1,,0.9260029020006044,0.9883599248055528,1.0,28.049999999998942,NX22_4_P10,P10,,,
single,distal,distal,26,0.5,30.4,,13,1,High,1,1,,0.900629294919554,0.9612776593693519,1.0,28.724999999998904,NX22_4_P10,P10,,,
temporal,distal,distal,26,0.5,30.4,,13,1,High,1,2,2.0,1.7600551505826871,1.8785772404441072,0.9771251948560582,29.899999999998837,NX22_4_P10,P10,,,
temporal,distal,distal,26,0.5,30.4,,13,1,High,1,2,5.0,1.7269902173498082,1.8432857150577997,0.9587686227239957,32.24999999999877,NX22_4_P10,P10,,,
temporal,distal,distal,26,0.5,30.4,,13,1,High,1,2,10.0,1.6225840103985405,1.7318487955528534,0.9008057030520381,37.02499999999986,NX22_4_P10,P10,,,
temporal,distal,distal,26,0.5,30.4,,13,1,High,1,2,20.0,1.4174032832745098,1.5128512010596527,0.7868960577176846,47.3250000000022,NX22_4_P10,P10,,,
temporal,distal,distal,26,0.5,30.4,,13,1,High,1,2,50.0,1.086399812113413,1.1595579606601263,0.6031337300717341,78.1500000000092,NX22_4_P10,P10,,,
spatial,distributed,,,0.5,0.35,,,,mixed,1,1,0.0,0.941927068915092,1.0053564249031126,1.0,27.799999999998956,NX22_4_P10,P10,0.941927068915092,522,0.941927068915
spatial,distributed,,,0.5,1.95,,,,mixed,2,2,0.0,1.8655265723528203,1.9911511063193088,0.9922109083207282,27.824999999998955,NX22_4_P10,P10,1.8801713997582823,522;253,0.941927068915;0.938244330843
spatial,distributed,,,0.5,5.5,,,,mixed,4,4,0.0,3.657091758531024,3.903360267726645,0.978059831788024,27.89999999999895,NX22_4_P10,P10,3.739128875015112,522;253;102;167,0.941927068915;0.938244330843;0.925527026162;0.933430449095
spatial,distributed,,,0.5,11.162500000000001,,,,mixed,8,8,0.0,7.070110742809007,7.546211903907273,0.9517312004250282,27.949999999998948,NX22_4_P10,P10,7.428684422294452,522;253;102;167;391;493;222;328,0.941927068915;0.938244330843;0.925527026162;0.933430449095;0.923434534618;0.915123594794;0.925367842865;0.925629575002
single,proximal,proximal,104,0.5,10.749999999999998,15.444375077722658,2,5,Branch,1,1,,0.2365618135324894,1.0,1.0,22.79999999999924,NX30_15_P50,P50,,,
single,intermediate,intermediate,421,0.5,29.25,29.875896269055445,11,21,Branch,1,1,,0.16822236074375496,0.7111137602124077,1.0,23.5249999999992,NX30_15_P50,P50,,,
single,distal,distal,194,0.5,46.14999999999999,43.243323703805444,15,11,Branch,1,1,,0.10463009772104215,0.44229495943846514,1.0,24.299999999999155,NX30_15_P50,P50,,,
temporal,distal,distal,194,0.5,46.14999999999999,43.243323703805444,15,11,Branch,1,2,2.0,0.19497086941416342,0.8241857233960802,0.9317150306691955,25.574999999999083,NX30_15_P50,P50,,,
temporal,distal,distal,194,0.5,46.14999999999999,43.243323703805444,15,11,Branch,1,2,5.0,0.15767444539839914,0.666525349311055,0.7534851291966692,28.44999999999892,NX30_15_P50,P50,,,
temporal,distal,distal,194,0.5,46.14999999999999,43.243323703805444,15,11,Branch,1,2,10.0,0.11812198679083963,0.49932820951517076,0.5644742256944492,33.99999999999917,NX30_15_P50,P50,,,
temporal,distal,distal,194,0.5,46.14999999999999,43.243323703805444,15,11,Branch,1,2,20.0,0.10524582976482577,0.444897797295468,0.5029424231516311,44.30000000000151,NX30_15_P50,P50,,,
temporal,distal,distal,194,0.5,46.14999999999999,43.243323703805444,15,11,Branch,1,2,50.0,0.10463013072102001,0.44229509893679486,0.5000001576983037,74.30000000000832,NX30_15_P50,P50,,,
spatial,distributed,,,0.5,0.5,,,,mixed,1,1,0.0,0.2594354601571922,1.0966920496725112,1.0,22.599999999999252,NX30_15_P50,P50,0.2594354601571922,541,0.259435460157
spatial,distributed,,,0.5,3.9499999999999997,,,,mixed,2,2,0.0,0.5101639815713099,2.1565779106662286,0.9971086267915088,22.62499999999925,NX30_15_P50,P50,0.5116433333977994,541;366,0.259435460157;0.252207873241
spatial,distributed,,,0.5,9.8875,,,,mixed,4,4,0.0,0.9565383336891955,4.043502708258637,0.9912472128299894,22.749999999999243,NX30_15_P50,P50,0.9649846388554266,541;366;520;397,0.259435460157;0.252207873241;0.215140477846;0.238200827612
spatial,distributed,,,0.5,19.418750000000003,,,,mixed,8,8,0.0,1.622023784639154,6.856659409302277,0.9748761205009285,23.024999999999228,NX30_15_P50,P50,1.6638255369366277,541;366;520;397;717;70;843;38,0.259435460157;0.252207873241;0.215140477846;0.238200827612;0.180821503052;0.190907409352;0.133974059898;0.193137925779
single,proximal,proximal,115,0.5,10.05,15.048146751764062,4,7,Branch,1,1,,0.21747036630944194,1.0,1.0,23.424999999999205,NX30_16_P50,P50,,,
single,intermediate,intermediate,411,0.5,25.049999999999997,13.176246323931652,12,10,High,1,1,,0.28716095456532287,1.3204601594164656,1.0,22.924999999999233,NX30_16_P50,P50,,,
single,distal,distal,176,0.5,38.5,32.48774583470251,17,7,High,1,1,,0.15101482614774397,0.694415651707059,1.0,24.22499999999916,NX30_16_P50,P50,,,
temporal,distal,distal,176,0.5,38.5,32.48774583470251,17,7,High,1,2,2.0,0.2803881984216048,1.2893168075260244,0.9283465920998033,25.499999999999087,NX30_16_P50,P50,,,
temporal,distal,distal,176,0.5,38.5,32.48774583470251,17,7,High,1,2,5.0,0.22549735501060297,1.0369107241477642,0.7466066768503568,28.399999999998922,NX30_16_P50,P50,,,
temporal,distal,distal,176,0.5,38.5,32.48774583470251,17,7,High,1,2,10.0,0.1697287479959897,0.7804683961146229,0.5619605449531727,33.92499999999915,NX30_16_P50,P50,,,
temporal,distal,distal,176,0.5,38.5,32.48774583470251,17,7,High,1,2,20.0,0.1518653505494001,0.6983266415862313,0.5028160294699278,44.20000000000149,NX30_16_P50,P50,,,
temporal,distal,distal,176,0.5,38.5,32.48774583470251,17,7,High,1,2,50.0,0.15101487116646695,0.6944158587178979,0.500000149053984,74.22500000000831,NX30_16_P50,P50,,,
spatial,distributed,,,0.5,0.55,,,,mixed,1,1,0.0,0.3384504763765932,1.5563061860805751,1.0,22.574999999999253,NX30_16_P50,P50,0.3384504763765932,566,0.338450476377
spatial,distributed,,,0.5,3.7249999999999996,,,,mixed,2,2,0.0,0.661616896830509,3.042331275099266,0.996239146932306,22.62499999999925,NX30_16_P50,P50,0.6641145340130521,566;33,0.338450476377;0.325664057636
spatial,distributed,,,0.5,9.087499999999999,,,,mixed,4,4,0.0,1.250078691879338,5.748271422417994,0.9895888419353968,22.724999999999245,NX30_16_P50,P50,1.2632303830694838,566;33;425;581,0.338450476377;0.325664057636;0.2936677197;0.305448129357
spatial,distributed,,,0.5,17.018749999999997,,,,mixed,8,8,0.0,2.0596917729094315,9.47113764446722,0.9712600490181259,23.024999999999228,NX30_16_P50,P50,2.1206388289023437,566;33;425;581;205;374;161;811,0.338450476377;0.325664057636;0.2936677197;0.305448129357;0.187297988384;0.271960062885;0.161026623684;0.23712377088
single,proximal,proximal,585,0.5,11.750000000000002,8.87793742977426,6,13,Branch,1,1,,0.4092683842750091,1.0,1.0,23.024999999999228,NX34_1_P50,P50,,,
single,intermediate,intermediate,138,0.5,25.200000000000003,22.229491538919675,6,5,Branch,1,1,,0.3455134871276613,0.8442222766356965,1.0,23.399999999999206,NX34_1_P50,P50,,,
single,distal,distal,40,0.5,42.75,39.02112263163118,14,1,High,1,1,,0.34793008090954913,0.8501269442688162,1.0,23.374999999999208,NX34_1_P50,P50,,,
temporal,distal,distal,40,0.5,42.75,39.02112263163118,14,1,High,1,2,2.0,0.636982402874068,1.5563928887457035,0.9153885188783999,24.74999999999913,NX34_1_P50,P50,,,
temporal,distal,distal,40,0.5,42.75,39.02112263163118,14,1,High,1,2,5.0,0.5109547723890984,1.2484589380003532,0.7342779489680435,27.72499999999896,NX34_1_P50,P50,,,
temporal,distal,distal,40,0.5,42.75,39.02112263163118,14,1,High,1,2,10.0,0.38898435799856657,0.9504383259108218,0.5589978839738353,33.149999999998975,NX34_1_P50,P50,,,
temporal,distal,distal,40,0.5,42.75,39.02112263163118,14,1,High,1,2,20.0,0.34979929401600884,0.8546941504794081,0.5026861907162112,43.3750000000013,NX34_1_P50,P50,,,
temporal,distal,distal,40,0.5,42.75,39.02112263163118,14,1,High,1,2,50.0,0.34793018053153446,0.8501271876836246,0.5000001431638004,73.37500000000811,NX34_1_P50,P50,,,
spatial,distributed,,,0.5,0.35,,,,mixed,1,1,0.0,0.4635407412811219,1.1326082323760545,1.0,22.749999999999243,NX34_1_P50,P50,0.4635407412811219,610,0.463540741281
spatial,distributed,,,0.5,4.25,,,,mixed,2,2,0.0,0.8753847173443035,2.1389013932629743,0.9944900307743745,22.849999999999238,NX34_1_P50,P50,0.8802347839150002,610;6,0.463540741281;0.416694042634
spatial,distributed,,,0.5,9.625,,,,mixed,4,4,0.0,1.6318375969759558,3.987206585396632,0.9868848214885542,22.97499999999923,NX34_1_P50,P50,1.6535238575405344,610;6;550;179,0.463540741281;0.416694042634;0.398115655669;0.375173417956
spatial,distributed,,,0.5,17.525,,,,mixed,8,8,0.0,2.9819190508401334,7.285974596162366,0.9668929551749387,23.124999999999222,NX34_1_P50,P50,3.0840219021976623,610;6;550;179;72;439;444;452,0.463540741281;0.416694042634;0.398115655669;0.375173417956;0.382472626384;0.354027879098;0.35118680369;0.342810735485
single,proximal,proximal,161,0.5,7.349999999999999,11.060154769682205,6,11,Branch,1,1,,0.3698648179698125,1.0,1.0,23.199999999999218,NX34_2_P50,P50,,,
single,intermediate,intermediate,197,0.5,18.6,18.723964951782868,9,11,High,1,1,,0.33244820517444396,0.8988370588996588,1.0,23.424999999999205,NX34_2_P50,P50,,,
single,distal,distal,25,0.5,31.550000000000008,12.505093207119284,17,1,High,1,1,,0.35782167053842784,0.9674390565247879,1.0,23.249999999999215,NX34_2_P50,P50,,,
temporal,distal,distal,25,0.5,31.550000000000008,12.505093207119284,17,1,High,1,2,2.0,0.6578266190860091,1.778559590222229,0.9192101446736757,24.599999999999138,NX34_2_P50,P50,,,
temporal,distal,distal,25,0.5,31.550000000000008,12.505093207119284,17,1,High,1,2,5.0,0.5265860961811768,1.4237258333236644,0.7358219743773522,27.57499999999897,NX34_2_P50,P50,,,
temporal,distal,distal,25,0.5,31.550000000000008,12.505093207119284,17,1,High,1,2,10.0,0.4002489490969907,1.0821492871205125,0.5592855073516383,32.99999999999894,NX34_2_P50,P50,,,
temporal,distal,distal,25,0.5,31.550000000000008,12.505093207119284,17,1,High,1,2,20.0,0.359750914167833,0.9726551342258106,0.5026958172020467,43.225000000001266,NX34_2_P50,P50,,,
temporal,distal,distal,25,0.5,31.550000000000008,12.505093207119284,17,1,High,1,2,50.0,0.35782177275059723,0.9674393328748607,0.5000001428255718,73.25000000000809,NX34_2_P50,P50,,,
spatial,distributed,,,0.5,0.1,,,,mixed,1,1,0.0,0.42204431708358925,1.1410772168063725,1.0,22.874999999999236,NX34_2_P50,P50,0.42204431708358925,754,0.422044317084
spatial,distributed,,,0.5,2.275,,,,mixed,2,2,0.0,0.8228715502104933,2.2247900049732605,0.9955369852566017,22.924999999999233,NX34_2_P50,P50,0.8265605019168589,754;59,0.422044317084;0.404516184833
spatial,distributed,,,0.5,6.237500000000001,,,,mixed,4,4,0.0,1.601657511114169,4.330386220310612,0.9850209035602225,22.949999999999232,NX34_2_P50,P50,1.626013727551566,754;59;277;269,0.422044317084;0.404516184833;0.402624598623;0.396828627011
spatial,distributed,,,0.5,12.35625,,,,mixed,8,8,0.0,3.020117896927644,8.165464110658233,0.9691818397973433,23.024999999999228,NX34_2_P50,P50,3.1161519674771796,754;59;277;269;540;254;300;368,0.422044317084;0.404516184833;0.402624598623;0.396828627011;0.340862222786;0.390551997821;0.367772837467;0.390951181852
single,proximal,proximal,269,0.5,7.499999999999999,7.219492577840524,4,15,High,1,1,,0.38123466333517797,1.0,1.0,23.049999999999226,NX44_28_P50,P50,,,
single,intermediate,intermediate,234,0.5,20.9,17.086403862100475,11,13,Branch,1,1,,0.3854403631156629,1.0110317874657355,1.0,22.99999999999923,NX44_28_P50,P50,,,
single,distal,distal,470,0.5,36.849999999999994,33.41512693913613,16,16,Branch,1,1,,0.21652459876884222,0.5679562211751868,1.0,24.19999999999916,NX44_28_P50,P50,,,
temporal,distal,distal,470,0.5,36.849999999999994,33.41512693913613,16,16,Branch,1,2,2.0,0.40255982189884776,1.0559370923333928,0.9295937371268689,25.499999999999087,NX44_28_P50,P50,,,
temporal,distal,distal,470,0.5,36.849999999999994,33.41512693913613,16,16,Branch,1,2,5.0,0.323402695043427,0.8483034890221783,0.7468035892510437,28.399999999998922,NX44_28_P50,P50,,,
temporal,distal,distal,470,0.5,36.849999999999994,33.41512693913613,16,16,Branch,1,2,10.0,0.24336654437276195,0.6383641567209651,0.5619835939115991,33.92499999999915,NX44_28_P50,P50,,,
temporal,distal,distal,470,0.5,36.849999999999994,33.41512693913613,16,16,Branch,1,2,20.0,0.21774219521728355,0.5711500452566315,0.5028116815718966,44.17500000000148,NX44_28_P50,P50,,,
temporal,distal,distal,470,0.5,36.849999999999994,33.41512693913613,16,16,Branch,1,2,50.0,0.21652466349848964,0.5679563909646987,0.5000001494741193,74.2000000000083,NX44_28_P50,P50,,,
spatial,distributed,,,0.5,0.3,,,,mixed,1,1,0.0,0.4208762810179678,1.1039821965190435,1.0,22.82499999999924,NX44_28_P50,P50,0.4208762810179678,52,0.420876281018
spatial,distributed,,,0.5,2.85,,,,mixed,2,2,0.0,0.8334981235412897,2.1863125358264863,0.9954657710607447,22.82499999999924,NX44_28_P50,P50,0.8372946089880458,52;6,0.420876281018;0.41641832797
spatial,distributed,,,0.5,6.5875,,,,mixed,4,4,0.0,1.5441610869734603,4.050421526375865,0.9862148608499535,22.949999999999232,NX44_28_P50,P50,1.565745101065147,52;6;343;631,0.420876281018;0.41641832797;0.394890361883;0.333560130194
spatial,distributed,,,0.5,14.0125,,,,mixed,8,8,0.0,2.725251824098578,7.148489070372286,0.9692688767416753,23.17499999999922,NX44_28_P50,P50,2.8116572083278584,52;6;343;631;629;525;76;719,0.420876281018;0.41641832797;0.394890361883;0.333560130194;0.323456698744;0.271927514506;0.387990484213;0.2625374098
single,proximal,proximal,360,0.5,6.000000000000001,,4,17,High,1,1,,0.5135269736601913,1.0,1.0,23.199999999999218,NX45_low_P50,P50,,,
single,intermediate,intermediate,198,0.5,16.299999999999997,,7,12,Branch,1,1,,0.47460374006399775,0.9242041108011014,1.0,23.374999999999208,NX45_low_P50,P50,,,
single,distal,distal,33,0.5,26.3,,4,4,High,1,1,,0.4969694601868184,0.9677572662729704,1.0,23.249999999999215,NX45_low_P50,P50,,,
temporal,distal,distal,33,0.5,26.3,,4,4,High,1,2,2.0,0.9161098978825208,1.7839567245180872,0.9216963729905466,24.57499999999914,NX45_low_P50,P50,,,
temporal,distal,distal,33,0.5,26.3,,4,4,High,1,2,5.0,0.734211581872799,1.4297429726809991,0.7386888337130391,27.54999999999897,NX45_low_P50,P50,,,
temporal,distal,distal,33,0.5,26.3,,4,4,High,1,2,10.0,0.5565557043923093,1.083790595117971,0.5599496035260311,32.99999999999894,NX45_low_P50,P50,,,
temporal,distal,distal,33,0.5,26.3,,4,4,High,1,2,20.0,0.4996746190945629,0.9730250692249036,0.5027216550758749,43.225000000001266,NX45_low_P50,P50,,,
temporal,distal,distal,33,0.5,26.3,,4,4,High,1,2,50.0,0.49696960385279,0.9677575460362136,0.5000001445420524,73.25000000000809,NX45_low_P50,P50,,,
spatial,distributed,,,0.5,0.55,,,,mixed,1,1,0.0,0.5318617506849819,1.0357036299264057,1.0,23.124999999999222,NX45_low_P50,P50,0.5318617506849819,72,0.531861750685
spatial,distributed,,,0.5,2.2500000000000004,,,,mixed,2,2,0.0,1.0477453181109553,2.0402926659199494,0.9945736003694053,23.124999999999222,NX45_low_P50,P50,1.0534618229578996,72;68,0.531861750685;0.521600072273
spatial,distributed,,,0.5,5.525,,,,mixed,4,4,0.0,1.999161382961944,3.893001702934537,0.9848761427651732,23.199999999999218,NX45_low_P50,P50,2.029860706493537,72;68;254;165,0.531861750685;0.521600072273;0.510419427019;0.465979456516
spatial,distributed,,,0.5,11.024999999999999,,,,mixed,8,8,0.0,3.8076438901760525,7.414691117463343,0.965089986125473,23.249999999999215,NX45_low_P50,P50,3.9453770580114735,72;68;254;165;26;172;154;132,0.531861750685;0.521600072273;0.510419427019;0.465979456516;0.511658406969;0.460033628067;0.449340258992;0.494484057489
single,proximal,proximal,581,0.5,12.7,12.346184786587202,5,8,Branch,1,1,,0.3636617471300525,1.0,1.0,22.97499999999923,NX45_up_P50,P50,,,
single,intermediate,intermediate,308,0.5,26.099999999999998,23.72574884594644,12,6,High,1,1,,0.33937949733631,0.9332284740273805,1.0,23.049999999999226,NX45_up_P50,P50,,,
single,distal,distal,428,0.5,38.85000000000001,37.63280165100167,15,7,High,1,1,,0.23523275995424342,0.6468449371171272,1.0,23.87499999999918,NX45_up_P50,P50,,,
temporal,distal,distal,428,0.5,38.85000000000001,37.63280165100167,15,7,High,1,2,2.0,0.43475287591265044,1.1954869582617234,0.9240908366615622,25.199999999999104,NX45_up_P50,P50,,,
temporal,distal,distal,428,0.5,38.85000000000001,37.63280165100167,15,7,High,1,2,5.0,0.3484313379766917,0.9581192982942082,0.7406097221417357,28.149999999998936,NX45_up_P50,P50,,,
temporal,distal,distal,428,0.5,38.85000000000001,37.63280165100167,15,7,High,1,2,10.0,0.2635942615010691,0.7248336224013209,0.5602839110342082,33.62499999999908,NX45_up_P50,P50,,,
temporal,distal,distal,428,0.5,38.85000000000001,37.63280165100167,15,7,High,1,2,20.0,0.23652007548328413,0.6503848077227105,0.5027362590340119,43.875000000001414,NX45_up_P50,P50,,,
temporal,distal,distal,428,0.5,38.85000000000001,37.63280165100167,15,7,High,1,2,50.0,0.23523282854209526,0.6468451257205544,0.5000001457872021,73.87500000000823,NX45_up_P50,P50,,,
spatial,distributed,,,0.5,0.4,,,,mixed,1,1,0.0,0.41442417700808676,1.13958693835313,1.0,22.674999999999248,NX45_up_P50,P50,0.41442417700808676,143,0.414424177008
spatial,distributed,,,0.5,5.025,,,,mixed,2,2,0.0,0.8168249383093524,2.2461117913983952,0.9954700464866435,22.674999999999248,NX45_up_P50,P50,0.8205419552222679,143;34,0.414424177008;0.406117778214
spatial,distributed,,,0.5,10.2375,,,,mixed,4,4,0.0,1.4999119006200488,4.124469819707628,0.9847672258247887,22.82499999999924,NX45_up_P50,P50,1.5231131391114303,143;34;302;337,0.414424177008;0.406117778214;0.359050299204;0.343520884685
spatial,distributed,,,0.5,18.012500000000003,,,,mixed,8,8,0.0,2.602121667876432,7.155335111300179,0.9704096626812816,23.074999999999225,NX45_up_P50,P50,2.6814671864320303,143;34;302;337;587;467;288;514,0.414424177008;0.406117778214;0.359050299204;0.343520884685;0.360320543613;0.266295237265;0.272274420173;0.25946384627
single,proximal,proximal,54,0.5,11.05,16.245778813774763,3,9,Branch,1,1,,0.4343753195585407,1.0,1.0,22.749999999999243,NX48_8_P50,P50,,,
single,intermediate,intermediate,244,0.5,27.95,24.168193758511926,8,15,High,1,1,,0.24718613057430616,0.5690611769230433,1.0,23.84999999999918,NX48_8_P50,P50,,,
single,distal,distal,317,0.5,46.4,33.26324284444391,13,15,High,1,1,,0.21331132941423903,0.49107608054488255,1.0,24.099999999999167,NX48_8_P50,P50,,,
temporal,distal,distal,317,0.5,46.4,33.26324284444391,13,15,High,1,2,2.0,0.3950780198808843,0.9095314629809204,0.9260596260071687,25.374999999999094,NX48_8_P50,P50,,,
temporal,distal,distal,317,0.5,46.4,33.26324284444391,13,15,High,1,2,5.0,0.31915486799896087,0.7347444793210642,0.7480963830551621,28.27499999999893,NX48_8_P50,P50,,,
temporal,distal,distal,317,0.5,46.4,33.26324284444391,13,15,High,1,2,10.0,0.24004970251341717,0.5526320021067995,0.5626745264131134,33.79999999999912,NX48_8_P50,P50,,,
temporal,distal,distal,317,0.5,46.4,33.26324284444391,13,15,High,1,2,20.0,0.2145272755688694,0.49387537898537903,0.5028501677758266,44.07500000000146,NX48_8_P50,P50,,,
temporal,distal,distal,317,0.5,46.4,33.26324284444391,13,15,High,1,2,50.0,0.21331139426540346,0.49107622984241744,0.5000001520105956,74.10000000000828,NX48_8_P50,P50,,,
spatial,distributed,,,0.5,0.45,,,,mixed,1,1,0.0,0.4490452268421734,1.0337724235772463,1.0,22.699999999999246,NX48_8_P50,P50,0.4490452268421734,43,0.449045226842
spatial,distributed,,,0.5,4.199999999999999,,,,mixed,2,2,0.0,0.8831462746476859,2.0331410070563747,0.9951251482209509,22.724999999999245,NX48_8_P50,P50,0.8874725718936389,43;14,0.449045226842;0.438427345051
spatial,distributed,,,0.5,9.524999999999999,,,,mixed,4,4,0.0,1.504027198273178,3.4625061106181945,0.9814122189018243,22.97499999999923,NX48_8_P50,P50,1.532513218508882,43;14;111;219,0.449045226842;0.438427345051;0.377198498391;0.267842148224
spatial,distributed,,,0.5,18.924999999999997,,,,mixed,8,8,0.0,2.6139331066693785,6.017683300529001,0.9620974500545105,23.199999999999218,NX48_8_P50,P50,2.716910960029338,43;14;111;219;86;374;193;113,0.449045226842;0.438427345051;0.377198498391;0.267842148224;0.359799911977;0.221512003212;0.241108696748;0.361977129583
single,proximal,proximal,309,0.5,8.25,,4,9,High,1,1,,0.4817141595242873,1.0,1.0,25.549999999999084,NX57_11_P20,P20,,,
single,intermediate,intermediate,251,0.5,21.35,,8,9,High,1,1,,0.45004849942353076,0.9342646266988961,1.0,26.199999999999047,NX57_11_P20,P20,,,
single,distal,distal,398,0.5,32.3,,10,12,Branch,1,1,,0.4571304314370366,0.9489661501511016,1.0,25.97499999999906,NX57_11_P20,P20,,,
temporal,distal,distal,398,0.5,32.3,,10,12,Branch,1,2,2.0,0.8841703460333861,1.8354667982077606,0.9670876026060062,27.19999999999899,NX57_11_P20,P20,,,
temporal,distal,distal,398,0.5,32.3,,10,12,Branch,1,2,5.0,0.8284624971815759,1.719821767331309,0.9061554867143922,29.67499999999885,NX57_11_P20,P20,,,
temporal,distal,distal,398,0.5,32.3,,10,12,Branch,1,2,10.0,0.7030340138023377,1.459442285227017,0.7689643539944145,34.774999999999345,NX57_11_P20,P20,,,
temporal,distal,distal,398,0.5,32.3,,10,12,Branch,1,2,20.0,0.5484323415286099,1.1385016003478277,0.5998641785940134,45.425000000001766,NX57_11_P20,P20,,,
temporal,distal,distal,398,0.5,32.3,,10,12,Branch,1,2,50.0,0.461716542476708,0.9584865492280157,0.5050161952960062,75.9250000000087,NX57_11_P20,P20,,,
spatial,distributed,,,0.5,0.4,,,,mixed,1,1,0.0,0.5015533469024689,1.0411845634717767,1.0,25.174999999999105,NX57_11_P20,P20,0.5015533469024689,211,0.501553346902
spatial,distributed,,,0.5,2.875,,,,mixed,2,2,0.0,0.9910368747137284,2.0573131495499704,0.9953711865754011,25.2499999999991,NX57_11_P20,P20,0.9956455321189424,211;209,0.501553346902;0.494092185216
spatial,distributed,,,0.5,7.1,,,,mixed,4,4,0.0,1.9430995310693504,4.033718944421816,0.9867723010863234,25.324999999999097,NX57_11_P20,P20,1.9691468122181988,211;209;558;59,0.501553346902;0.494092185216;0.495359853671;0.478141426428
spatial,distributed,,,0.5,13.90625,,,,mixed,8,8,0.0,3.7023512427556113,7.685784545780918,0.9698266787748953,25.59999999999908,NX57_11_P20,P20,3.817539075572242,211;209;558;59;57;281;199;638,0.501553346902;0.494092185216;0.495359853671;0.478141426428;0.47478476104;0.45250899299;0.481172174926;0.439926334398
single,proximal,proximal,627,0.5,7.85,8.757785759311197,2,15,High,1,1,,0.6769290069323262,1.0,1.0,27.624999999998966,NX5_22_P10,P10,,,
single,intermediate,intermediate,132,0.5,18.7,11.350455330706133,11,2,Branch,1,1,,0.6523000637592133,0.9636166526756993,1.0,28.62499999999891,NX5_22_P10,P10,,,
single,distal,distal,569,0.5,35.050000000000004,22.376808045436082,11,13,Branch,1,1,,0.6314412383260759,0.9328027486776058,1.0,29.399999999998865,NX5_22_P10,P10,,,
temporal,distal,distal,569,0.5,35.050000000000004,22.376808045436082,11,13,Branch,1,2,2.0,1.2354075366790767,1.8250178734068971,0.9782442622484476,30.5749999999988,NX5_22_P10,P10,,,
temporal,distal,distal,569,0.5,35.050000000000004,22.376808045436082,11,13,Branch,1,2,5.0,1.2125259162413187,1.7912157756929112,0.9601256955086381,32.89999999999892,NX5_22_P10,P10,,,
temporal,distal,distal,569,0.5,35.050000000000004,22.376808045436082,11,13,Branch,1,2,10.0,1.1399255835482052,1.6839662237463635,0.9026378975263794,37.65,NX5_22_P10,P10,,,
temporal,distal,distal,569,0.5,35.050000000000004,22.376808045436082,11,13,Branch,1,2,20.0,0.9955620355851806,1.4707037597588262,0.7883251640519818,47.975000000002346,NX5_22_P10,P10,,,
temporal,distal,distal,569,0.5,35.050000000000004,22.376808045436082,11,13,Branch,1,2,50.0,0.7623133320334432,1.1261348298369684,0.6036296695273686,78.80000000000935,NX5_22_P10,P10,,,
spatial,distributed,,,0.5,0.5,,,,mixed,1,1,0.0,0.6803640149325787,1.0050743991837772,1.0,27.599999999998968,NX5_22_P10,P10,0.6803640149325787,664,0.680364014933
spatial,distributed,,,0.5,3.025,,,,mixed,2,2,0.0,1.344666808646224,1.9864222021448295,0.9944227423722191,27.74999999999896,NX5_22_P10,P10,1.352208423389925,664;483,0.680364014933;0.671844408457
spatial,distributed,,,0.5,6.737500000000001,,,,mixed,4,4,0.0,2.638146499054315,3.897227732949041,0.9833121551774314,27.92499999999895,NX5_22_P10,P10,2.682918628803364,664;483;492;62,0.680364014933;0.671844408457;0.669391702393;0.661318503021
spatial,distributed,,,0.5,12.887500000000001,,,,mixed,8,8,0.0,5.116706920305447,7.55870537073465,0.962594675626861,28.07499999999894,NX5_22_P10,P10,5.315536279040131,664;483;492;62;67;352;431;130,0.680364014933;0.671844408457;0.669391702393;0.661318503021;0.657439876125;0.670385801072;0.656502373266;0.648289599775
single,proximal,proximal,266,0.5,7.550000000000001,13.624766536455747,3,12,High,1,1,,1.2682528965189306,1.0,1.0,27.89999999999895,NX5_9_P10,P10,,,
single,intermediate,intermediate,328,0.5,18.05,14.780267134237215,5,13,Branch,1,1,,1.2414429913632432,0.9788607577958035,1.0,28.44999999999892,NX5_9_P10,P10,,,
single,distal,distal,300,0.5,27.25,20.51104140289854,9,13,High,1,1,,1.2317820669362334,0.9712432514975511,1.0,28.524999999998915,NX5_9_P10,P10,,,
temporal,distal,distal,300,0.5,27.25,20.51104140289854,9,13,High,1,2,2.0,2.4040615243476253,1.8955695121582095,0.9758469411424213,29.699999999998848,NX5_9_P10,P10,,,
temporal,distal,distal,300,0.5,27.25,20.51104140289854,9,13,High,1,2,5.0,2.3574272561681084,1.8587990318324656,0.9569173474134314,32.02499999999872,NX5_9_P10,P10,,,
temporal,distal,distal,300,0.5,27.25,20.51104140289854,9,13,High,1,2,10.0,2.2143808529164914,1.746008906421164,0.8988525293375313,36.82499999999981,NX5_9_P10,P10,,,
temporal,distal,distal,300,0.5,27.25,20.51104140289854,9,13,High,1,2,20.0,1.9349226612929442,1.5256599583599395,0.785415989252712,47.12500000000215,NX5_9_P10,P10,,,
temporal,distal,distal,300,0.5,27.25,20.51104140289854,9,13,High,1,2,50.0,1.4845204484736456,1.1705239960802147,0.6025905427272696,77.95000000000915,NX5_9_P10,P10,,,
spatial,distributed,,,0.5,0.4,,,,mixed,1,1,0.0,1.274736306518875,1.0051120797892439,1.0,27.874999999998952,NX5_9_P10,P10,1.274736306518875,128,1.27473630652
spatial,distributed,,,0.5,2.2,,,,mixed,2,2,0.0,2.5203177158367396,1.987235923335516,0.9894162851806807,27.849999999998953,NX5_9_P10,P10,2.5472773731195417,128;129,1.27473630652;1.2725410666
spatial,distributed,,,0.5,6.362500000000001,,,,mixed,4,4,0.0,4.915795497363845,3.8760372721060605,0.9704114831165603,27.92499999999895,NX5_9_P10,P10,5.065681499951282,128;129;263;205,1.27473630652;1.2725410666;1.26646772209;1.25193640474
spatial,distributed,,,0.5,12.03125,,,,mixed,8,8,0.0,9.406140111532565,7.41661236284207,0.9353180820516032,27.974999999998946,NX5_9_P10,P10,10.056621690559396,128;129;263;205;44;123;8;215,1.27473630652;1.2725410666;1.26646772209;1.25193640474;1.25051763703;1.24330192603;1.25322066992;1.24389995763
single,proximal,proximal,380,0.5,7.250000000000001,10.183225487429715,3,10,Branch,1,1,,1.3419715586888117,1.0,1.0,27.999999999998945,NX64_1_P10,P10,,,
single,intermediate,intermediate,173,0.5,17.0,18.26978833277326,7,7,Branch,1,1,,1.315808045016766,0.9805036749827925,1.0,28.499999999998916,NX64_1_P10,P10,,,
single,distal,distal,194,0.5,25.949999999999996,20.102396000194865,16,8,High,1,1,,1.3171817967457997,0.9815273566846431,1.0,28.27499999999893,NX64_1_P10,P10,,,
temporal,distal,distal,194,0.5,25.949999999999996,20.102396000194865,16,8,High,1,2,2.0,2.5683659218154986,1.9138750781908889,0.9749473945665081,29.449999999998862,NX64_1_P10,P10,,,
temporal,distal,distal,194,0.5,25.949999999999996,20.102396000194865,16,8,High,1,2,5.0,2.5191643374840424,1.8772114216380413,0.956270555707585,31.79999999999873,NX64_1_P10,P10,,,
temporal,distal,distal,194,0.5,25.949999999999996,20.102396000194865,16,8,High,1,2,10.0,2.3666131607143654,1.7635345141194283,0.898362384965108,36.574999999999754,NX64_1_P10,P10,,,
temporal,distal,distal,194,0.5,25.949999999999996,20.102396000194865,16,8,High,1,2,20.0,2.068175105086368,1.5411467491211972,0.7850757997855558,46.9000000000021,NX64_1_P10,P10,,,
temporal,distal,distal,194,0.5,25.949999999999996,20.102396000194865,16,8,High,1,2,50.0,1.587114121605623,1.1826734414225073,0.6024658576085368,77.7000000000091,NX64_1_P10,P10,,,
spatial,distributed,,,0.5,0.35,,,,mixed,1,1,0.0,1.3514723101718147,1.0070796966012348,1.0,27.89999999999895,NX64_1_P10,P10,1.3514723101718147,1,1.35147231017
spatial,distributed,,,0.5,2.4499999999999997,,,,mixed,2,2,0.0,2.6637281448154653,1.9849363628973558,0.9893792695718401,27.974999999998946,NX64_1_P10,P10,2.692322577132842,1;352,1.35147231017;1.34085026696
spatial,distributed,,,0.5,6.3125,,,,mixed,4,4,0.0,5.197727794624356,3.8732026479777666,0.9703433423178046,28.049999999998942,NX64_1_P10,P10,5.3565862390613574,1;352;245;118,1.35147231017;1.34085026696;1.33937261507;1.32489104686
spatial,distributed,,,0.5,11.662500000000001,,,,mixed,8,8,0.0,9.9380214760766,7.405538076966888,0.931816537891921,27.999999999998945,NX64_1_P10,P10,10.66521259491671,1;352;245;118;78;17;347;261,1.35147231017;1.34085026696;1.33937261507;1.32489104686;1.32884363636;1.33399898673;1.32417091031;1.32161282245
single,proximal,proximal,148,0.5,9.950000000000001,12.046326988304202,7,2,High,1,1,,0.960657373011955,1.0,1.0,27.274999999998986,NX64_2_P10,P10,,,
single,intermediate,intermediate,200,0.5,22.75,15.336370342095073,10,7,High,1,1,,0.935433605253138,0.973743221602794,1.0,27.874999999998952,NX64_2_P10,P10,,,
single,distal,distal,342,0.5,38.74999999999999,32.87341772740593,19,7,High,1,1,,0.8810811114872195,0.9171647834490255,1.0,29.524999999998858,NX64_2_P10,P10,,,
temporal,distal,distal,342,0.5,38.74999999999999,32.87341772740593,19,7,High,1,2,2.0,1.7206911698906993,1.7911601141370577,0.9764658142462397,30.72499999999879,NX64_2_P10,P10,,,
temporal,distal,distal,342,0.5,38.74999999999999,32.87341772740593,19,7,High,1,2,5.0,1.6892229234584022,1.7584031215647378,0.958608067653999,33.02499999999895,NX64_2_P10,P10,,,
temporal,distal,distal,342,0.5,38.74999999999999,32.87341772740593,19,7,High,1,2,10.0,1.5879697593935447,1.6530032496547373,0.9011484519927647,37.80000000000003,NX64_2_P10,P10,,,
temporal,distal,distal,342,0.5,38.74999999999999,32.87341772740593,19,7,High,1,2,20.0,1.387163628113555,1.4439733323072017,0.78719405627258,48.12500000000238,NX64_2_P10,P10,,,
temporal,distal,distal,342,0.5,38.74999999999999,32.87341772740593,19,7,High,1,2,50.0,1.0629505905463787,1.10648251958313,0.6032081363951686,78.95000000000938,NX64_2_P10,P10,,,
spatial,distributed,,,0.5,0.3,,,,mixed,1,1,0.0,0.9718915949959097,1.0116943067315791,1.0,27.074999999998997,NX64_2_P10,P10,0.9718915949959097,159,0.971891594996
spatial,distributed,,,0.5,3.0500000000000003,,,,mixed,2,2,0.0,1.9186597181807628,1.9972362385198557,0.9912560371740974,27.149999999998993,NX64_2_P10,P10,1.9355843961874228,159;152,0.971891594996;0.963692801192
spatial,distributed,,,0.5,8.175,,,,mixed,4,4,0.0,3.7426028317895117,3.8958768619609985,0.9768732343476452,27.37499999999898,NX64_2_P10,P10,3.831206240683642,159;152;222;54,0.971891594996;0.963692801192;0.944439726238;0.951182118259
spatial,distributed,,,0.5,15.53125,,,,mixed,8,8,0.0,7.157281218763913,7.450399507499375,0.9503280221522725,27.774999999998958,NX64_2_P10,P10,7.5313797467050705,159;152;222;54;209;247;314;126,0.971891594996;0.963692801192;0.944439726238;0.951182118259;0.939608806384;0.932761435291;0.895167530855;0.932635733491
single,proximal,proximal,455,0.5,11.799999999999999,12.0296187428013,9,8,Branch,1,1,,0.864383708599405,1.0,1.0,27.74999999999896,NX65_16_P10,P10,,,
single,intermediate,intermediate,191,0.5,24.400000000000002,21.355296465224875,8,5,Branch,1,1,,0.8620065200215095,0.9972498456943995,1.0,27.599999999998968,NX65_16_P10,P10,,,
single,distal,distal,180,0.5,35.60000000000001,29.89489005917364,11,5,High,1,1,,0.8547748043860253,0.9888835199948997,1.0,27.649999999998965,NX65_16_P10,P10,,,
temporal,distal,distal,180,0.5,35.60000000000001,29.89489005917364,11,5,High,1,2,2.0,1.6650533334547788,1.926289582843631,0.9739719309173878,28.874999999998895,NX65_16_P10,P10,,,
temporal,distal,distal,180,0.5,35.60000000000001,29.89489005917364,11,5,High,1,2,5.0,1.6373773027273586,1.894271359394852,0.9577828536391334,31.199999999998763,NX65_16_P10,P10,,,
temporal,distal,distal,180,0.5,35.60000000000001,29.89489005917364,11,5,High,1,2,10.0,1.5400262315061752,1.781646525941055,0.9008374039594896,35.97499999999962,NX65_16_P10,P10,,,
temporal,distal,distal,180,0.5,35.60000000000001,29.89489005917364,11,5,High,1,2,20.0,1.3456183216710542,1.5567372548603589,0.7871186157841866,46.300000000001965,NX65_16_P10,P10,,,
temporal,distal,distal,180,0.5,35.60000000000001,29.89489005917364,11,5,High,1,2,50.0,1.0312578876710319,1.193055673552686,0.603233671827618,77.10000000000896,NX65_16_P10,P10,,,
spatial,distributed,,,0.5,0.3,,,,mixed,1,1,0.0,0.8860641782905532,1.0250819971217155,1.0,27.149999999998993,NX65_16_P10,P10,0.8860641782905532,19,0.886064178291
spatial,distributed,,,0.5,3.65,,,,mixed,2,2,0.0,1.749496725957087,2.0239816051043644,0.9921135692591828,27.249999999998987,NX65_16_P10,P10,1.7634036870027359,19;170,0.886064178291;0.877339508712
spatial,distributed,,,0.5,9.75,,,,mixed,4,4,0.0,3.3967644841748665,3.929695169381174,0.9789742647028626,27.674999999998963,NX65_16_P10,P10,3.469717853314407,19;170;440;292,0.886064178291;0.877339508712;0.863012877872;0.84330128844
spatial,distributed,,,0.5,17.2,,,,mixed,8,8,0.0,6.517415306020851,7.539956203687915,0.9549500438628035,28.024999999998943,NX65_16_P10,P10,6.824875654916667,19;170;440;292;48;257;428;316,0.886064178291;0.877339508712;0.863012877872;0.84330128844;0.830617867619;0.835649396559;0.850836519019;0.838054018405
single,proximal,proximal,404,0.5,8.2,13.009133559871717,3,18,High,1,1,,0.7592144523525377,1.0,1.0,27.599999999998968,NX65_5_P10,P10,,,
single,intermediate,intermediate,63,0.5,19.6,19.69483030661265,8,2,High,1,1,,0.7493344433299569,0.986986537213608,1.0,27.799999999998956,NX65_5_P10,P10,,,
single,distal,distal,138,0.5,34.95,29.955289883126767,8,9,High,1,1,,0.7374917192442467,0.9713878825133269,1.0,28.024999999998943,NX65_5_P10,P10,,,
temporal,distal,distal,138,0.5,34.95,29.955289883126767,8,9,High,1,2,2.0,1.4385595241288627,1.8947999734084016,0.975305543500233,29.224999999998875,NX65_5_P10,P10,,,
temporal,distal,distal,138,0.5,34.95,29.955289883126767,8,9,High,1,2,5.0,1.4142126768500844,1.8627315015776351,0.958799021024477,31.57499999999874,NX65_5_P10,P10,,,
temporal,distal,distal,138,0.5,34.95,29.955289883126767,8,9,High,1,2,10.0,1.329863739714341,1.7516312230273836,0.9016126588357727,36.3499999999997,NX65_5_P10,P10,,,
temporal,distal,distal,138,0.5,34.95,29.955289883126767,8,9,High,1,2,20.0,1.1617698952762083,1.5302262643661397,0.7876494508078989,46.650000000002045,NX65_5_P10,P10,,,
temporal,distal,distal,138,0.5,34.95,29.955289883126767,8,9,High,1,2,50.0,0.8900371448525988,1.1723132273031522,0.6034217887657605,77.45000000000904,NX65_5_P10,P10,,,
spatial,distributed,,,0.5,0.4,,,,mixed,1,1,0.0,0.7639524466535903,1.0062406534627617,1.0,27.54999999999897,NX65_5_P10,P10,0.7639524466535903,15,0.763952446654
spatial,distributed,,,0.5,2.7,,,,mixed,2,2,0.0,1.5152924471870506,1.9958688121540547,0.9933616992926148,27.54999999999897,NX65_5_P10,P10,1.5254186347894318,15;82,0.763952446654;0.761466188136
spatial,distributed,,,0.5,7.125,,,,mixed,4,4,0.0,2.9588600285602666,3.8972651526743247,0.9821391904415341,27.849999999998953,NX65_5_P10,P10,3.012668731027901,15;82;270;452,0.763952446654;0.761466188136;0.736252559712;0.750997536526
spatial,distributed,,,0.5,13.393749999999999,,,,mixed,8,8,0.0,5.759999957895246,7.586789134541681,0.9582680197850669,27.74999999999896,NX65_5_P10,P10,6.010844397360955,15;82;270;452;150;431;474;66,0.763952446654;0.761466188136;0.736252559712;0.750997536526;0.750814395573;0.748132861014;0.752186704961;0.747041704785
single,proximal,proximal,410,0.5,11.650000000000002,10.553628773719247,5,12,High,1,1,,0.5917823662137636,1.0,1.0,24.424999999999148,NX6_29_P20,P20,,,
single,intermediate,intermediate,218,0.5,28.400000000000006,24.35052227742684,9,9,High,1,1,,0.46733516822668264,0.7897078299522563,1.0,26.574999999999026,NX6_29_P20,P20,,,
single,distal,distal,550,0.5,50.900000000000006,22.583728367546655,18,16,Branch,1,1,,0.4118389199807524,0.6959296922206499,1.0,27.524999999998972,NX6_29_P20,P20,,,
temporal,distal,distal,550,0.5,50.900000000000006,22.583728367546655,18,16,Branch,1,2,2.0,0.7968566456460877,1.3465366512091157,0.9674372758205191,28.699999999998905,NX6_29_P20,P20,,,
temporal,distal,distal,550,0.5,50.900000000000006,22.583728367546655,18,16,Branch,1,2,5.0,0.7503232558020869,1.2679040448647894,0.9109426275655951,31.09999999999877,NX6_29_P20,P20,,,
temporal,distal,distal,550,0.5,50.900000000000006,22.583728367546655,18,16,Branch,1,2,10.0,0.6389672649266345,1.0797335328099769,0.7757490051650499,36.12499999999965,NX6_29_P20,P20,,,
temporal,distal,distal,550,0.5,50.900000000000006,22.583728367546655,18,16,Branch,1,2,20.0,0.49616536520785814,0.8384253967929712,0.6023779457646291,46.9000000000021,NX6_29_P20,P20,,,
temporal,distal,distal,550,0.5,50.900000000000006,22.583728367546655,18,16,Branch,1,2,50.0,0.41605886688179794,0.7030606024031294,0.5051232978432961,77.50000000000905,NX6_29_P20,P20,,,
spatial,distributed,,,0.5,0.3,,,,mixed,1,1,0.0,0.5991848884349906,1.0125088590736298,1.0,24.37499999999915,NX6_29_P20,P20,0.5991848884349906,158,0.599184888435
spatial,distributed,,,0.5,4.2250000000000005,,,,mixed,2,2,0.0,1.1723816260648903,1.9811026705067496,0.9937828274634624,24.524999999999142,NX6_29_P20,P20,1.179716124756638,158;154,0.599184888435;0.580531236322
spatial,distributed,,,0.5,10.3125,,,,mixed,4,4,0.0,2.2435022826304873,3.7910935011201223,0.980750498963954,24.74999999999913,NX6_29_P20,P20,2.287536213339152,158;154;152;688,0.599184888435;0.580531236322;0.574011891115;0.533808197467
spatial,distributed,,,0.5,19.5125,,,,mixed,8,8,0.0,4.178205095425952,7.060374445014641,0.9606470549926727,25.12499999999911,NX6_29_P20,P20,4.349365434173762,158;154;152;688;604;57;285;118,0.599184888435;0.580531236322;0.574011891115;0.533808197467;0.461986051108;0.561339974592;0.486631216922;0.551871978212
single,proximal,proximal,180,0.5,11.2,4.362904625873846,6,2,High,1,1,,0.34639218315038534,1.0,1.0,25.2749999999991,NX6_4_P20,P20,,,
single,intermediate,intermediate,131,0.5,20.65,10.564211883430275,8,2,High,1,1,,0.346631076537534,1.0006896615996814,1.0,25.199999999999104,NX6_4_P20,P20,,,
single,distal,distal,1100,0.5,34.79999999999999,17.76191475349537,11,19,Branch,1,1,,0.30951993526775823,0.8935534643210493,1.0,26.12499999999905,NX6_4_P20,P20,,,
temporal,distal,distal,1100,0.5,34.79999999999999,17.76191475349537,11,19,Branch,1,2,2.0,0.599166587109238,1.7297347233990878,0.9678966018633233,27.324999999998983,NX6_4_P20,P20,,,
temporal,distal,distal,1100,0.5,34.79999999999999,17.76191475349537,11,19,Branch,1,2,5.0,0.5624526477782155,1.6237452088635267,0.9085887267513985,29.774999999998844,NX6_4_P20,P20,,,
temporal,distal,distal,1100,0.5,34.79999999999999,17.76191475349537,11,19,Branch,1,2,10.0,0.47750653131272713,1.3785141655619255,0.771366359487714,34.87499999999937,NX6_4_P20,P20,,,
temporal,distal,distal,1100,0.5,34.79999999999999,17.76191475349537,11,19,Branch,1,2,20.0,0.37185432186440437,1.0735066781312577,0.6006952695029517,45.550000000001795,NX6_4_P20,P20,,,
temporal,distal,distal,1100,0.5,34.79999999999999,17.76191475349537,11,19,Branch,1,2,50.0,0.31264816957607877,0.9025843676164693,0.5050533648270739,76.07500000000873,NX6_4_P20,P20,,,
spatial,distributed,,,0.5,0.5,,,,mixed,1,1,0.0,0.36546433247119126,1.0550594102538562,1.0,24.774999999999128,NX6_4_P20,P20,0.36546433247119126,557,0.365464332471
spatial,distributed,,,0.5,4.25,,,,mixed,2,2,0.0,0.7237231100604617,2.0893170956639606,0.996448044683193,24.824999999999125,NX6_4_P20,P20,0.726302905527362,557;793,0.365464332471;0.360838573056
spatial,distributed,,,0.5,8.950000000000001,,,,mixed,4,4,0.0,1.4125673983250095,4.0779424797578265,0.9901364919528272,24.974999999999117,NX6_4_P20,P20,1.4266390642153084,557;793;53;651,0.365464332471;0.360838573056;0.350215230766;0.350120927922
spatial,distributed,,,0.5,15.0125,,,,mixed,8,8,0.0,2.6519583178469475,7.655941579650503,0.9733583626526596,25.374999999999094,NX6_4_P20,P20,2.7245446483036915,557;793;53;651;548;1071;1160;97,0.365464332471;0.360838573056;0.350215230766;0.350120927922;0.356450598066;0.291883752594;0.307446498503;0.342124734925
single,proximal,proximal,282,0.5,5.1000000000000005,,2,24,Branch,1,1,,0.907055812584943,1.0,1.0,27.89999999999895,NX72_1_P10,P10,,,
single,intermediate,intermediate,114,0.5,14.499999999999998,,7,13,High,1,1,,0.8928308253007629,0.984317406837798,1.0,28.24999999999893,NX72_1_P10,P10,,,
single,distal,distal,420,0.5,27.849999999999998,,9,28,High,1,1,,0.8848973213554956,0.9755709726766428,1.0,28.27499999999893,NX72_1_P10,P10,,,
temporal,distal,distal,420,0.5,27.849999999999998,,9,28,High,1,2,2.0,1.7295067031215297,1.906725781507041,0.9772358110838509,29.47499999999886,NX72_1_P10,P10,,,
temporal,distal,distal,420,0.5,27.849999999999998,,9,28,High,1,2,5.0,1.697113005109415,1.8710127663180434,0.9589321631744564,31.824999999998727,NX72_1_P10,P10,,,
temporal,distal,distal,420,0.5,27.849999999999998,,9,28,High,1,2,10.0,1.5944303842610879,1.7578084635357256,0.9009126515484992,36.59999999999976,NX72_1_P10,P10,,,
temporal,distal,distal,420,0.5,27.849999999999998,,9,28,High,1,2,20.0,1.392787052455958,1.53550314449424,0.786976646240985,46.9000000000021,NX72_1_P10,P10,,,
temporal,distal,distal,420,0.5,27.849999999999998,,9,28,High,1,2,50.0,1.0674858486428462,1.176868979650444,0.6031693298651076,77.7250000000091,NX72_1_P10,P10,,,
spatial,distributed,,,0.5,0.2,,,,mixed,1,1,0.0,0.9112902839133454,1.0046683691010534,1.0,27.849999999998953,NX72_1_P10,P10,0.9112902839133454,301,0.911290283913
spatial,distributed,,,0.5,1.6500000000000001,,,,mixed,2,2,0.0,1.8069233715630304,1.9920751804826977,0.9924949054418762,27.849999999998953,NX72_1_P10,P10,1.8205870495209808,301;10,0.911290283913;0.909296765608
spatial,distributed,,,0.5,4.3375,,,,mixed,4,4,0.0,3.550013860236831,3.9137766507663305,0.9784465213987396,27.874999999998952,NX72_1_P10,P10,3.6282145039075857,301;10;288;326,0.911290283913;0.909296765608;0.906206075996;0.901421378391
spatial,distributed,,,0.5,9.45625,,,,mixed,8,8,0.0,6.876240659925102,7.58083523033613,0.952404379020671,27.874999999998952,NX72_1_P10,P10,7.219875098637971,301;10;288;326;35;388;262;428,0.911290283913;0.909296765608;0.906206075996;0.901421378391;0.904694829851;0.898872034713;0.89707521386;0.891018516306
single,proximal,proximal,481,0.5,6.599999999999999,6.368078184555137,5,15,Branch,1,1,,0.8883645177548516,1.0,1.0,27.949999999998948,NX72_2_P10,P10,,,
single,intermediate,intermediate,166,0.5,17.05,12.935000395119001,7,11,High,1,1,,0.8797392948601015,0.9902908966731939,1.0,28.07499999999894,NX72_2_P10,P10,,,
single,distal,distal,354,0.5,30.500000000000004,22.917645060880286,17,13,Branch,1,1,,0.8571138347106597,0.9648222295920021,1.0,28.649999999998908,NX72_2_P10,P10,,,
temporal,distal,distal,354,0.5,30.500000000000004,22.917645060880286,17,13,Branch,1,2,2.0,1.6751786469946097,1.8856883784915903,0.9772206322863218,29.84999999999884,NX72_2_P10,P10,,,
temporal,distal,distal,354,0.5,30.500000000000004,22.917645060880286,17,13,Branch,1,2,5.0,1.6440290659725179,1.8506244149951467,0.9590494280888029,32.174999999998754,NX72_2_P10,P10,,,
temporal,distal,distal,354,0.5,30.500000000000004,22.917645060880286,17,13,Branch,1,2,10.0,1.544664641797624,1.738773454956788,0.9010848846694117,36.974999999999845,NX72_2_P10,P10,,,
temporal,distal,distal,354,0.5,30.500000000000004,22.917645060880286,17,13,Branch,1,2,20.0,1.3492754441215453,1.5188308595795181,0.7871039933552275,47.27500000000219,NX72_2_P10,P10,,,
temporal,distal,distal,354,0.5,30.500000000000004,22.917645060880286,17,13,Branch,1,2,50.0,1.0340381709599882,1.163979594292324,0.6032093574297828,78.10000000000919,NX72_2_P10,P10,,,
spatial,distributed,,,0.5,0.15,,,,mixed,1,1,0.0,0.8962402662059361,1.0088654468899645,1.0,27.774999999998958,NX72_2_P10,P10,0.8962402662059361,505,0.896240266206
spatial,distributed,,,0.5,2.2,,,,mixed,2,2,0.0,1.7758427951390274,1.9990023910760015,0.992480917838873,27.774999999998958,NX72_2_P10,P10,1.7892966637645031,505;441,0.896240266206;0.893056397559
spatial,distributed,,,0.5,5.7625,,,,mixed,4,4,0.0,3.4836634422375425,3.921434695570401,0.9790745270654196,27.874999999998952,NX72_2_P10,P10,3.55811876004897,505;441;194;76,0.896240266206;0.893056397559;0.887813004277;0.881009092007
spatial,distributed,,,0.5,11.674999999999999,,,,mixed,8,8,0.0,6.732585681094221,7.578629657687555,0.9529123487549711,27.949999999998948,NX72_2_P10,P10,7.065272781794349,505;441;194;76;592;406;88;184,0.896240266206;0.893056397559;0.887813004277;0.881009092007;0.884348401691;0.870486969373;0.876688466586;0.875630184096
single,proximal,proximal,85,0.5,5.3500000000000005,10.331040546295355,4,4,High,1,1,,1.1167649285436738,1.0,1.0,27.89999999999895,NX73_19_P10,P10,,,
single,intermediate,intermediate,273,0.5,17.549999999999997,16.59281744488036,8,18,Branch,1,1,,1.0903790698458806,0.9763729518868381,1.0,28.474999999998918,NX73_19_P10,P10,,,
single,distal,distal,179,0.5,30.800000000000004,15.202787254725829,4,6,High,1,1,,1.0890670875700152,0.9751981457639629,1.0,28.224999999998932,NX73_19_P10,P10,,,
temporal,distal,distal,179,0.5,30.800000000000004,15.202787254725829,4,6,High,1,2,2.0,2.1226724863370805,1.90073347763989,0.9745370650550559,29.399999999998865,NX73_19_P10,P10,,,
temporal,distal,distal,179,0.5,30.800000000000004,15.202787254725829,4,6,High,1,2,5.0,2.08468727224205,1.866719861054916,0.9570977288890052,31.74999999999873,NX73_19_P10,P10,,,
temporal,distal,distal,179,0.5,30.800000000000004,15.202787254725829,4,6,High,1,2,10.0,1.959559495608545,1.7546749951790876,0.8996504981069711,36.52499999999974,NX73_19_P10,P10,,,
temporal,distal,distal,179,0.5,30.800000000000004,15.202787254725829,4,6,High,1,2,20.0,1.7122688062607665,1.5332401318276212,0.7861172308866997,46.85000000000209,NX73_19_P10,P10,,,
temporal,distal,distal,179,0.5,30.800000000000004,15.202787254725829,4,6,High,1,2,50.0,1.3130861122931492,1.1757945461320043,0.6028490472625415,77.65000000000909,NX73_19_P10,P10,,,
spatial,distributed,,,0.5,0.35,,,,mixed,1,1,0.0,1.121659656669678,1.0043829529392432,1.0,27.849999999998953,NX73_19_P10,P10,1.121659656669678,231,1.12165965667
spatial,distributed,,,0.5,1.8500000000000003,,,,mixed,2,2,0.0,2.2149285625415587,1.9833435899799914,0.9909726887624537,27.92499999999895,NX73_19_P10,P10,2.2351055560447435,231;299,1.12165965667;1.11344589938
spatial,distributed,,,0.5,5.0375000000000005,,,,mixed,4,4,0.0,4.341766691722512,3.8878071658145883,0.9736433544265929,27.89999999999895,NX73_19_P10,P10,4.459298851045418,231;299;22;212,1.12165965667;1.11344589938;1.11095958366;1.11323371134
spatial,distributed,,,0.5,11.40625,,,,mixed,8,8,0.0,8.347014732439533,7.47428086170697,0.9432109269545773,27.974999999998946,NX73_19_P10,P10,8.849573826917194,231;299;22;212;172;8;295;39,1.12165965667;1.11344589938;1.11095958366;1.11323371134;1.10129958694;1.10780744644;1.09168690464;1.08948103785
single,proximal,proximal,305,0.5,7.400000000000001,14.331415494770273,3,21,High,1,1,,0.8719002968096703,1.0,1.0,28.324999999998926,NX73_21_P10,P10,,,
single,intermediate,intermediate,272,0.5,17.849999999999998,16.31551911483264,4,19,High,1,1,,0.8765334137652445,1.005313815091619,1.0,27.949999999998948,NX73_21_P10,P10,,,
single,distal,distal,459,0.5,28.8,19.839885349068776,7,23,High,1,1,,0.8638011191412573,0.9907108901120366,1.0,28.24999999999893,NX73_21_P10,P10,,,
temporal,distal,distal,459,0.5,28.8,19.839885349068776,7,23,High,1,2,2.0,1.687827898688596,1.9358037895668212,0.9769771428211044,29.424999999998864,NX73_21_P10,P10,,,
temporal,distal,distal,459,0.5,28.8,19.839885349068776,7,23,High,1,2,5.0,1.6566483048038378,1.9000432857582483,0.9589292419826827,31.77499999999873,NX73_21_P10,P10,,,
temporal,distal,distal,459,0.5,28.8,19.839885349068776,7,23,High,1,2,10.0,1.556620160660799,1.7853189938764273,0.9010292567161198,36.54999999999975,NX73_21_P10,P10,,,
temporal,distal,distal,459,0.5,28.8,19.839885349068776,7,23,High,1,2,20.0,1.359767699078887,1.559544943446343,0.7870837794414366,46.85000000000209,NX73_21_P10,P10,,,
temporal,distal,distal,459,0.5,28.8,19.839885349068776,7,23,High,1,2,50.0,1.0421048797448833,1.1952110620423009,0.6032088038858329,77.67500000000909,NX73_21_P10,P10,,,
spatial,distributed,,,0.5,0.35,,,,mixed,1,1,0.0,0.8896062100473756,1.020307268276536,1.0,27.824999999998955,NX73_21_P10,P10,0.8896062100473756,429,0.889606210047
spatial,distributed,,,0.5,2.4499999999999997,,,,mixed,2,2,0.0,1.761729093325627,2.020562557177567,0.9928355836620318,27.849999999998953,NX73_21_P10,P10,1.7744419341091344,429;527,0.889606210047;0.884835724062
spatial,distributed,,,0.5,6.2124999999999995,,,,mixed,4,4,0.0,3.4643560087965,3.973339636966249,0.979053127562476,27.849999999998953,NX73_21_P10,P10,3.538476014495373,429;527;221;14,0.889606210047;0.884835724062;0.881984987581;0.882049092806
spatial,distributed,,,0.5,11.90625,,,,mixed,8,8,0.0,6.65692801755425,7.634964733825995,0.9537835620379154,28.174999999998935,NX73_21_P10,P10,6.979495435348696,429;527;221;14;281;373;308;370,0.889606210047;0.884835724062;0.881984987581;0.882049092806;0.879898827396;0.854332338003;0.857843156295;0.84894509916
single,proximal,proximal,142,0.5,5.15,11.88151906474014,3,10,Branch,1,1,,0.4214516170906819,1.0,1.0,25.549999999999084,NX74_20_P20,P20,,,
single,intermediate,intermediate,514,0.5,14.950000000000001,11.661836350569438,7,31,Branch,1,1,,0.41028880529091794,0.9735134204091519,1.0,25.77499999999907,NX74_20_P20,P20,,,
single,distal,distal,218,0.5,28.950000000000003,20.78569446592843,4,17,High,1,1,,0.4104783729534347,0.9739632173842481,1.0,25.674999999999077,NX74_20_P20,P20,,,
temporal,distal,distal,218,0.5,28.950000000000003,20.78569446592843,4,17,High,1,2,2.0,0.7947306284977174,1.8856983726478824,0.9680542031722008,26.899999999999007,NX74_20_P20,P20,,,
temporal,distal,distal,218,0.5,28.950000000000003,20.78569446592843,4,17,High,1,2,5.0,0.7442575285731721,1.765938243898192,0.9065733758616338,29.399999999998865,NX74_20_P20,P20,,,
temporal,distal,distal,218,0.5,28.950000000000003,20.78569446592843,4,17,High,1,2,10.0,0.6313203027892911,1.4979662603915282,0.7690055608129555,34.49999999999928,NX74_20_P20,P20,,,
temporal,distal,distal,218,0.5,28.950000000000003,20.78569446592843,4,17,High,1,2,20.0,0.49246003656038795,1.1684853411166944,0.5998611242500873,45.150000000001704,NX74_20_P20,P20,,,
temporal,distal,distal,218,0.5,28.950000000000003,20.78569446592843,4,17,High,1,2,50.0,0.41459658727045223,0.9837347170060693,0.5050163596773523,75.65000000000863,NX74_20_P20,P20,,,
spatial,distributed,,,0.5,0.2,,,,mixed,1,1,0.0,0.42877310730203533,1.0173720776346626,1.0,25.399999999999093,NX74_20_P20,P20,0.42877310730203533,108,0.428773107302
spatial,distributed,,,0.5,1.7500000000000002,,,,mixed,2,2,0.0,0.8531397352858505,2.0242886744038384,0.9961085243092478,25.399999999999093,NX74_20_P20,P20,0.8564726778916594,108;58,0.428773107302;0.42769957059
spatial,distributed,,,0.5,4.4375,,,,mixed,4,4,0.0,1.684546115800785,3.9970094964384217,0.9886715104548758,25.42499999999909,NX74_20_P20,P20,1.7038481416600604,108;58;173;483,0.428773107302;0.42769957059;0.426135879174;0.421239584595
spatial,distributed,,,0.5,9.78125,,,,mixed,8,8,0.0,3.2842731587310823,7.79276440176624,0.9753648213976723,25.499999999999087,NX74_20_P20,P20,3.3672253567898878,108;58;173;483;216;549;113;275,0.428773107302;0.42769957059;0.426135879174;0.421239584595;0.418923180165;0.42252948743;0.410042376997;0.411882170538
single,proximal,proximal,429,0.5,9.45,13.683686127006938,2,21,Branch,1,1,,0.4060053086285649,1.0,1.0,25.399999999999093,NX74_26_P20,P20,,,
single,intermediate,intermediate,102,0.5,23.75,16.255585172097895,8,5,High,1,1,,0.37955475862978005,0.9348517139144523,1.0,25.99999999999906,NX74_26_P20,P20,,,
single,distal,distal,204,0.5,37.8,33.82872029409337,8,15,High,1,1,,0.36682698335300756,0.9035029236245782,1.0,26.274999999999043,NX74_26_P20,P20,,,
temporal,distal,distal,204,0.5,37.8,33.82872029409337,8,15,High,1,2,2.0,0.7089112597044647,1.7460640160077665,0.9662746906247354,27.499999999998973,NX74_26_P20,P20,,,
temporal,distal,distal,204,0.5,37.8,33.82872029409337,8,15,High,1,2,5.0,0.6654012145174022,1.6388978182700227,0.9069687410059861,29.974999999998833,NX74_26_P20,P20,,,
temporal,distal,distal,204,0.5,37.8,33.82872029409337,8,15,High,1,2,10.0,0.5650519618327934,1.3917354030208822,0.7701886549728384,35.04999999999941,NX74_26_P20,P20,,,
temporal,distal,distal,204,0.5,37.8,33.82872029409337,8,15,High,1,2,20.0,0.44041398821384803,1.084749334193465,0.6003020609174021,45.725000000001835,NX74_26_P20,P20,,,
temporal,distal,distal,204,0.5,37.8,33.82872029409337,8,15,High,1,2,50.0,0.3705208737011816,0.9126010567515846,0.5050349217966598,76.25000000000877,NX74_26_P20,P20,,,
spatial,distributed,,,0.5,0.25,,,,mixed,1,1,0.0,0.41387793777417414,1.0193904586425286,1.0,25.2499999999991,NX74_26_P20,P20,0.41387793777417414,148,0.413877937774
spatial,distributed,,,0.5,2.725,,,,mixed,2,2,0.0,0.8182302449389169,2.0153190797006975,0.996159584754484,25.2999999999991,NX74_26_P20,P20,0.821384703275811,148;613,0.413877937774;0.407506765502
spatial,distributed,,,0.5,7.65,,,,mixed,4,4,0.0,1.586660938949791,3.9079807707670944,0.9893173718631849,25.524999999999086,NX74_26_P20,P20,1.6037936703381916,148;613;220;124,0.413877937774;0.407506765502;0.395444040418;0.386964926644
spatial,distributed,,,0.5,15.618749999999999,,,,mixed,8,8,0.0,3.076632864864024,7.577814377000402,0.9771364041663548,25.64999999999908,NX74_26_P20,P20,3.1486216783508922,148;613;220;124;268;241;174;479,0.413877937774;0.407506765502;0.395444040418;0.386964926644;0.399211842344;0.396681539771;0.378028019475;0.370906606423
single,proximal,proximal,164,0.5,14.650000000000002,17.04138150518484,5,13,High,1,1,,0.6199940878155559,1.0,1.0,26.099999999999053,NX7_19_P20,P20,,,
single,intermediate,intermediate,21,0.5,32.6,25.216785562891697,10,1,High,1,1,,0.7449172367309274,1.2014908712363968,1.0,24.54999999999914,NX7_19_P20,P20,,,
single,distal,distal,140,0.5,47.150000000000006,35.57777510800629,16,13,Branch,1,1,,0.5689376200193834,0.9176500731223723,1.0,26.799999999999013,NX7_19_P20,P20,,,
temporal,distal,distal,140,0.5,47.150000000000006,35.57777510800629,16,13,Branch,1,2,2.0,1.0983402487861156,1.7715334232555853,0.9652554253212291,27.999999999998945,NX7_19_P20,P20,,,
temporal,distal,distal,140,0.5,47.150000000000006,35.57777510800629,16,13,Branch,1,2,5.0,1.0343698464209439,1.6683543710317799,0.9090362546123276,30.39999999999881,NX7_19_P20,P20,,,
temporal,distal,distal,140,0.5,47.150000000000006,35.57777510800629,16,13,Branch,1,2,10.0,0.8801116891080198,1.4195485189365986,0.7734694087183361,35.474999999999504,NX7_19_P20,P20,,,
temporal,distal,distal,140,0.5,47.150000000000006,35.57777510800629,16,13,Branch,1,2,20.0,0.6843532744492222,1.1038061296042758,0.6014308514401866,46.20000000000194,NX7_19_P20,P20,,,
temporal,distal,distal,140,0.5,47.150000000000006,35.57777510800629,16,13,Branch,1,2,50.0,0.5747184633053877,0.9269741028181588,0.5050803841076701,76.77500000000889,NX7_19_P20,P20,,,
spatial,distributed,,,0.5,0.2,,,,mixed,1,1,0.0,0.7864751794478337,1.2685204502817855,1.0,24.174999999999162,NX7_19_P20,P20,0.7864751794478337,36,0.786475179448
spatial,distributed,,,0.5,4.975,,,,mixed,2,2,0.0,1.4189520760411085,2.2886542048175746,0.9851739452445546,24.874999999999122,NX7_19_P20,P20,1.4403061336431051,36;269,0.786475179448;0.653830954195
spatial,distributed,,,0.5,12.5125,,,,mixed,4,4,0.0,2.813999273668486,4.538751786461603,0.9765329240485695,24.92499999999912,NX7_19_P20,P20,2.8816225284059414,36;269;14;372,0.786475179448;0.653830954195;0.757071355716;0.684245039047
spatial,distributed,,,0.5,22.50625,,,,mixed,8,8,0.0,5.401814313091251,8.71268681306886,0.9534055515177424,25.07499999999911,NX7_19_P20,P20,5.665809585954278,36;269;14;372;51;445;472;342,0.786475179448;0.653830954195;0.757071355716;0.684245039047;0.750749668293;0.680901133215;0.683101600898;0.669434655143
single,proximal,proximal,84,0.5,9.85,9.713613201057125,5,7,High,1,1,,0.7639301820483269,1.0,1.0,25.12499999999911,NX83_11_P20,P20,,,
single,intermediate,intermediate,136,0.5,24.6,17.62346712125047,7,11,Branch,1,1,,0.7407047395013393,0.9695974277587605,1.0,25.374999999999094,NX83_11_P20,P20,,,
single,distal,distal,285,0.5,39.0,34.69897416080711,9,15,High,1,1,,0.6669932835338415,0.8731076467556651,1.0,26.34999999999904,NX83_11_P20,P20,,,
temporal,distal,distal,285,0.5,39.0,34.69897416080711,9,15,High,1,2,2.0,1.2868833211392001,1.6845561955526858,0.9646898648822054,27.54999999999897,NX83_11_P20,P20,,,
temporal,distal,distal,285,0.5,39.0,34.69897416080711,9,15,High,1,2,5.0,1.208389349870913,1.5818060056625298,0.9058482144442783,29.99999999999883,NX83_11_P20,P20,,,
temporal,distal,distal,285,0.5,39.0,34.69897416080711,9,15,High,1,2,10.0,1.0265286081801577,1.3437466306511485,0.7695194490875816,35.09999999999942,NX83_11_P20,P20,,,
temporal,distal,distal,285,0.5,39.0,34.69897416080711,9,15,High,1,2,20.0,0.800339776430107,1.0476608926278512,0.5999608963000149,45.775000000001846,NX83_11_P20,P20,,,
temporal,distal,distal,285,0.5,39.0,34.69897416080711,9,15,High,1,2,50.0,0.6736828627731484,0.8818644407618531,0.5050147275875586,76.32500000000879,NX83_11_P20,P20,,,
spatial,distributed,,,0.5,0.3,,,,mixed,1,1,0.0,0.773823622754648,1.0129507132180506,1.0,25.049999999999113,NX83_11_P20,P20,0.773823622754648,116,0.773823622755
spatial,distributed,,,0.5,3.775000000000001,,,,mixed,2,2,0.0,1.528908113348706,2.001371524881034,0.9926277097437084,25.07499999999911,NX83_11_P20,P20,1.5402633820724816,116;125,0.773823622755;0.766439759318
spatial,distributed,,,0.5,8.787500000000001,,,,mixed,4,4,0.0,2.9837093023004826,3.905735592616932,0.9780684350318876,25.12499999999911,NX83_11_P20,P20,3.0506140423632075,116;125;144;149,0.773823622755;0.766439759318;0.753540943508;0.756809716783
spatial,distributed,,,0.5,16.95625,,,,mixed,8,8,0.0,5.62976283663825,7.36947298186748,0.9506317672159827,25.374999999999094,NX83_11_P20,P20,5.922127821507118,116;125;144;149;225;140;196;194,0.773823622755;0.766439759318;0.753540943508;0.756809716783;0.719242106316;0.742250212004;0.706141526485;0.703879934339
single,proximal,proximal,45,0.5,12.55,14.15793193757101,5,1,Branch,1,1,,0.29022179177779606,1.0,1.0,23.099999999999223,NX90_20_P50,P50,,,
single,intermediate,intermediate,615,0.5,27.299999999999997,24.84739313473642,9,14,High,1,1,,0.30101655563198904,1.0371948770217014,1.0,22.99999999999923,NX90_20_P50,P50,,,
single,distal,distal,158,0.5,42.35,16.578715395536975,11,4,High,1,1,,0.2100197284328118,0.7236525112270351,1.0,23.774999999999185,NX90_20_P50,P50,,,
temporal,distal,distal,158,0.5,42.35,16.578715395536975,11,4,High,1,2,2.0,0.3869427338555198,1.3332656086410517,0.9212056808732331,25.09999999999911,NX90_20_P50,P50,,,
temporal,distal,distal,158,0.5,42.35,16.578715395536975,11,4,High,1,2,5.0,0.31019076411079993,1.068805902584644,0.7384800619100749,28.049999999998942,NX90_20_P50,P50,,,
temporal,distal,distal,158,0.5,42.35,16.578715395536975,11,4,High,1,2,10.0,0.23513517329335798,0.810191308698782,0.5597930609851753,33.52499999999906,NX90_20_P50,P50,,,
temporal,distal,distal,158,0.5,42.35,16.578715395536975,11,4,High,1,2,20.0,0.211158755460076,0.7275771890408096,0.5027117143607501,43.750000000001386,NX90_20_P50,P50,,,
temporal,distal,distal,158,0.5,42.35,16.578715395536975,11,4,High,1,2,50.0,0.21001978897523088,0.7236527198344547,0.5000001441350761,73.7750000000082,NX90_20_P50,P50,,,
spatial,distributed,,,0.5,0.65,,,,mixed,1,1,0.0,0.35497703194918984,1.2231232871064783,1.0,22.62499999999925,NX90_20_P50,P50,0.35497703194918984,538,0.354977031949
spatial,distributed,,,0.5,4.574999999999999,,,,mixed,2,2,0.0,0.6407096515748094,2.2076552131046006,0.9936410084900926,22.82499999999924,NX90_20_P50,P50,0.644809992844813,538;214,0.354977031949;0.289832960896
spatial,distributed,,,0.5,10.45,,,,mixed,4,4,0.0,1.1817890569811453,4.072020401162585,0.9880575519233757,22.97499999999923,NX90_20_P50,P50,1.1960730978480427,538;214;471;9,0.354977031949;0.289832960896;0.24764420909;0.303618895913
spatial,distributed,,,0.5,19.11875,,,,mixed,8,8,0.0,2.226556403414847,7.671913228072054,0.9784152676791223,23.099999999999223,NX90_20_P50,P50,2.275676266475699,538;214;471;9;205;247;78;39,0.354977031949;0.289832960896;0.24764420909;0.303618895913;0.280040067892;0.266798126078;0.265293477785;0.267471496873
single,proximal,proximal,280,0.5,12.75,14.038882338660766,7,5,Branch,1,1,,0.21041535295042024,1.0,1.0,23.67499999999919,NX90_22_P50,P50,,,
single,intermediate,intermediate,112,0.5,26.949999999999996,22.678053535929315,8,4,Branch,1,1,,0.3316694278730523,1.5762605875589455,1.0,22.97499999999923,NX90_22_P50,P50,,,
single,distal,distal,204,0.5,39.14999999999999,32.63595577346442,15,5,Branch,1,1,,0.1406462860470299,0.6684221663243846,1.0,24.54999999999914,NX90_22_P50,P50,,,
temporal,distal,distal,204,0.5,39.14999999999999,32.63595577346442,15,5,Branch,1,2,2.0,0.2627265047044034,1.2486090060467647,0.9339973066069864,25.82499999999907,NX90_22_P50,P50,,,
temporal,distal,distal,204,0.5,39.14999999999999,32.63595577346442,15,5,Branch,1,2,5.0,0.21223401650081541,1.0086432074698641,0.7544956303710989,28.674999999998906,NX90_22_P50,P50,,,
temporal,distal,distal,204,0.5,39.14999999999999,32.63595577346442,15,5,Branch,1,2,10.0,0.15873908689958682,0.7544082913806684,0.5643202225990773,34.249999999999226,NX90_22_P50,P50,,,
temporal,distal,distal,204,0.5,39.14999999999999,32.63595577346442,15,5,Branch,1,2,20.0,0.14146789253669567,0.672326855208277,0.5029208254009319,44.52500000000156,NX90_22_P50,P50,,,
temporal,distal,distal,204,0.5,39.14999999999999,32.63595577346442,15,5,Branch,1,2,50.0,0.14064632993601833,0.6684223749070181,0.5000001560261194,74.55000000000838,NX90_22_P50,P50,,,
spatial,distributed,,,0.5,0.6,,,,mixed,1,1,0.0,0.396350051046781,1.8836555673775963,1.0,22.574999999999253,NX90_22_P50,P50,0.396350051046781,424,0.396350051047
spatial,distributed,,,0.5,4.875000000000001,,,,mixed,2,2,0.0,0.7725015735689027,3.671317528578467,0.9955873329753165,22.62499999999925,NX90_22_P50,P50,0.7759254743230599,424;410,0.396350051047;0.379575423276
spatial,distributed,,,0.5,10.3125,,,,mixed,4,4,0.0,1.46251018609793,6.950586854004604,0.9875707567365122,22.724999999999245,NX90_22_P50,P50,1.4809168620290905,424;410;513;543,0.396350051047;0.379575423276;0.352950034223;0.352041353483
spatial,distributed,,,0.5,18.5875,,,,mixed,8,8,0.0,2.503113709059164,11.896060215952815,0.9696671222678316,22.97499999999923,NX90_22_P50,P50,2.581415468851773,424;410;513;543;520;475;153;73,0.396350051047;0.379575423276;0.352950034223;0.352041353483;0.350776906638;0.299964992049;0.178695344548;0.271061363587
single,proximal,proximal,64,0.5,9.35,9.712808318031907,4,2,High,1,1,,0.8375190504755068,1.0,1.0,25.2999999999991,NX93_low_P20,P20,,,
single,intermediate,intermediate,148,0.5,19.049999999999997,18.558727555670444,8,2,Branch,1,1,,0.8229009328012467,0.9825459281601289,1.0,25.42499999999909,NX93_low_P20,P20,,,
single,distal,distal,309,0.5,46.24999999999999,12.990810822347097,16,9,High,1,1,,0.6333572885656054,0.75623030688796,1.0,27.599999999998968,NX93_low_P20,P20,,,
temporal,distal,distal,309,0.5,46.24999999999999,12.990810822347097,16,9,High,1,2,2.0,1.2264066945680412,1.4643328935285005,0.9681791910420288,28.7749999999989,NX93_low_P20,P20,,,
temporal,distal,distal,309,0.5,46.24999999999999,12.990810822347097,16,9,High,1,2,5.0,1.15375722568983,1.37758923219093,0.9108265165012938,31.149999999998766,NX93_low_P20,P20,,,
temporal,distal,distal,309,0.5,46.24999999999999,12.990810822347097,16,9,High,1,2,10.0,0.9815301520356883,1.1719496427913112,0.7748629168368826,36.19999999999967,NX93_low_P20,P20,,,
temporal,distal,distal,309,0.5,46.24999999999999,12.990810822347097,16,9,High,1,2,20.0,0.7622816664840428,0.9101663610532232,0.6017785539426085,46.97500000000212,NX93_low_P20,P20,,,
temporal,distal,distal,309,0.5,46.24999999999999,12.990810822347097,16,9,High,1,2,50.0,0.6398052277430111,0.7639291636169441,0.5050902857627239,77.57500000000907,NX93_low_P20,P20,,,
spatial,distributed,,,0.5,1.05,,,,mixed,1,1,0.0,0.8680258655809752,1.0364252193286205,1.0,24.949999999999118,NX93_low_P20,P20,0.8680258655809752,480,0.868025865581
spatial,distributed,,,0.5,4.2,,,,mixed,2,2,0.0,1.719287819027727,2.0528342824579218,0.991926110407155,24.949999999999118,NX93_low_P20,P20,1.733282147721681,480;230,0.868025865581;0.865256282141
spatial,distributed,,,0.5,7.8625,,,,mixed,4,4,0.0,3.344813295964144,3.993716076147886,0.9772956618577371,25.049999999999113,NX93_low_P20,P20,3.4225193321804,480;230;141;206,0.868025865581;0.865256282141;0.830447466027;0.858789718432
spatial,distributed,,,0.5,13.65625,,,,mixed,8,8,0.0,6.375032879747508,7.61180641339208,0.948249391843017,25.149999999999107,NX93_low_P20,P20,6.722949610710529,480;230;141;206;454;13;133;107,0.868025865581;0.865256282141;0.830447466027;0.858789718432;0.845124829078;0.836119975265;0.810535319157;0.808650155029
single,proximal,proximal,593,0.5,10.249999999999998,12.19618122094349,6,14,Branch,1,1,,0.38415835919659,1.0,1.0,25.899999999999064,NX93_up_P20,P20,,,
single,intermediate,intermediate,58,0.5,21.450000000000003,16.989712127662386,9,6,Branch,1,1,,0.39999552821093687,1.041225626451206,1.0,25.44999999999909,NX93_up_P20,P20,,,
single,distal,distal,796,0.5,31.65,29.251042917688636,11,20,High,1,1,,0.38422797299831757,1.0001812112116293,1.0,25.79999999999907,NX93_up_P20,P20,,,
temporal,distal,distal,796,0.5,31.65,29.251042917688636,11,20,High,1,2,2.0,0.7436480934874794,1.9357852710603736,0.9677172743103944,27.024999999999,NX93_up_P20,P20,,,
temporal,distal,distal,796,0.5,31.65,29.251042917688636,11,20,High,1,2,5.0,0.6969171239490066,1.814140203551746,0.9069057602842183,29.524999999998858,NX93_up_P20,P20,,,
temporal,distal,distal,796,0.5,31.65,29.251042917688636,11,20,High,1,2,10.0,0.5913806421973078,1.5394189089991228,0.7695699997874664,34.599999999999305,NX93_up_P20,P20,,,
temporal,distal,distal,796,0.5,31.65,29.251042917688636,11,20,High,1,2,20.0,0.46114181890229133,1.2003951179578671,0.6000888161574724,45.25000000000173,NX93_up_P20,P20,,,
temporal,distal,distal,796,0.5,31.65,29.251042917688636,11,20,High,1,2,50.0,0.38809042203376976,1.010235525905002,0.5050262465344618,75.77500000000866,NX93_up_P20,P20,,,
spatial,distributed,,,0.5,0.25,,,,mixed,1,1,0.0,0.4197324056916756,1.0926025573658826,1.0,25.07499999999911,NX93_up_P20,P20,0.4197324056916756,11,0.419732405692
spatial,distributed,,,0.5,3.999999999999999,,,,mixed,2,2,0.0,0.818196777871691,2.12984244201487,0.9957103784869563,25.2749999999991,NX93_up_P20,P20,0.8217216527510658,11;804,0.419732405692;0.401989247059
spatial,distributed,,,0.5,8.424999999999999,,,,mixed,4,4,0.0,1.6145509542032102,4.2028265572036565,0.9882201172234696,25.2999999999991,NX93_up_P20,P20,1.633796890048643,11;804;658;427,0.419732405692;0.401989247059;0.406124419041;0.405950818257
spatial,distributed,,,0.5,14.849999999999998,,,,mixed,8,8,0.0,3.0901665990530773,8.043991559927788,0.9730021039826285,25.549999999999084,NX93_up_P20,P20,3.1759094727592156,11;804;658;427;37;1085;674;798,0.419732405692;0.401989247059;0.406124419041;0.405950818257;0.40953933107;0.363264992133;0.382848672121;0.386459587387
