cell_id,animal_id,cell_label,age_group,basic_analysis,sholl,angles,nearest_neighbour,nearest_neighbour_2_5,tracing_candidates,missing_required,warnings,status
NX13_1,NX13,1,P10,,,NLResults/Angles/P10/XLSX_Files/NX13_1_angles.xlsx,,,NLTracings/P10/1Jun2014_NX13_analysis_corrected.DAT,basic_analysis | sholl | nearest_neighbour,,incomplete
NX13_3,NX13,3,P10,NLResults/BasicAnalyses/P10/NX13_3_p10_0aligned1.xls,NLResults/Sholl/P10/NX13_3_Sholl2_5.xls,,NLResults/NearestNeighbour/P10/XLSX_Files/NX13_3_NN.xlsx,NLResults/NearestNeighbour/P10/XLSX_Files/NX13_3_NN_2_5.xlsx,NLTracings/P10/1Jun2014_NX13_analysis_corrected.DAT,angles,,incomplete
NX22_1,NX22,1,P10,NLResults/BasicAnalyses/P10/NX22_1_p10_0aligned1.xls,NLResults/Sholl/P10/NX22_1_Sholl2_5.xls,NLResults/Angles/P10/XLSX_Files/NX22_1_angles.xlsx,NLResults/NearestNeighbour/P10/XLSX_Files/NX22_1_NN.xlsx,NLResults/NearestNeighbour/P10/XLSX_Files/NX22_1_NN_2_5.xlsx,NLTracings/P10/21Jun2014_NX22_1_p10_corrected.DAT | NLTracings/P10/21Jun2014_NX22_4_p8_flat_corrected.DAT,,multiple_tracing_candidates:2,complete_with_warnings
NX22_4,NX22,4,P10,NLResults/BasicAnalyses/P10/NX22_4_p10_0aligned1.xls,NLResults/Sholl/P10/NX22_4_Sholl2_5.xls,NLResults/Angles/P10/XLSX_Files/NX22_4_angles.xlsx,NLResults/NearestNeighbour/P10/XLSX_Files/NX22_4_NN.xlsx,NLResults/NearestNeighbour/P10/XLSX_Files/NX22_4_NN_2_5.xlsx,NLTracings/P10/21Jun2014_NX22_1_p10_corrected.DAT | NLTracings/P10/21Jun2014_NX22_4_p8_flat_corrected.DAT,,multiple_tracing_candidates:2,complete_with_warnings
NX5_22,NX5,22,P10,NLResults/BasicAnalyses/P10/NX5_22_p10_0aligned1.xls,NLResults/Sholl/P10/NX5_22_Sholl2_5.xls,NLResults/Angles/P10/XLSX_Files/NX5_22_angles.xlsx,NLResults/NearestNeighbour/P10/XLSX_Files/NX5_22_NN.xlsx,NLResults/NearestNeighbour/P10/XLSX_Files/NX5_22_NN_2_5.xlsx,NLTracings/P10/22Jun2014_NX5_stack2_flatcell_p10_corrected.DAT | NLTracings/P10/9Jul2014_NX5_stack1_analysis.DAT,,multiple_tracing_candidates:2,complete_with_warnings
NX5_9,NX5,9,P10,NLResults/BasicAnalyses/P10/NX5_9_p10_0aligned1.xls,NLResults/Sholl/P10/NX5_9_Sholl2_5.xls,NLResults/Angles/P10/XLSX_Files/NX5_9_angles.xlsx,NLResults/NearestNeighbour/P10/XLSX_Files/NX5_9_NN.xlsx,NLResults/NearestNeighbour/P10/XLSX_Files/NX5_9_NN_2_5.xlsx,NLTracings/P10/22Jun2014_NX5_stack2_flatcell_p10_corrected.DAT | NLTracings/P10/9Jul2014_NX5_stack1_analysis.DAT,,multiple_tracing_candidates:2,complete_with_warnings
NX64_1,NX64,1,P10,NLResults/BasicAnalyses/P10/NX64_1_p10_0aligned1.xls,NLResults/Sholl/P10/NX64_1_Sholl2_5.xls,NLResults/Angles/P10/XLSX_Files/NX64_1_angles.xlsx,NLResults/NearestNeighbour/P10/XLSX_Files/NX64_1_NN.xlsx,NLResults/NearestNeighbour/P10/XLSX_Files/NX64_1_NN_2_5.xlsx,NLTracings/P10/20Jul2014_NX64_p10_stack1_problematic.DAT | NLTracings/P10/20Jul2014_NX64_p10_stack2_corrected.DAT,,multiple_tracing_candidates:2,complete_with_warnings
NX64_2,NX64,2,P10,NLResults/BasicAnalyses/P10/NX64_2_p10_0aligned1.xls,NLResults/Sholl/P10/NX64_2_Sholl2_5.xls,NLResults/Angles/P10/XLSX_Files/NX64_2_angles.xlsx,NLResults/NearestNeighbour/P10/XLSX_Files/NX64_2_NN.xlsx,NLResults/NearestNeighbour/P10/XLSX_Files/NX64_2_NN_2_5.xlsx,NLTracings/P10/20Jul2014_NX64_p10_stack1_problematic.DAT | NLTracings/P10/20Jul2014_NX64_p10_stack2_corrected.DAT,,multiple_tracing_candidates:2,complete_with_warnings
NX65_16,NX65,16,P10,NLResults/BasicAnalyses/P10/NX65_16_p10_0aligned1.xls,NLResults/Sholl/P10/NX65_16_Sholl2_5.xls,NLResults/Angles/P10/XLSX_Files/NX65_16_angles.xlsx,NLResults/NearestNeighbour/P10/XLSX_Files/NX65_16_NN.xlsx,NLResults/NearestNeighbour/P10/XLSX_Files/NX65_16_NN_2_5.xlsx,NLTracings/P10/16Aug2014_NX65_CCedge_analysis.DAT,,,complete
NX65_5,NX65,5,P10,NLResults/BasicAnalyses/P10/NX65_5_p10_0aligned1.xls,NLResults/Sholl/P10/NX65_5_Sholl2_5.xls,NLResults/Angles/P10/XLSX_Files/NX65_5_angles.xlsx,NLResults/NearestNeighbour/P10/XLSX_Files/NX65_5_NN.xlsx,NLResults/NearestNeighbour/P10/XLSX_Files/NX65_5_NN_2_5.xlsx,NLTracings/P10/16Aug2014_NX65_CCedge_analysis.DAT,,,complete
NX72_1,NX72,1,P10,NLResults/BasicAnalyses/P10/NX72_1_p10_0aligned1.xls,NLResults/Sholl/P10/NX72_1_Sholl2_5.xls,NLResults/Angles/P10/XLSX_Files/NX72_1_angles.xlsx,NLResults/NearestNeighbour/P10/XLSX_Files/NX72_1_NN.xlsx,NLResults/NearestNeighbour/P10/XLSX_Files/NX72_1_NN_2_5.xlsx,NLTracings/P10/22Jul2014_NX72_btm_p10_analysis_corrected.DAT | NLTracings/P10/22JulNX72_p10_cell2_analysis_corrected.DAT,,multiple_tracing_candidates:2,complete_with_warnings
NX72_2,NX72,2,P10,NLResults/BasicAnalyses/P10/NX72_2_p10_0aligned1.xls,NLResults/Sholl/P10/NX72_2_Sholl2_5.xls,NLResults/Angles/P10/XLSX_Files/NX72_2_angles.xlsx,NLResults/NearestNeighbour/P10/XLSX_Files/NX72_2_NN.xlsx,NLResults/NearestNeighbour/P10/XLSX_Files/NX72_2_NN_2_5.xlsx,NLTracings/P10/22Jul2014_NX72_btm_p10_analysis_corrected.DAT | NLTracings/P10/22JulNX72_p10_cell2_analysis_corrected.DAT,,multiple_tracing_candidates:2,complete_with_warnings
NX73_19,NX73,19,P10,NLResults/BasicAnalyses/P10/NX73_19_p10_0aligned1.xls,NLResults/Sholl/P10/NX73_19_Sholl2_5.xls,NLResults/Angles/P10/XLSX_Files/NX73_19_angles.xlsx,NLResults/NearestNeighbour/P10/XLSX_Files/NX73_19_NN.xlsx,NLResults/NearestNeighbour/P10/XLSX_Files/NX73_19_NN_2_5.xlsx,NLTracings/P10/19Sep_NX73_p10_smallcell_nomarks_corrected.DAT | NLTracings/P10/21JulNX73_p10_corrected.DAT,,multiple_tracing_candidates:2,complete_with_warnings
NX73_21,NX73,21,P10,NLResults/BasicAnalyses/P10/NX73_21_p10_0aligned1.xls,NLResults/Sholl/P10/NX73_21_Sholl2_5.xls,NLResults/Angles/P10/XLSX_Files/NX73_21_angles.xlsx,NLResults/NearestNeighbour/P10/XLSX_Files/NX73_21_NN.xlsx,NLResults/NearestNeighbour/P10/XLSX_Files/NX73_21_NN_2_5.xlsx,NLTracings/P10/19Sep_NX73_p10_smallcell_nomarks_corrected.DAT | NLTracings/P10/21JulNX73_p10_corrected.DAT,,multiple_tracing_candidates:2,complete_with_warnings
NX15_26,NX15,26,P20,NLResults/BasicAnalyses/P20/NX15_26_p20_0aligned1.xls,NLResults/Sholl/P20/NX15_26_Sholl2_5.xls,NLResults/Angles/P20/XLSX_Files/NX15_26_angles.xlsx,NLResults/NearestNeighbour/P20/XLSX_Files/NX15_26_NN.xlsx,NLResults/NearestNeighbour/P20/XLSX_Files/NX15_26_NN_2_5.xlsx,NLTracings/P20/24Jun2014_NX15_corrected.DAT | NLTracings/P20/26Jun2014_NX15_stack_corrected.DAT,,multiple_tracing_candidates:2,complete_with_warnings
NX16_1,NX16,1,P20,NLResults/BasicAnalyses/P20/NX16_1_p20_0aligned1.xls,NLResults/Sholl/P20/NX16_1_Sholl2_5.xls,NLResults/Angles/P20/XLSX_Files/NX16_1_angles.xlsx,NLResults/NearestNeighbour/P20/XLSX_Files/NX16_1_NN.xlsx,NLResults/NearestNeighbour/P20/XLSX_Files/NX16_1_NN_2_5.xlsx,NLTracings/P20/1JulNX16_p20_stack2_corrected.DAT | NLTracings/P20/1JulNX16_stack1_p20_analysis.DAT,,multiple_tracing_candidates:2,complete_with_warnings
NX16_2,NX16,2,P20,NLResults/BasicAnalyses/P20/NX16_2_p20_0aligned1.xls,NLResults/Sholl/P20/NX16_2_Sholl2_5.xls,NLResults/Angles/P20/XLSX_Files/NX16_2_angles.xlsx,NLResults/NearestNeighbour/P20/XLSX_Files/NX16_2_NN.xlsx,NLResults/NearestNeighbour/P20/XLSX_Files/NX16_2_NN_2_5.xlsx,NLTracings/P20/1JulNX16_p20_stack2_corrected.DAT | NLTracings/P20/1JulNX16_stack1_p20_analysis.DAT,,multiple_tracing_candidates:2,complete_with_warnings
NX57_11,NX57,11,P20,NLResults/BasicAnalyses/P20/NX57_11_p20_0aligned1.xls,NLResults/Sholl/P20/NX57_11_Sholl2_5.xls,NLResults/Angles/P20/XLSX_Files/NX57_11_angles.xlsx,NLResults/NearestNeighbour/P20/XLSX_Files/NX57_11_NN.xlsx,NLResults/NearestNeighbour/P20/XLSX_Files/NX57_11_NN_2_5.xlsx,NLTracings/P20/11Jun2014_NX57_p20_smallcell_corrected.DAT,,,complete
NX6_29,NX6,29,P20,NLResults/BasicAnalyses/P20/NX6_29_p20_0aligned1.xls,NLResults/Sholl/P20/NX6_29_Sholl2_5.xls,NLResults/Angles/P20/XLSX_Files/NX6_29_angles.xlsx,NLResults/NearestNeighbour/P20/XLSX_Files/NX6_29_NN.xlsx,NLResults/NearestNeighbour/P20/XLSX_Files/NX6_29_NN_2_5.xlsx,NLTracings/P20/29JunNX6_stack2_p20_corrected.DAT | NLTracings/P20/4Jul2014_NX6_p20_corrected.DAT,,multiple_tracing_candidates:2,complete_with_warnings
NX6_4,NX6,4,P20,NLResults/BasicAnalyses/P20/NX6_4_p20_0aligned1.xls,NLResults/Sholl/P20/NX6_4_Sholl2_5.xls,NLResults/Angles/P20/XLSX_Files/NX6_4_angles.xlsx,NLResults/NearestNeighbour/P20/XLSX_Files/NX6_4_NN.xlsx,NLResults/NearestNeighbour/P20/XLSX_Files/NX6_4_NN_2_5.xlsx,NLTracings/P20/29JunNX6_stack2_p20_corrected.DAT | NLTracings/P20/4Jul2014_NX6_p20_corrected.DAT,,multiple_tracing_candidates:2,complete_with_warnings
NX74_20,NX74,20,P20,NLResults/BasicAnalyses/P20/NX74_20_p20_0aligned1.xls,NLResults/Sholl/P20/NX74_20_Sholl2_5.xls,NLResults/Angles/P20/XLSX_Files/NX74_20_angles.xlsx,NLResults/NearestNeighbour/P20/XLSX_Files/NX74_20_NN.xlsx,NLResults/NearestNeighbour/P20/XLSX_Files/NX74_20_NN_2_5.xlsx,NLTracings/P20/20Sep2014_NX74_roundcell_corrected.DAT | NLTracings/P20/26Aug2014_NX74_corrected.DAT,,multiple_tracing_candidates:2,complete_with_warnings
NX74_26,NX74,26,P20,NLResults/BasicAnalyses/P20/NX74_26_p20_0aligned1.xls,NLResults/Sholl/P20/NX74_26_Sholl2_5.xls,NLResults/Angles/P20/XLSX_Files/NX74_26_angles.xlsx,NLResults/NearestNeighbour/P20/XLSX_Files/NX74_26_NN.xlsx,NLResults/NearestNeighbour/P20/XLSX_Files/NX74_26_NN_2_5.xlsx,NLTracings/P20/20Sep2014_NX74_roundcell_corrected.DAT | NLTracings/P20/26Aug2014_NX74_corrected.DAT,,multiple_tracing_candidates:2,complete_with_warnings
NX7_19,NX7,19,P20,NLResults/BasicAnalyses/P20/NX7_19_p20_0aligned1.xls,NLResults/Sholl/P20/NX7_19_Sholl2_5.xls,NLResults/Angles/P20/XLSX_Files/NX7_19_angles.xlsx,NLResults/NearestNeighbour/P20/XLSX_Files/NX7_19_NN.xlsx,NLResults/NearestNeighbour/P20/XLSX_Files/NX7_19_NN_2_5.xlsx,NLTracings/P20/19Jun2014_NX7_stack2_corrected_p20.DAT,,,complete
NX83_11,NX83,11,P20,NLResults/BasicAnalyses/P20/NX83_11_p20_0aligned1.xls,NLResults/Sholl/P20/NX83_11_Sholl2_5.xls,NLResults/Angles/P20/XLSX_Files/NX83_11_angles.xlsx,NLResults/NearestNeighbour/P20/XLSX_Files/NX83_11_NN.xlsx,NLResults/NearestNeighbour/P20/XLSX_Files/NX83_11_NN_2_5.xlsx,NLTracings/P20/11Jul2016_NX83_p20_corrected.DAT,,,complete
NX93_low,NX93,low,P20,NLResults/BasicAnalyses/P20/NX93_low_p20_0aligned1.xls,NLResults/Sholl/P20/NX93_low_Sholl2_5.xls,NLResults/Angles/P20/XLSX_Files/NX93_low_angles.xlsx,NLResults/NearestNeighbour/P20/XLSX_Files/NX93low_NN.xlsx,NLResults/NearestNeighbour/P20/XLSX_Files/NX93low_NN_2_5.xlsx,NLTracings/P20/3Jul2016_NX93_p20_bottomcell_corrected.DAT,,,complete
NX93_up,NX93,up,P20,NLResults/BasicAnalyses/P20/NX93_up_p20_0aligned1.xls,NLResults/Sholl/P20/NX93_up_Sholl2_5.xls,NLResults/Angles/P20/XLSX_Files/NX93_top_angles.xlsx,NLResults/NearestNeighbour/P20/XLSX_Files/NX93up_NN.xlsx,NLResults/NearestNeighbour/P20/XLSX_Files/NX93up_NN_2_5.xlsx,NLTracings/P20/3Jul2016_NX93_p20_bottomcell_corrected.DAT,,,complete
NX18_15,NX18,15,P50,NLResults/BasicAnalyses/P50/NX18_15_p50_0aligned1.xls,NLResults/Sholl/P50/NX18_15_Sholl2_5.xls,NLResults/Angles/P50/XLSX_Files/NX18_15_angles.xlsx,NLResults/NearestNeighbour/P50/XLSX_Files/NX18_15_NN.xlsx,NLResults/NearestNeighbour/P50/XLSX_Files/NX18_15_NN_2_5.xlsx,NLTracings/P50/15Jun2014_NX18_p50_analysis.DAT,,,complete
NX30_15,NX30,15,P50,NLResults/BasicAnalyses/P50/NX30_15_p50_0aligned1.xls,NLResults/Sholl/P50/NX30_15_Sholl2_5.xls,NLResults/Angles/P50/XLSX_Files/NX30_15_angles.xlsx,NLResults/NearestNeighbour/P50/XLSX_Files/NX30_15_NN.xlsx,NLResults/NearestNeighbour/P50/XLSX_Files/NX30_15_NN_2_5.xlsx,NLTracings/P50/15JulNX30_p50_stackup_corrected.DAT | NLTracings/P50/16JulNX30_p50_dwn_corrected.DAT,,multiple_tracing_candidates:2,complete_with_warnings
NX30_16,NX30,16,P50,NLResults/BasicAnalyses/P50/NX30_16_p50_0aligned1.xls,NLResults/Sholl/P50/NX30_16_Sholl2_5.xls,NLResults/Angles/P50/XLSX_Files/NX30_16_angles.xlsx,NLResults/NearestNeighbour/P50/XLSX_Files/NX30_16_NN.xlsx,NLResults/NearestNeighbour/P50/XLSX_Files/NX30_16_NN_2_5.xlsx,NLTracings/P50/15JulNX30_p50_stackup_corrected.DAT | NLTracings/P50/16JulNX30_p50_dwn_corrected.DAT,,multiple_tracing_candidates:2,complete_with_warnings
NX34_1,NX34,1,P50,NLResults/BasicAnalyses/P50/NX34_1_p50_0aligned1.xls,NLResults/Sholl/P50/NX34_1_Sholl2_5.xls,NLResults/Angles/P50/XLSX_Files/NX34_1_angles.xlsx,NLResults/NearestNeighbour/P50/XLSX_Files/NX34_1_NN.xlsx,NLResults/NearestNeighbour/P50/XLSX_Files/NX34_1_NN_2_5.xlsx,NLTracings/P50/12Jun2014_NX34_stack1_rep_p50_corrected.DAT | NLTracings/P50/12Jun2014_NX34_stack2_flat_corrected.DAT,,multiple_tracing_candidates:2,complete_with_warnings
NX34_2,NX34,2,P50,NLResults/BasicAnalyses/P50/NX34_2_p50_0aligned1.xls,NLResults/Sholl/P50/NX34_2_Sholl2_5.xls,NLResults/Angles/P50/XLSX_Files/NX34_2_angles.xlsx,NLResults/NearestNeighbour/P50/XLSX_Files/NX34_2_NN.xlsx,NLResults/NearestNeighbour/P50/XLSX_Files/NX34_2_NN_2_5.xlsx,NLTracings/P50/12Jun2014_NX34_stack1_rep_p50_corrected.DAT | NLTracings/P50/12Jun2014_NX34_stack2_flat_corrected.DAT,,multiple_tracing_candidates:2,complete_with_warnings
NX44_28,NX44,28,P50,NLResults/BasicAnalyses/P50/NX44_28_p50_0aligned1.xls,NLResults/Sholl/P50/NX44_28_Sholl2_5_STree.xls,NLResults/Angles/P50/XLSX_Files/NX44_28_angles.xlsx,NLResults/NearestNeighbour/P50/XLSX_Files/NX44_28_NN.xlsx,NLResults/NearestNeighbour/P50/XLSX_Files/NX44_28_NN_2_5.xlsx,NLTracings/P50/28Sep2014_NX44_p50_supertrees.DAT,,,complete
NX45_low,NX45,low,P50,NLResults/BasicAnalyses/P50/NX45_low_p50_0aligned1.xls,NLResults/Sholl/P50/NX45_low_Sholl2_5.xls,NLResults/Angles/P50/XLSX_Files/NX45_low_angles.xlsx,NLResults/NearestNeighbour/P50/XLSX_Files/NX45low_NN.xlsx,NLResults/NearestNeighbour/P50/XLSX_Files/NX45low_NN_2_5.xlsx,NLTracings/P50/10Oct2016_NX45_p50_lowercell_preanalysis.DAT | NLTracings/P50/10Oct2016_NX45_p50_uppercell_corrected.DAT,,multiple_tracing_candidates:2,complete_with_warnings
NX45_up,NX45,up,P50,NLResults/BasicAnalyses/P50/NX45_up_p50_0aligned1.xls,NLResults/Sholl/P50/NX45_up_Sholl2_5.xls,NLResults/Angles/P50/XLSX_Files/NX45_up_angles.xlsx,NLResults/NearestNeighbour/P50/XLSX_Files/NX45up_NN.xlsx,NLResults/NearestNeighbour/P50/XLSX_Files/NX45up_NN_2_5.xlsx,NLTracings/P50/10Oct2016_NX45_p50_lowercell_preanalysis.DAT | NLTracings/P50/10Oct2016_NX45_p50_uppercell_corrected.DAT,,multiple_tracing_candidates:2,complete_with_warnings
NX48_8,NX48,8,P50,NLResults/BasicAnalyses/P50/NX48_8_p50_0aligned1.xls,NLResults/Sholl/P50/NX48_8_Sholl2_5.xls,NLResults/Angles/P50/XLSX_Files/NX48_8_angles.xlsx,NLResults/NearestNeighbour/P50/XLSX_Files/NX48_8_NN.xlsx,NLResults/NearestNeighbour/P50/XLSX_Files/NX48_8_NN_2_5.xlsx,NLTracings/P50/8Oct2014_NX48_p50_stack2_VW_corrected.DAT,,,complete
NX80_16,NX80,16,P50,NLResults/BasicAnalyses/P50/NX80_16_p50_0aligned1.xls,NLResults/Sholl/P50/NX80_16_Sholl2_5.xls,,,,NLTracings/P50/16Nov2014_NX80_corrected.DAT | NLTracings/P50/23Nov2014_NX80_corrected.DAT,angles | nearest_neighbour,multiple_tracing_candidates:2,incomplete
NX80_23,NX80,23,P50,NLResults/BasicAnalyses/P50/NX80_23_p50_0aligned1.xls,NLResults/Sholl/P50/NX80_23_Sholl2_5.xls,,,,NLTracings/P50/16Nov2014_NX80_corrected.DAT | NLTracings/P50/23Nov2014_NX80_corrected.DAT,angles | nearest_neighbour,multiple_tracing_candidates:2,incomplete
NX89_16,NX89,16,P50,,,NLResults/Angles/P50/XLSX_Files/NX89_16_angles.xlsx,NLResults/NearestNeighbour/P50/XLSX_Files/NX89_16_NN.xlsx,NLResults/NearestNeighbour/P50/XLSX_Files/NX89_16_NN_2_5.xlsx,,basic_analysis | sholl,no_tracing_candidate,incomplete
NX89_23,NX89,23,P50,,,NLResults/Angles/P50/XLSX_Files/NX89_23_angles.xlsx,NLResults/NearestNeighbour/P50/XLSX_Files/NX89_23_NN.xlsx,NLResults/NearestNeighbour/P50/XLSX_Files/NX89_23_NN_2_5.xlsx,,basic_analysis | sholl,no_tracing_candidate,incomplete
NX90_20,NX90,20,P50,NLResults/BasicAnalyses/P50/NX90_20_p50_0aligned1.xls,NLResults/Sholl/P50/NX90_20_Sholl2_5.xls,NLResults/Angles/P50/XLSX_Files/NX90_20_angles.xlsx,NLResults/NearestNeighbour/P50/XLSX_Files/NX90_20_NN.xlsx,NLResults/NearestNeighbour/P50/XLSX_Files/NX90_20_NN_2_5.xlsx,NLTracings/P50/20Jun_NX90_TX2_1_p50_corrections.DAT | NLTracings/P50/22Apr2016_NX90_p50_stacks_all_OmeTif_corrected.DAT,,multiple_tracing_candidates:2,complete_with_warnings
NX90_22,NX90,22,P50,NLResults/BasicAnalyses/P50/NX90_22_p50_0aligned1.xls,NLResults/Sholl/P50/NX90_22_Sholl2_5.xls,NLResults/Angles/P50/XLSX_Files/NX90_22_angles.xlsx,NLResults/NearestNeighbour/P50/XLSX_Files/NX90_22_NN.xlsx,NLResults/NearestNeighbour/P50/XLSX_Files/NX90_22_NN_2_5.xlsx,NLTracings/P50/20Jun_NX90_TX2_1_p50_corrections.DAT | NLTracings/P50/22Apr2016_NX90_p50_stacks_all_OmeTif_corrected.DAT,,multiple_tracing_candidates:2,complete_with_warnings
