cell_id,age_group,n_segments,total_cable_length_um,maximum_branch_order,n_terminals,input_resistance_MOhm,tau_ms,tau_fit_r2,maximum_path_distance_um,mean_soma_normalised_attenuation,minimum_soma_normalised_attenuation,resting_stable,matrix_mode,n_transfer_rows,total_process_length_um,n_primary_trees,n_nodes_neurolucida,n_endings_neurolucida,complexity_neurolucida,soma_area_um2,n_reconstructed_segments,n_branch_segments,n_terminal_segments,mean_segment_length_um,median_segment_length_um,max_segment_order,mean_segment_order,mean_node_path_distance_um,max_node_path_distance_um,mean_node_tortuosity,max_radial_extent_um,peak_sholl_intersections,radius_at_peak_sholl_um,sholl_auc_intersections_um
NX15_26_P20,P20,737,1785.1,28,407,1113.8117092196694,19.125622331842237,0.9994898794911988,82.74999999999999,0.9694632232517044,0.9140638007499888,True,representative,81,1785.3,28,330,408,254468.0,121.073,737,330,737,2.4221166892808683,1.7,28.0,9.2876526458616,26.60060606060606,80.1,1.628777272727273,50.0,43.0,17.5,992.5
NX16_1_P20,P20,709,1859.3,20,382,1135.1135429677995,18.812646765889237,0.9989594713995126,59.6,0.9603866776699944,0.9225563753063434,True,representative,81,1858.8,14,327,382,536664.0,35.6174,709,327,709,2.622425952045134,1.8,20.0,9.86459802538787,25.06330275229358,58.8,1.6839296636085626,40.0,72.0,20.0,1080.0
NX16_2_P20,P20,635,2036.6,21,336,1037.329764897305,18.54875626043373,0.9985481487142452,56.5,0.9502965260389918,0.8941277401817168,True,representative,81,2037.0,13,299,336,487163.0,55.0373,635,299,635,3.207244094488189,2.3,21.0,8.551181102362206,23.70969899665552,53.4,1.6602548494983278,37.5,62.0,15.0,1157.5
NX18_15_P50,P50,578,1730.9,20,315,1111.1034115719974,19.49596653889722,0.9998134166384914,51.35,0.9829890640145,0.958670954076521,True,representative,81,1730.7,21,263,315,199686.0,154.686,578,263,578,2.9946366782006923,2.2,20.0,7.062283737024221,17.340304182509506,48.1,1.5337692015209126,47.5,53.0,22.5,1060.0
NX22_1_P10,P10,384,799.6,16,209,2334.2535727901745,19.72174528795094,0.9999424806453888,52.49999999999999,0.989728139197972,0.9688069190208226,True,representative,81,799.1,15,175,209,82521.3,90.4409,384,175,384,2.082291666666667,1.5,16.0,6.7578125,14.37257142857143,51.9,1.6152857142857149,27.5,35.0,12.5,452.5
NX22_4_P10,P10,523,1307.4,20,294,1498.4904182341054,19.461836420940973,0.999794701873711,44.24999999999999,0.980347948708486,0.9526770373598894,True,representative,81,1307.3,25,229,294,126235.0,93.5799,523,229,523,2.4998087954110897,1.9,20.0,7.674952198852773,17.515720524017468,42.6,1.4346681222707425,45.0,49.0,15.0,830.0
NX30_15_P50,P50,857,2946.3,21,471,724.2226810141148,18.509785122830237,0.9984758012860456,69.09999999999998,0.9502838716972892,0.8701490172995672,True,representative,81,2946.9,31,386,471,400783.0,55.2218,857,386,857,3.437922987164528,2.5,21.0,8.394399066511085,28.590932642487047,68.3,1.5194987046632122,55.0,74.0,17.5,1817.5
NX30_16_P50,P50,832,2242.6,21,451,936.0364452687604,18.471441616766747,0.9983772030433672,69.89999999999999,0.952108262323558,0.8948572019491637,True,representative,81,2243.8,20,381,451,526282.0,80.3088,832,381,832,2.695432692307693,1.9,21.0,9.75360576923077,24.321259842519684,69.3,1.6774488188976378,52.5,54.0,20.0,1235.0
NX34_1_P50,P50,610,1412.5,21,334,1418.0873107102514,18.988820270040357,0.9992687042250992,67.10000000000001,0.9664731451389688,0.9223236320976328,True,representative,81,1413.1,14,276,334,349227.0,91.5989,610,276,610,2.315573770491804,1.65,21.0,9.70983606557377,26.22463768115942,65.8,1.6218851449275362,55.0,28.0,20.0,850.0
NX34_2_P50,P50,754,1457.2,21,413,1366.1600184275017,19.25249906134354,0.9996128810957244,53.55,0.976490992500694,0.9375109972621978,True,representative,81,1458.5,21,341,413,283230.0,90.7653,754,341,754,1.93262599469496,1.4,21.0,9.328912466843502,19.501466275659823,51.7,1.6661466275659822,37.5,44.0,10.0,835.0
NX44_28_P50,P50,750,1565.9,26,408,1310.0967368636989,19.04317942662747,0.9993889347205144,54.6,0.967747524967379,0.9146334763156492,True,representative,81,1566.5,17,342,408,417786.0,61.6278,750,342,750,2.0878666666666668,1.5,26.0,10.426666666666666,21.716374269005847,54.4,1.3594298245614036,42.5,40.0,27.5,970.0
NX45_low_P50,P50,376,1048.7,14,208,1904.2682337036752,19.718617731112587,0.9999382842138204,40.24999999999999,0.9902505318202892,0.9789237887975084,True,representative,81,1048.0,19,168,208,72259.0,46.3513,376,168,376,2.7890957446808504,1.8,14.0,5.72872340425532,16.116666666666667,39.2,1.3717101190476189,50.0,32.0,25.0,660.0
NX45_up_P50,P50,736,1742.3,23,396,1213.2992032133557,18.739486102642665,0.998882571988038,61.35,0.959258734008306,0.9071280591760744,True,representative,81,1742.2,9,340,396,804315.0,34.9653,736,340,736,2.3672554347826087,1.6,23.0,9.720108695652174,25.02529411764706,59.8,1.4947938235294116,47.5,47.0,25.0,1057.5
NX48_8_P50,P50,482,1584.1,17,270,1288.44263125648,18.602038572985265,0.9987457115044328,68.39999999999999,0.9498300977302532,0.889219196977959,True,representative,81,1584.6,19,212,270,198494.0,94.0089,482,212,482,3.2865145228215766,2.3,17.0,8.29045643153527,28.12547169811321,67.1,1.6042221698113208,,,,
NX57_11_P20,P20,734,2040.2,19,405,994.082117074666,19.241479286694663,0.9996028856544532,58.6,0.9749624195496972,0.9249392374251824,True,representative,81,2039.3,27,329,405,251214.0,90.0772,734,329,734,2.7795640326975475,2.1,19.0,7.641689373297003,20.48693009118541,57.1,1.5231048632218844,,,,
NX5_22_P10,P10,665,1871.4,21,358,1080.485840439853,19.237826581540048,0.9996004937270064,57.2,0.9741099867304572,0.9213448471202804,True,representative,81,1869.4,17,307,358,358488.0,88.4176,665,307,665,2.814135338345865,2.0,21.0,8.505263157894737,20.442345276872963,55.6,1.805989250814332,42.5,81.0,10.0,1092.5
NX5_9_P10,P10,353,933.8,18,200,2036.0317002520603,19.501692943262345,0.999816792915986,46.8,0.9824669401998856,0.9643340861942934,True,representative,81,933.2,16,153,200,82176.5,94.3977,353,153,353,2.645325779036827,2.1,18.0,6.526912181303116,17.444444444444443,44.0,1.999183006535948,35.0,34.0,10.0,572.5
NX64_1_P10,P10,417,911.4,18,224,2156.6273039401053,19.590567596620605,0.9998750740809292,46.69999999999999,0.9860602030600576,0.9636024294151286,True,representative,81,911.8,11,193,224,152525.0,58.4045,417,193,417,2.185611510791367,1.6,18.0,7.496402877697841,16.72072538860104,44.5,1.5065435233160622,27.5,39.0,17.5,512.5
NX64_2_P10,P10,487,1343.8,21,267,1542.8238658858902,18.79159176139745,0.9990267051611108,57.00000000000001,0.9607786273627712,0.9063537540815224,True,representative,81,1343.4,15,220,267,241731.0,50.1773,487,220,487,2.759342915811088,2.0,21.0,9.542094455852157,22.952272727272728,53.9,1.4311527272727274,50.0,25.0,17.5,740.0
NX65_16_P10,P10,473,1461.9,18,263,1411.404473286548,18.767519984921424,0.9989027937518647,54.2,0.9601494959127478,0.9197008091693106,True,representative,81,1462.9,8,210,263,429534.0,62.3969,473,210,473,3.090697674418605,2.2,18.0,8.26215644820296,23.28190476190476,53.4,1.4384985714285714,45.0,47.0,22.5,887.5
NX65_5_P10,P10,498,1690.6,15,273,1213.609358006805,19.19620247788485,0.9995611759912412,59.35,0.974496966719538,0.926988622413654,True,representative,81,1690.4,22,225,273,140916.0,57.9198,498,225,498,3.394779116465864,2.2,15.0,6.126506024096385,20.584000000000003,57.9,1.6384142222222229,42.5,54.0,20.0,950.0
NX6_29_P20,P20,722,1934.0,24,386,1105.994035417535,18.245520328474868,0.9980118265797564,78.35000000000002,0.9387708379079088,0.8632378645964932,True,representative,81,1932.2,16,336,387,498262.0,49.2998,722,336,722,2.6786703601108037,1.9,24.0,10.023545706371191,29.68511904761905,77.4,2.104085714285714,40.0,70.0,15.0,1030.0
NX6_4_P20,P20,1203,3016.7,22,666,698.5098814318121,18.70731920150418,0.9989196327487236,61.90000000000001,0.958079209933388,0.8915878455462497,True,representative,81,3015.1,21,537,666,951921.0,73.7392,1203,537,1203,2.507647547797174,1.9,22.0,9.283458021612637,21.650093109869648,60.7,1.8805186219739292,50.0,102.0,17.5,1635.0
NX72_1_P10,P10,446,1354.4,16,258,1447.051002120486,19.560028970758296,0.9998691848026262,66.50000000000001,0.9862783570089876,0.9350403235797256,True,representative,81,1352.7,31,188,258,70647.4,92.1393,446,188,446,3.036771300448431,2.3,16.0,5.7847533632287,16.397340425531915,64.8,1.6499202127659574,35.0,55.0,12.5,732.5
NX72_2_P10,P10,617,1416.8,25,339,1426.167578924229,19.418523681260773,0.9997546908448156,48.45,0.9801381831926722,0.9479288883948808,True,representative,81,1415.4,22,278,339,221194.0,59.6424,617,278,617,2.296272285251216,1.7,25.0,9.52188006482982,17.742446043165465,48.0,1.706905035971223,32.5,52.0,12.5,725.0
NX73_19_P10,P10,300,1131.5,12,170,1788.3120682994231,19.487496251435164,0.999803660858118,46.65,0.984178799875594,0.9654191610443932,True,representative,81,1130.7,18,130,170,67970.3,43.5594,300,130,300,3.7716666666666665,2.7,12.0,5.88,18.027692307692305,42.6,1.6124946153846154,35.0,44.0,15.0,642.5
NX73_21_P10,P10,543,1405.2,19,312,1414.773629729116,19.4748558088104,0.9998126859934494,59.05,0.9818254519099172,0.9363647709558424,True,representative,81,1405.2,26,231,312,125985.0,79.3186,543,231,543,2.587845303867403,1.9,19.0,6.92633517495396,17.906926406926406,57.6,1.7140038961038964,37.5,54.0,12.5,790.0
NX74_20_P20,P20,639,2302.4,17,353,858.3876209274634,19.515285236142827,0.9998484682337784,59.25,0.9832629091828876,0.917384176570973,True,representative,81,2301.8,34,286,353,162004.0,140.692,639,286,639,3.603129890453834,2.5,17.0,6.236306729264475,16.59965034965035,57.1,1.7554576923076926,40.0,107.0,15.0,1305.0
NX74_26_P20,P20,748,2456.4,19,413,824.1806130381306,19.287482572115664,0.999626310618239,57.39999999999999,0.9762483865224996,0.948495885934714,True,representative,81,2455.3,31,335,413,251633.0,108.979,748,335,748,3.283957219251337,2.1,19.0,7.101604278074866,22.943283582089556,56.8,1.6071432835820894,45.0,75.0,20.0,1442.5
NX7_19_P20,P20,486,1480.8,20,269,1431.0818452888711,18.0014500427892,0.9973392291639018,73.99999999999999,0.9320307515066184,0.8597009774066482,True,representative,81,1482.0,14,217,269,286339.0,63.8152,486,217,486,3.046913580246914,2.0,20.0,9.44238683127572,30.88341013824885,69.1,1.5917769585253458,47.5,39.0,25.0,910.0
NX83_11_P20,P20,403,1297.9,16,220,1526.3425802033523,19.095477456768258,0.9994305039131076,48.25,0.9663426790554452,0.9300764161280152,True,representative,81,1298.4,15,183,220,149753.0,94.0259,403,183,403,3.22059553349876,2.4,16.0,7.166253101736973,23.959562841530055,45.9,1.4653016393442626,40.0,33.0,17.5,687.5
NX90_20_P50,P50,633,2011.0,18,345,1024.4480359705406,18.71219433257978,0.998822891354216,61.4,0.9562230838326616,0.8998104140605314,True,representative,81,2010.6,14,288,345,468323.0,92.7229,633,288,633,3.1769352290679307,2.3,18.0,8.791469194312796,26.793750000000003,60.4,1.571534375,52.5,47.0,15.0,1297.5
NX90_22_P50,P50,556,1981.8,18,304,1070.9071780846043,18.271206695513477,0.9980538989045616,59.05,0.9454364496038729,0.8662093727760395,True,representative,81,1981.5,8,252,304,773772.0,63.8765,556,252,556,3.5643884892086333,2.4,18.0,9.58093525179856,24.975,56.2,1.489229761904762,40.0,52.0,17.5,1095.0
NX93_low_P20,P20,480,1198.6,20,263,1674.588603690121,18.858285269233285,0.9992775499753744,61.00000000000001,0.9598978740046882,0.8824976200673942,True,representative,81,1199.3,13,217,263,216514.0,81.329,480,217,480,2.4970833333333338,2.0,20.0,8.227083333333333,23.422580645161293,60.5,1.8546170506912445,27.5,50.0,15.0,665.0
NX93_up_P20,P20,1153,2510.9,26,625,826.2451076281322,19.08112452081508,0.9993935518035114,57.650000000000006,0.968373514042792,0.9296648631549448,True,representative,81,2511.0,21,528,625,820254.0,68.0418,1153,528,1153,2.1777103209019946,1.5,26.0,10.3235039028621,20.783522727272725,55.8,1.5579070075757575,45.0,66.0,22.5,1357.5
